Name,Start,End,Size
FUN_00100000,0x00100000,0x00100340,832
FUN_00100340,0x00100340,0x001004C8,392
FUN_001004c8,0x001004C8,0x00100698,464
FUN_00100698,0x00100698,0x0010087C,484
FUN_00100880,0x00100880,0x00100A10,400
FUN_00100a10,0x00100A10,0x00100E4C,1084
FUN_00100e50,0x00100E50,0x00101008,440
FUN_00101008,0x00101008,0x00101200,504
FUN_00101200,0x00101200,0x001015B4,948
FUN_001015b8,0x001015B8,0x001016DC,292
FUN_001016e0,0x001016E0,0x00101718,56
FUN_00101890,0x00101890,0x001018D8,72
FUN_001018d8,0x001018D8,0x00101904,44
HandleEvents__Q29Animation14CAnimBehaviourRQ23RWS4CMsg,0x00101908,0x0010195C,84
AddZonalAnimation__Q29Animation14CAnimBehaviourPCQ23RWS7RWSGUID,0x00101960,0x001019C0,96
FUN_001019c0,0x001019C0,0x001019DC,28
FUN_001019e0,0x001019E0,0x001019EC,12
FUN_001019f0,0x001019F0,0x00101A18,40
FUN_00101a20,0x00101A20,0x00101A3C,28
FUN_00101a40,0x00101A40,0x00101A5C,28
GetBoneMatrix__CQ29Animation14CAnimBehaviourUi,0x00101A60,0x00101AA4,68
GetBoneMatrix__CQ29Animation14CAnimBehaviourUi,0x00101AA8,0x00101AEC,68
GetBoneMatrix__CQ29Animation14CAnimBehaviourUiR11RwMatrixTag,0x00101AF0,0x00101B9C,172
GetAnimationID__Q29Animation14CAnimBehaviourPCc,0x00101BA0,0x00101C50,176
FUN_00101c50,0x00101C50,0x00101CF4,164
FUN_00101cf8,0x00101CF8,0x00101D28,48
FUN_00101d28,0x00101D28,0x00101D34,12
FUN_00101d38,0x00101D38,0x00101F34,508
FUN_00101f38,0x00101F38,0x00102008,208
FUN_00102008,0x00102008,0x0010201C,20
FUN_00102020,0x00102020,0x0010203C,28
FUN_00102040,0x00102040,0x00102120,224
FUN_00102120,0x00102120,0x00102148,40
SwitchToDirectMode__Q29Animation14CAnimBehaviour,0x00102148,0x001021E8,160
FUN_001021e8,0x001021E8,0x00102254,108
FUN_00102258,0x00102258,0x0010232C,212
FUN_00102330,0x00102330,0x001023E0,176
FUN_001023e8,0x001023E8,0x001024A8,192
FUN_001024a8,0x001024A8,0x001024F8,80
FUN_001024f8,0x001024F8,0x00102530,56
FUN_00102530,0x00102530,0x0010253C,12
FUN_00102540,0x00102540,0x00102570,48
FUN_00102578,0x00102578,0x00102594,28
FUN_00102598,0x00102598,0x001025B4,28
FUN_001025b8,0x001025B8,0x001025D4,28
FUN_001025d8,0x001025D8,0x001025E0,8
FUN_001025e0,0x001025E0,0x00102600,32
AddEffectType__Q29Animation14CAnimBehaviourPCQ27Effects12SFX_add_info,0x00102600,0x0010288C,652
RemoveSFXTypes__Q29Animation14CAnimBehaviourUiUii,0x00102890,0x001029C4,308
DisconnectSFXSystem__Q29Animation14CAnimBehaviour,0x001029C8,0x00102B4C,388
UpdateSFX__Q29Animation14CAnimBehaviour,0x00102B50,0x00102D98,584
Create__Q39Animation14CAnimBehaviour16CallbackRegister,0x00102D98,0x00102E54,188
Unregister__Q39Animation14CAnimBehaviour16CallbackRegisterPQ29Animation14CAnimBehaviour,0x00102E60,0x00102F0C,172
FUN_00102f10,0x00102F10,0x00102F40,48
InstanceDestroyConstant__9AnimationPQ27Effects12SFX_instancePv,0x00102F40,0x00102FA0,96
GetMatrixByTag__9AnimationUiR11RwMatrixTagPv,0x00102FA0,0x0010308C,236
InstanceDestroyConstant__9AnimationPQ27Effects12SFX_instancePv,0x001030F0,0x00103150,96
InstanceDestroyConstant__9AnimationPQ27Effects12SFX_instancePv,0x00103150,0x001031B0,96
GetSFXAttatchType__9AnimationRQ27Effects17E_SFX_AttatchTypePv,0x001031B0,0x00103208,88
IsDataValid__9AnimationPv,0x00103208,0x0010324C,68
GetEffectsCallbacks__Q29Animation14CAnimBehaviourRQ27Effects22SFX_instance_callbacks,0x00103250,0x0010337C,300
FUN_00103380,0x00103380,0x00103430,176
FUN_00103430,0x00103430,0x00103448,24
FUN_00103448,0x00103448,0x00103474,44
FUN_00103480,0x00103480,0x001034AC,44
RemoveSFXType__Q29Animation14CAnimBehaviourUii,0x001034B0,0x00103540,144
DestroyConstantSFX__Q29Animation14CAnimBehaviour,0x00103540,0x001035B8,120
DestroyCurrentSFX__Q29Animation14CAnimBehaviourb,0x001035B8,0x001036D4,284
FUN_001036d8,0x001036D8,0x0010374C,116
KillCurrentSFX__Q29Animation14CAnimBehaviour,0x00103750,0x001037E4,148
RemoveSFXInstance__Q29Animation14CAnimBehaviourPQ27Effects12SFX_instance,0x001037E8,0x00103880,152
RemoveSFXInstance__Q29Animation14CAnimBehaviourPQ27Effects12SFX_instance,0x00103880,0x00103918,152
CreateHitEffect__Q29Animation14CAnimBehaviourPC5RwV3dT1b,0x00103918,0x00103A00,232
FUN_00103a00,0x00103A00,0x00103B64,356
FUN_00103b68,0x00103B68,0x00103CB8,336
FUN_00103cb8,0x00103CB8,0x00103E60,424
FUN_00103e60,0x00103E60,0x00104144,740
__static_initialization_and_destruction_0,0x00104148,0x001041BC,116
MakeNew__24CEnemySpecificPlayerAnimRCQ23RWS16CAttributePacket,0x001041D0,0x00104214,68
FUN_00104218,0x00104218,0x001042C4,172
FUN_001042e0,0x001042E0,0x00104300,32
FUN_00104300,0x00104300,0x00104320,32
FUN_00104320,0x00104320,0x00104498,376
FUN_00104498,0x00104498,0x001045CC,308
FUN_001045d0,0x001045D0,0x00104738,360
FUN_00104738,0x00104738,0x00104D18,1504
FUN_00104d18,0x00104D18,0x00105384,1644
FUN_00105388,0x00105388,0x0010555C,468
FUN_00105560,0x00105560,0x00105568,8
FUN_00105568,0x00105568,0x00105588,32
StartCombatSkeleton__Q29Animation15CCombatSkeletonUiP11RwMatrixTagPQ214ClumpBehaviour15CClumpBehaviour,0x00105588,0x001055EC,100
StartWeaponCapsuleSet__Q29Animation15CCombatSkeletonUiUi,0x001055F0,0x0010564C,92
FUN_00105650,0x00105650,0x0010581C,460
FUN_00105820,0x00105820,0x00105834,20
FUN_00105838,0x00105838,0x00105844,12
SetContext__Q29Animation15CCombatSkeletonP10RwpContext,0x00105848,0x0010589C,84
FUN_001058a0,0x001058A0,0x001058FC,92
FUN_00105900,0x00105900,0x00105A10,272
GetBoneIdFromCapsule__Q29Animation15CCombatSkeletonPv,0x00105A10,0x00105A7C,108
FUN_00105a80,0x00105A80,0x00105B24,164
FUN_00105b28,0x00105B28,0x00105B48,32
FUN_00105b48,0x00105B48,0x00106178,1584
FUN_00106178,0x00106178,0x001062E0,360
REC_001062f0,0x001062F0,0x001063AC,188
FUN_001063b8,0x001063B8,0x00106448,144
FUN_00106448,0x00106448,0x00106474,44
FUN_00106478,0x00106478,0x0010649C,36
FUN_001064a0,0x001064A0,0x00106598,248
FUN_00106598,0x00106598,0x0010668C,244
FUN_00106690,0x00106690,0x0010675C,204
FUN_00106760,0x00106760,0x00106818,184
FUN_00106820,0x00106820,0x00106924,260
FUN_00106928,0x00106928,0x00106930,8
FUN_00106930,0x00106930,0x001069B8,136
FUN_001069b8,0x001069B8,0x00106AC0,264
FUN_00106ac0,0x00106AC0,0x00106ACC,12
FUN_00106ad0,0x00106AD0,0x00106AD8,8
FUN_00106ad8,0x00106AD8,0x00106AF8,32
FUN_00106af8,0x00106AF8,0x00106C4C,340
__static_initialization_and_destruction_0,0x00106C50,0x00106CC4,116
MakeNew__24CEnemySpecificPlayerAnimRCQ23RWS16CAttributePacket,0x00106CC8,0x00106D0C,68
FUN_00106d10,0x00106D10,0x00106D88,120
FUN_00106d88,0x00106D88,0x00106E90,264
FUN_00106e90,0x00106E90,0x00106EF8,104
FUN_00106ef8,0x00106EF8,0x00106F80,136
FUN_00106f80,0x00106F80,0x00107030,176
FUN_00107030,0x00107030,0x00107050,32
FUN_00107050,0x00107050,0x00107070,32
Init__16CSimpleAnimationRCQ23RWS16CAttributePacket,0x00107070,0x00107268,504
HandleAttributes__16CSimpleAnimationRCQ23RWS16CAttributePacket,0x00107270,0x00107380,272
SimpleAnimationFinalise__16CSimpleAnimation,0x00107380,0x0010749C,284
SAnimationStop__16CSimpleAnimationf,0x001074A0,0x001077C4,804
FUN_001077c8,0x001077C8,0x001079DC,532
FUN_001079e0,0x001079E0,0x00107A18,56
FUN_00107a18,0x00107A18,0x00107A50,56
__16CSimpleAnimation,0x00107A68,0x00107AB4,76
___16CSimpleAnimation,0x00107AB8,0x00107B14,92
HandleEvents__16CSimpleAnimationRQ23RWS4CMsg,0x00107B18,0x00107B60,72
FUN_00107b60,0x00107B60,0x00107B68,8
FUN_00107b68,0x00107B68,0x00107B70,8
SetTime__16CSimpleAnimationf,0x00107B70,0x00107C2C,188
FUN_00107c30,0x00107C30,0x00107C38,8
FUN_00107c38,0x00107C38,0x00107C40,8
SAnimationStart__16CSimpleAnimation,0x00107C40,0x00107D20,224
SAnimationStop__16CSimpleAnimation,0x00107D20,0x00107D78,88
CSimpleAnimationVisCB__FP8RpAtomicPv,0x00107D78,0x00107DB8,64
REC_00107dc0,0x00107DC0,0x00107DE0,32
CheckAtomic__14CBoundsUpdaterP8RpAtomic,0x00107DE0,0x00107F58,376
Update__14CBoundsUpdater,0x00107F58,0x001081E8,656
___14CBoundsUpdater,0x001081F0,0x00108268,120
FUN_00108268,0x00108268,0x00108298,48
CreateFromClump__14CBoundsUpdaterP7RpClump,0x00108298,0x00108324,140
FUN_00108328,0x00108328,0x001084D0,424
FUN_001084d0,0x001084D0,0x0010866C,412
FUN_00108670,0x00108670,0x001086CC,92
FUN_001086e0,0x001086E0,0x0010871C,60
FUN_00108720,0x00108720,0x00108794,116
FUN_00108798,0x00108798,0x001087C4,44
FUN_001087c8,0x001087C8,0x00108850,136
FUN_00108850,0x00108850,0x001088F4,164
FUN_001088f8,0x001088F8,0x00108904,12
FUN_00108908,0x00108908,0x0010894C,68
FUN_00108950,0x00108950,0x00108980,48
FUN_00108980,0x00108980,0x00108988,8
FUN_00108988,0x00108988,0x001089B8,48
FUN_001089b8,0x001089B8,0x00108A00,72
FUN_00108a00,0x00108A00,0x00108A20,32
FUN_00108a20,0x00108A20,0x00108A40,32
FUN_00108a40,0x00108A40,0x00108EB4,1140
FUN_00108eb8,0x00108EB8,0x001094B0,1528
FUN_001094b0,0x001094B0,0x001095F0,320
FUN_001095f0,0x001095F0,0x00109804,532
FUN_00109808,0x00109808,0x00109B5C,852
FUN_00109b60,0x00109B60,0x00109CE8,392
FUN_00109ce8,0x00109CE8,0x00109E74,396
FUN_00109e78,0x00109E78,0x0010A050,472
FUN_0010a050,0x0010A050,0x0010A208,440
FUN_0010a208,0x0010A208,0x0010A304,252
FUN_0010a308,0x0010A308,0x0010A3D8,208
FUN_0010a3d8,0x0010A3D8,0x0010A4A8,208
FUN_0010a4a8,0x0010A4A8,0x0010ADB4,2316
FUN_0010adb8,0x0010ADB8,0x0010ADC4,12
FUN_0010adf8,0x0010ADF8,0x0010AE40,72
FUN_0010ae40,0x0010AE40,0x0010AF08,200
FUN_0010af08,0x0010AF08,0x0010AF28,32
FUN_0010af28,0x0010AF28,0x0010AF48,32
FUN_0010af48,0x0010AF48,0x0010AFE0,152
FUN_0010afe0,0x0010AFE0,0x0010B010,48
___Q25Audio7CueData,0x0010B010,0x0010B0BC,172
FUN_0010b0c0,0x0010B0C0,0x0010B0E0,32
FUN_0010b0e0,0x0010B0E0,0x0010B100,32
HandleAttributes__Q25Audio22CAudioLocatorBehaviourRCQ23RWS16CAttributePacket,0x0010B100,0x0010B1E8,232
FUN_0010b1e8,0x0010B1E8,0x0010B2F0,264
__static_initialization_and_destruction_0,0x0010B2F0,0x0010B364,116
MakeNew__24CEnemySpecificPlayerAnimRCQ23RWS16CAttributePacket,0x0010B368,0x0010B3AC,68
FUN_0010b3b0,0x0010B3B0,0x0010B450,160
FUN_0010b450,0x0010B450,0x0010B50C,188
FUN_0010b510,0x0010B510,0x0010B530,32
FUN_0010b530,0x0010B530,0x0010B550,32
FUN_0010b550,0x0010B550,0x0010B660,272
FUN_0010b660,0x0010B660,0x0010B8F0,656
__static_initialization_and_destruction_0,0x0010B8F0,0x0010B964,116
MakeNew__24CEnemySpecificPlayerAnimRCQ23RWS16CAttributePacket,0x0010B968,0x0010B9AC,68
FUN_0010b9b0,0x0010B9B0,0x0010BA70,192
FUN_0010ba70,0x0010BA70,0x0010BB3C,204
FUN_0010bb40,0x0010BB40,0x0010BB60,32
FUN_0010bb60,0x0010BB60,0x0010BB80,32
FUN_0010bb88,0x0010BB88,0x0010BCA4,284
FUN_0010bca8,0x0010BCA8,0x0010C09C,1012
FUN_0010c0a0,0x0010C0A0,0x0010C274,468
FUN_0010c278,0x0010C278,0x0010C3A0,296
FUN_0010c3a0,0x0010C3A0,0x0010C500,352
FUN_0010c500,0x0010C500,0x0010C68C,396
FUN_0010c690,0x0010C690,0x0010C8C4,564
FUN_0010c8c8,0x0010C8C8,0x0010CA90,456
FUN_0010ca90,0x0010CA90,0x0010CBF4,356
FUN_0010cbf8,0x0010CBF8,0x0010CE3C,580
FUN_0010ce40,0x0010CE40,0x0010CF80,320
FUN_0010cf80,0x0010CF80,0x0010D0A8,296
FUN_0010d0a8,0x0010D0A8,0x0010D1D8,304
FUN_0010d1d8,0x0010D1D8,0x0010D460,648
FUN_0010d460,0x0010D460,0x0010D908,1192
FUN_0010d908,0x0010D908,0x0010DB38,560
FUN_0010db38,0x0010DB38,0x0010E140,1544
__static_initialization_and_destruction_0,0x0010E140,0x0010E278,312
FUN_0010e278,0x0010E278,0x0010E2A0,40
EnableMusic__Q25Audio7Manager,0x0010E340,0x0010E398,88
FUN_0010e398,0x0010E398,0x0010E3B0,24
FUN_0010e3b0,0x0010E3B0,0x0010E43C,140
FUN_0010e440,0x0010E440,0x0010E4A8,104
FUN_0010e4a8,0x0010E4A8,0x0010E524,124
PurgePendingCues__Q25Audio7ManagerPCQ25Audio11CAudioRelay,0x0010E528,0x0010E570,72
FUN_0010e570,0x0010E570,0x0010E6AC,316
FUN_0010e6c0,0x0010E6C0,0x0010E75C,156
FUN_0010e760,0x0010E760,0x0010E808,168
FindPlayingCueRecord__Q25Audio7ManagerRCQ25Audio16PlayingCueRecord,0x0010E810,0x0010E880,112
FindPendingCueRecord__Q25Audio7ManagerRCQ25Audio16PendingCueRecord,0x0010E880,0x0010E8D4,84
FUN_0010e8e0,0x0010E8E0,0x0010E8FC,28
FUN_0010e900,0x0010E900,0x0010E908,8
FUN_0010e908,0x0010E908,0x0010E910,8
FUN_0010e910,0x0010E910,0x0010E918,8
FUN_0010e918,0x0010E918,0x0010E920,8
FUN_0010e920,0x0010E920,0x0010E9FC,220
FUN_0010ea00,0x0010EA00,0x0010EADC,220
FUN_0010eae0,0x0010EAE0,0x0010EBC4,228
FUN_0010ebc8,0x0010EBC8,0x0010ECA4,220
FUN_0010eca8,0x0010ECA8,0x0010ED04,92
FUN_0010ed08,0x0010ED08,0x0010ED28,32
FUN_0010ed28,0x0010ED28,0x0010ED48,32
FUN_0010ed48,0x0010ED48,0x0010EEA4,348
__static_initialization_and_destruction_0,0x0010EEA8,0x0010EF1C,116
MakeNew__24CEnemySpecificPlayerAnimRCQ23RWS16CAttributePacket,0x0010EF20,0x0010EF64,68
FUN_0010ef68,0x0010EF68,0x0010EF74,12
FUN_0010ef78,0x0010EF78,0x0010F030,184
FUN_0010f030,0x0010F030,0x0010F0B0,128
FUN_0010f0b8,0x0010F0B8,0x0010F0FC,68
FUN_0010f100,0x0010F100,0x0010F120,32
FUN_0010f120,0x0010F120,0x0010F140,32
FUN_0010f140,0x0010F140,0x0010F158,24
___Q25Audio11CAudioRelay,0x0010F158,0x0010F1C8,112
FUN_0010f1c8,0x0010F1C8,0x0010F1EC,36
FUN_0010f1f0,0x0010F1F0,0x0010F21C,44
FUN_0010f220,0x0010F220,0x0010F248,40
FUN_0010f248,0x0010F248,0x0010F274,44
FUN_0010f280,0x0010F280,0x0010F2A8,40
FUN_0010f2a8,0x0010F2A8,0x0010F2D0,40
FUN_0010f2d0,0x0010F2D0,0x0010F330,96
FUN_0010f330,0x0010F330,0x0010F398,104
GetCueHandle__CQ25Audio11CAudioRelayPCc,0x0010F398,0x0010F434,156
FUN_0010f438,0x0010F438,0x0010F518,224
FUN_0010f518,0x0010F518,0x0010F66C,340
FUN_0010f670,0x0010F670,0x0010F964,756
__static_initialization_and_destruction_0,0x0010F968,0x0010F9F8,144
MakeNew__24CEnemySpecificPlayerAnimRCQ23RWS16CAttributePacket,0x0010F9F8,0x0010FA3C,68
FUN_0010fa40,0x0010FA40,0x0010FA84,68
FUN_0010fa88,0x0010FA88,0x0010FBA8,288
FUN_0010fba8,0x0010FBA8,0x0010FC90,232
FUN_0010fc90,0x0010FC90,0x0010FCF4,100
FUN_0010fcf8,0x0010FCF8,0x0010FD18,32
FUN_0010fd18,0x0010FD18,0x0010FD38,32
FUN_0010fd38,0x0010FD38,0x0010FD58,32
FUN_0010fd58,0x0010FD58,0x001104F8,1952
FUN_001104f8,0x001104F8,0x001109B8,1216
FUN_001109b8,0x001109B8,0x00110D58,928
FUN_00110d58,0x00110D58,0x001111CC,1140
FUN_001111d0,0x001111D0,0x001115E0,1040
MakeNew__24CEnemySpecificPlayerAnimRCQ23RWS16CAttributePacket,0x001115E0,0x00111624,68
REC_00111630,0x00111630,0x00111650,32
FUN_00111650,0x00111650,0x00111670,32
FUN_00111670,0x00111670,0x00111800,400
FUN_00111800,0x00111800,0x00111838,56
FUN_00111890,0x00111890,0x00111974,228
___Q26Camera11CBaseCamera,0x00111978,0x00111A64,236
FUN_00111a68,0x00111A68,0x00111B08,160
SetFOV__Q26Camera11CBaseCameraf,0x00111B18,0x00111B6C,84
SetFacing__Q26Camera11CBaseCameraP11RwMatrixTagPC5RwV3dT2,0x00111B70,0x00111CF0,384
FUN_00111cf0,0x00111CF0,0x00111D10,32
FUN_00111d10,0x00111D10,0x00112018,776
FUN_00112018,0x00112018,0x00112168,336
FUN_00112168,0x00112168,0x0011230C,420
StartCameraTransition__Q26Camera15CCameraDirectoriib,0x00112310,0x001124F8,488
FUN_001124f8,0x001124F8,0x00112C6C,1908
FUN_00112c70,0x00112C70,0x00112E58,488
UpdateTargetZoom__Q26Camera15CCameraDirectorf,0x00112E58,0x00112FB4,348
FUN_00112fb8,0x00112FB8,0x001132F0,824
FUN_001132f0,0x001132F0,0x00113714,1060
FUN_00113718,0x00113718,0x00113900,488
FUN_00113900,0x00113900,0x00113A54,340
FUN_00113a78,0x00113A78,0x00113AB0,56
InitializeTransitionData__Q26Camera15CCameraDirector,0x00113AB8,0x00113B28,112
FUN_00113b28,0x00113B28,0x00113B48,32
InsertCamera__Q26Camera15CCameraDirectorPQ26Camera11CBaseCamera,0x00113B48,0x00113BA4,92
FUN_00113ba8,0x00113BA8,0x00113C54,172
FUN_00113c58,0x00113C58,0x00113CFC,164
SetSelectedCamera__Q26Camera15CCameraDirectorPQ26Camera11CBaseCamerab,0x00113D00,0x00113DB4,180
FUN_00113db8,0x00113DB8,0x00113E40,136
UpdateTime__Q36Camera15CCameraDirector11SmoothTimerf,0x00113E48,0x00113EB0,104
UpdateCameraTransition__Q26Camera15CCameraDirectorf,0x00113EB0,0x00113F80,208
FUN_00113f90,0x00113F90,0x00113FC8,56
FUN_00113fc8,0x00113FC8,0x00114058,144
FUN_00114058,0x00114058,0x00114078,32
FUN_00114078,0x00114078,0x00114098,32
UpdatePosAndOri__Q26Camera10CameraPairfP17StTrackingDetails,0x00114098,0x00114714,1660
Select__Q26Camera10CameraPair,0x00114718,0x001147C0,168
HandleAttributes__Q26Camera10CameraPairRCQ23RWS16CAttributePacket,0x001147C0,0x001149EC,556
__static_initialization_and_destruction_0,0x001149F0,0x00114A64,116
MakeNew__24CEnemySpecificPlayerAnimRCQ23RWS16CAttributePacket,0x00114A68,0x00114AAC,68
FUN_00114ab8,0x00114AB8,0x00114B5C,164
___Q26Camera10CameraPair,0x00114B60,0x00114BF0,144
GetTargetInfo__Q26Camera10CameraPairRfT1,0x00114BF0,0x00114CB0,192
ResetBehindTarget__Q26Camera10CameraPairfP17StTrackingDetails,0x00114CB0,0x00114D30,128
FUN_00114d30,0x00114D30,0x00114DB0,128
FUN_00114db0,0x00114DB0,0x00114DCC,28
FUN_00114dd0,0x00114DD0,0x00114DF0,32
FUN_00114df0,0x00114DF0,0x00114E10,32
FUN_00114e10,0x00114E10,0x0011500C,508
FUN_00115010,0x00115010,0x0011535C,844
FUN_00115360,0x00115360,0x001158D0,1392
FUN_001158d0,0x001158D0,0x00115C08,824
FUN_00115c08,0x00115C08,0x0011622C,1572
FUN_00116230,0x00116230,0x001163D8,424
FUN_001163d8,0x001163D8,0x00116A0C,1588
FUN_00116a10,0x00116A10,0x001172AC,2204
GetLookAtVector__Q26Camera11CBikeCameraR5RwV3d,0x001172B0,0x00117448,408
FUN_00117448,0x00117448,0x001177D8,912
FUN_001177d8,0x001177D8,0x00118AB4,4828
FUN_00118ab8,0x00118AB8,0x00119038,1408
__static_initialization_and_destruction_0,0x00119038,0x001190AC,116
FUN_001190b0,0x001190B0,0x001190E0,48
MakeNew__24CEnemySpecificPlayerAnimRCQ23RWS16CAttributePacket,0x001190E0,0x00119124,68
FUN_00119128,0x00119128,0x001191AC,132
FUN_001191b0,0x001191B0,0x001191B8,8
GetTargetInfo__Q26Camera11CBikeCameraRfT1,0x001191B8,0x00119244,140
Proc_Plane__Q26Camera17CConstraintCamera,0x00119248,0x001192D0,136
FUN_00119480,0x00119480,0x001194D4,84
FUN_00119510,0x00119510,0x001195E4,212
FUN_00119748,0x00119748,0x00119768,32
FUN_00119768,0x00119768,0x00119788,32
UpdatePosAndOri__Q26Camera17CControllerCamerafP17StTrackingDetails,0x00119788,0x00119B84,1020
HandleAttributes__Q26Camera17CControllerCameraRCQ23RWS16CAttributePacket,0x00119B88,0x00119D2C,420
__static_initialization_and_destruction_0,0x00119D30,0x00119DA4,116
MakeNew__24CEnemySpecificPlayerAnimRCQ23RWS16CAttributePacket,0x00119DA8,0x00119DEC,68
FUN_00119df0,0x00119DF0,0x00119E78,136
___Q26Camera17CControllerCamera,0x00119E78,0x00119F68,240
FUN_00119f78,0x00119F78,0x00119F98,32
FUN_00119f98,0x00119F98,0x00119FB8,32
FUN_00119fb8,0x00119FB8,0x0011A0E8,304
BuildNodeList__Q26Camera10CFmaCamera,0x0011A0E8,0x0011A530,1096
UpdatePosAndOri__Q26Camera10CFmaCamerafP17StTrackingDetails,0x0011A530,0x0011AF34,2564
FUN_0011af38,0x0011AF38,0x0011B0B4,380
HandleEvents__Q26Camera10CFmaCameraRQ23RWS4CMsg,0x0011B0B8,0x0011B27C,452
DeSelect__Q26Camera10CFmaCamera,0x0011B280,0x0011B37C,252
SetCurrentNode__Q26Camera10CFmaCameraPQ26Camera14CFmaCameraNode,0x0011B380,0x0011B764,996
__static_initialization_and_destruction_0,0x0011B768,0x0011B844,220
MakeNew__24CEnemySpecificPlayerAnimRCQ23RWS16CAttributePacket,0x0011B848,0x0011B88C,68
MakeNew__24CEnemySpecificPlayerAnimRCQ23RWS16CAttributePacket,0x0011B890,0x0011B8D4,68
__Q26Camera14CFmaCameraNodeRCQ23RWS16CAttributePacket,0x0011B8E8,0x0011B9AC,196
___Q26Camera14CFmaCameraNode,0x0011B9B0,0x0011BA6C,188
HandleEvents__Q26Camera14CFmaCameraNodeRQ23RWS4CMsg,0x0011BA70,0x0011BAB0,64
FUN_0011bab0,0x0011BAB0,0x0011BBC4,276
___Q26Camera10CameraPair,0x0011BBC8,0x0011BC58,144
FUN_0011bc58,0x0011BC58,0x0011BC78,32
FUN_0011bc78,0x0011BC78,0x0011BC98,32
UpdatePosAndOri__Q26Camera13CFollowCamerafP17StTrackingDetails,0x0011BC98,0x0011BEF0,600
FUN_0011bef0,0x0011BEF0,0x0011BFDC,236
__static_initialization_and_destruction_0,0x0011BFE0,0x0011C054,116
MakeNew__24CEnemySpecificPlayerAnimRCQ23RWS16CAttributePacket,0x0011C058,0x0011C09C,68
__Q210Objectives19CObjective_BikeDataRCQ23RWS16CAttributePacket,0x0011C0A0,0x0011C0E4,68
FUN_0011c0e8,0x0011C0E8,0x0011C118,48
FUN_0011c130,0x0011C130,0x0011C150,32
FUN_0011c150,0x0011C150,0x0011C170,32
FUN_0011c170,0x0011C170,0x0011C3C8,600
FUN_0011c3c8,0x0011C3C8,0x0011C628,608
FUN_0011c628,0x0011C628,0x0011C7D8,432
__static_initialization_and_destruction_0,0x0011C7D8,0x0011C84C,116
MakeNew__24CEnemySpecificPlayerAnimRCQ23RWS16CAttributePacket,0x0011C850,0x0011C894,68
FUN_0011c8a0,0x0011C8A0,0x0011C968,200
FUN_0011c968,0x0011C968,0x0011CA50,232
FUN_0011ca88,0x0011CA88,0x0011CAA8,32
FUN_0011caa8,0x0011CAA8,0x0011CAC8,32
FUN_0011cac8,0x0011CAC8,0x0011D4D4,2572
FUN_0011d4d8,0x0011D4D8,0x0011D748,624
__static_initialization_and_destruction_0,0x0011D748,0x0011D7BC,116
MakeNew__24CEnemySpecificPlayerAnimRCQ23RWS16CAttributePacket,0x0011D7C0,0x0011D804,68
FUN_0011d820,0x0011D820,0x0011D894,116
FUN_0011d898,0x0011D898,0x0011D8C8,48
FUN_0011d8c8,0x0011D8C8,0x0011D94C,132
FUN_0011d950,0x0011D950,0x0011D994,68
FUN_0011d998,0x0011D998,0x0011D9B8,32
FUN_0011d9b8,0x0011D9B8,0x0011D9D8,32
FUN_0011d9d8,0x0011D9D8,0x0011DAD0,248
FUN_0011dad0,0x0011DAD0,0x0011DCA4,468
FUN_0011dca8,0x0011DCA8,0x0011E0EC,1092
FUN_0011e0f0,0x0011E0F0,0x0011E26C,380
FUN_0011e270,0x0011E270,0x0011E614,932
FUN_0011e618,0x0011E618,0x0011E95C,836
__static_initialization_and_destruction_0,0x0011E960,0x0011E9D4,116
FUN_0011e9d8,0x0011E9D8,0x0011E9F8,32
MakeNew__24CEnemySpecificPlayerAnimRCQ23RWS16CAttributePacket,0x0011E9F8,0x0011EA3C,68
FUN_0011ea48,0x0011EA48,0x0011EB10,200
FUN_0011eb10,0x0011EB10,0x0011EBA8,152
FUN_0011ebc0,0x0011EBC0,0x0011ED08,328
FUN_0011ed20,0x0011ED20,0x0011EE24,260
FUN_0011ee28,0x0011EE28,0x0011EEF4,204
FUN_0011eef8,0x0011EEF8,0x0011EFA4,172
FUN_0011efa8,0x0011EFA8,0x0011EFC8,32
FUN_0011efc8,0x0011EFC8,0x0011EFE8,32
FUN_0011efe8,0x0011EFE8,0x0011F21C,564
__static_initialization_and_destruction_0,0x0011F220,0x0011F294,116
MakeNew__24CEnemySpecificPlayerAnimRCQ23RWS16CAttributePacket,0x0011F298,0x0011F2DC,68
FUN_0011f2e0,0x0011F2E0,0x0011F368,136
FUN_0011f368,0x0011F368,0x0011F420,184
FUN_0011f420,0x0011F420,0x0011F4A4,132
FUN_0011f4a8,0x0011F4A8,0x0011F4E8,64
BoneMatrix__Q24Boss3SfxUiR11RwMatrixTagPv,0x0011F518,0x0011F56C,84
FUN_0011f598,0x0011F598,0x0011F654,188
FUN_0011f658,0x0011F658,0x0011F724,204
FUN_0011f728,0x0011F728,0x0011F748,32
FUN_0011f748,0x0011F748,0x0011F768,32
FUN_0011f768,0x0011F768,0x0011FF2C,1988
FUN_0011ff30,0x0011FF30,0x001201FC,716
FUN_00120200,0x00120200,0x00120B94,2452
AddCombatCollision__Q210Characters19CCharacterBehaviourPCQ23RWS7RWSGUID,0x00120B98,0x00120E0C,628
FUN_00120e10,0x00120E10,0x00120F94,388
FUN_00120f98,0x00120F98,0x00121454,1212
FUN_00121458,0x00121458,0x00121AEC,1684
FUN_00121af0,0x00121AF0,0x001229B4,3780
FUN_001229b8,0x001229B8,0x00122AE0,296
FUN_00122ae0,0x00122AE0,0x00123024,1348
FUN_00123028,0x00123028,0x00123480,1112
FUN_00123480,0x00123480,0x0012381C,924
FUN_00123820,0x00123820,0x00123B78,856
FUN_00123b78,0x00123B78,0x00123CD8,352
FUN_00123cd8,0x00123CD8,0x00123F00,552
FUN_00123f00,0x00123F00,0x001242C0,960
FUN_001242c0,0x001242C0,0x00124420,352
FUN_00124420,0x00124420,0x00124650,560
FUN_00124650,0x00124650,0x00124738,232
FUN_00124738,0x00124738,0x0012484C,276
State_Dead_End__Q210Characters19CCharacterBehaviour,0x00124850,0x0012491C,204
FUN_00124920,0x00124920,0x00124FEC,1740
HandleRangeDamageEvent__Q210Characters19CCharacterBehaviourRQ27Weapons21sRangeDamageArea_Info,0x00124FF0,0x001250F0,256
FUN_001250f0,0x001250F0,0x001252E8,504
GetColliderSphere__CQ210Characters19CCharacterBehaviourR8RwSphere,0x001252E8,0x00125360,120
FUN_00125360,0x00125360,0x0012537C,28
FUN_00125380,0x00125380,0x001253B8,56
FUN_00125450,0x00125450,0x0012547C,44
FUN_00125690,0x00125690,0x00125768,216
FUN_00125768,0x00125768,0x001257B0,72
FUN_001257b0,0x001257B0,0x0012586C,188
SetupStateMachineAnimIndexes__Q210Characters19CCharacterBehaviour,0x00125870,0x0012590C,156
FUN_00125910,0x00125910,0x001259D8,200
FUN_001259d8,0x001259D8,0x00125ACC,244
FindProjectileResource__Q210Characters19CCharacterBehaviourPCcUi,0x00125AD0,0x00125BE0,272
FUN_00125be0,0x00125BE0,0x00125C4C,108
AddStateTable__Q210Characters19CCharacterBehaviourPCQ23RWS7RWSGUID,0x00125C50,0x00125CDC,140
DestroyCollisionCapsule__Q210Characters19CCharacterBehaviour,0x00125CE0,0x00125D68,136
FUN_00125d68,0x00125D68,0x00125D90,40
FUN_00125d90,0x00125D90,0x00125E90,256
FUN_00125e90,0x00125E90,0x00125EB8,40
FUN_00125eb8,0x00125EB8,0x00125EEC,52
FUN_00125ef0,0x00125EF0,0x00125F44,84
FUN_00125f48,0x00125F48,0x00125F9C,84
ProcessStaticMovement__Q210Characters19CCharacterBehaviourf,0x00125FA0,0x00126010,112
FUN_00126010,0x00126010,0x00126094,132
FUN_00126098,0x00126098,0x00126100,104
FUN_00126100,0x00126100,0x00126170,112
FUN_00126170,0x00126170,0x00126248,216
FUN_00126248,0x00126248,0x00126274,44
FUN_00126278,0x00126278,0x001262A0,40
SetBlockingHit__Q210Characters19CCharacterBehaviourPQ27Physics9CCollider,0x001262D8,0x00126330,88
SetBlockingHit__Q210Characters19CCharacterBehaviourPC5RwV3d,0x00126330,0x00126438,264
FUN_00126438,0x00126438,0x001264AC,116
FUN_001264b0,0x001264B0,0x00126514,100
FUN_00126518,0x00126518,0x001265C8,176
FUN_001265c8,0x001265C8,0x00126714,332
FUN_00126718,0x00126718,0x0012676C,84
FUN_00126770,0x00126770,0x00126834,196
FUN_00126838,0x00126838,0x00126850,24
FUN_00126850,0x00126850,0x00126874,36
FUN_00126878,0x00126878,0x001268F4,124
FUN_001268f8,0x001268F8,0x001269C0,200
State_Next__Q210Characters19CCharacterBehaviour,0x001269C0,0x00126A20,96
FUN_00126a20,0x00126A20,0x00126A28,8
State_Spawn_Setup__Q210Characters19CCharacterBehaviourb,0x00126A28,0x00126A6C,68
State_Spawn_Update__Q210Characters19CCharacterBehaviourf,0x00126A70,0x00126B48,216
FUN_00126b48,0x00126B48,0x00126B94,76
FUN_00126b98,0x00126B98,0x00126BD8,64
FUN_00126bd8,0x00126BD8,0x00126C4C,116
FUN_00126c50,0x00126C50,0x00126C58,8
FUN_00126c58,0x00126C58,0x00126CFC,164
FUN_00126d00,0x00126D00,0x00126D8C,140
REC_00126d98,0x00126D98,0x00126E0C,116
SetZoneInfo__Q210Characters19CCharacterBehaviourRPCcT1,0x00126E10,0x00126E90,128
FUN_00126e90,0x00126E90,0x00126EA4,20
FUN_00126ea8,0x00126EA8,0x00126EB8,16
FUN_00126eb8,0x00126EB8,0x00126EF8,64
FUN_00126ef8,0x00126EF8,0x00126F20,40
FUN_00126f20,0x00126F20,0x00126F8C,108
FUN_00126f90,0x00126F90,0x00126FB8,40
FUN_00126fb8,0x00126FB8,0x00127010,88
FUN_00127010,0x00127010,0x0012702C,28
FUN_00127030,0x00127030,0x001270E0,176
FUN_001270e0,0x001270E0,0x0012714C,108
FUN_00127150,0x00127150,0x00127170,32
FUN_00127170,0x00127170,0x00127190,32
FUN_00127190,0x00127190,0x001272D8,328
FUN_001272e0,0x001272E0,0x00127630,848
FUN_00127638,0x00127638,0x00127718,224
FUN_00127718,0x00127718,0x00127D80,1640
FUN_00127d80,0x00127D80,0x00128148,968
FUN_00128148,0x00128148,0x00128424,732
FUN_00128428,0x00128428,0x001285A8,384
FUN_001285a8,0x001285A8,0x00128FE8,2624
FUN_00128fe8,0x00128FE8,0x001291CC,484
FUN_001291d0,0x001291D0,0x001296B8,1256
FUN_001296b8,0x001296B8,0x0012987C,452
FUN_00129880,0x00129880,0x001299E4,356
FUN_001299e8,0x001299E8,0x00129B70,392
FUN_00129b70,0x00129B70,0x0012A490,2336
FUN_0012a490,0x0012A490,0x0012AEB4,2596
FUN_0012aeb8,0x0012AEB8,0x0012B1C4,780
FUN_0012b1c8,0x0012B1C8,0x0012B3F0,552
FUN_0012b3f0,0x0012B3F0,0x0012B580,400
__static_initialization_and_destruction_0,0x0012B580,0x0012B610,144
FUN_0012b610,0x0012B610,0x0012B630,32
MakeNew__24CEnemySpecificPlayerAnimRCQ23RWS16CAttributePacket,0x0012B630,0x0012B674,68
FUN_0012b680,0x0012B680,0x0012B6E0,96
FUN_0012b750,0x0012B750,0x0012B780,48
FUN_0012b7a8,0x0012B7A8,0x0012B8E0,312
FUN_0012b8e0,0x0012B8E0,0x0012B914,52
FUN_0012b918,0x0012B918,0x0012B94C,52
REC_0012b960,0x0012B960,0x0012B99C,60
FUN_0012b9f0,0x0012B9F0,0x0012BA44,84
REC_0012ba50,0x0012BA50,0x0012BA6C,28
FUN_0012ba70,0x0012BA70,0x0012BA8C,28
FUN_0012ba90,0x0012BA90,0x0012BB30,160
FUN_0012bb30,0x0012BB30,0x0012BB4C,28
FUN_0012bb50,0x0012BB50,0x0012BBA0,80
FUN_0012bba0,0x0012BBA0,0x0012BBD0,48
FUN_0012bbd0,0x0012BBD0,0x0012BC40,112
FUN_0012bc40,0x0012BC40,0x0012BC5C,28
FUN_0012bc60,0x0012BC60,0x0012BCE0,128
FUN_0012bce0,0x0012BCE0,0x0012BCFC,28
REC_0012bd08,0x0012BD08,0x0012BD44,60
FUN_0012bd48,0x0012BD48,0x0012BD68,32
FUN_0012bd68,0x0012BD68,0x0012BD88,32
FUN_0012bd88,0x0012BD88,0x0012BE90,264
__static_initialization_and_destruction_0,0x0012BE90,0x0012BF04,116
MakeNew__24CEnemySpecificPlayerAnimRCQ23RWS16CAttributePacket,0x0012BF08,0x0012BF4C,68
FUN_0012bf50,0x0012BF50,0x0012BFC0,112
___12CSmartPickup,0x0012BFC0,0x0012C024,100
FUN_0012c028,0x0012C028,0x0012C0BC,148
FUN_0012c0c0,0x0012C0C0,0x0012C0E0,32
FUN_0012c0e0,0x0012C0E0,0x0012C100,32
FUN_0012c100,0x0012C100,0x0012C250,336
FUN_0012c250,0x0012C250,0x0012C3AC,348
FUN_0012c3b0,0x0012C3B0,0x0012D250,3744
FUN_0012d250,0x0012D250,0x0012D9E4,1940
FUN_0012d9e8,0x0012D9E8,0x0012E29C,2228
FUN_0012e2a0,0x0012E2A0,0x0012F020,3456
FUN_0012f020,0x0012F020,0x0012F13C,284
FUN_0012f140,0x0012F140,0x0012F858,1816
FUN_0012f858,0x0012F858,0x00130024,1996
FUN_00130028,0x00130028,0x001300F0,200
FUN_001300f0,0x001300F0,0x001314D4,5092
FUN_001314d8,0x001314D8,0x00131680,424
FUN_00131680,0x00131680,0x00131810,400
FUN_00131810,0x00131810,0x00131BA0,912
FUN_00131ba0,0x00131BA0,0x00131CE0,320
FUN_00131ce0,0x00131CE0,0x00131EEC,524
FUN_00131ef0,0x00131EF0,0x00131FE8,248
FUN_00131fe8,0x00131FE8,0x00132340,856
FUN_00132340,0x00132340,0x001324D8,408
FUN_001324d8,0x001324D8,0x0013288C,948
FUN_00132890,0x00132890,0x00133064,2004
FUN_00133068,0x00133068,0x00133238,464
FUN_00133238,0x00133238,0x0013343C,516
FUN_00133440,0x00133440,0x001335B4,372
FUN_001335b8,0x001335B8,0x00133BB0,1528
FUN_00133bb0,0x00133BB0,0x00133F04,852
FUN_00133f08,0x00133F08,0x001342A4,924
FUN_001342a8,0x001342A8,0x00134714,1132
FUN_00134718,0x00134718,0x00134C0C,1268
FUN_00134c10,0x00134C10,0x00134DB0,416
FUN_00134db0,0x00134DB0,0x00134FC4,532
FUN_00134fc8,0x00134FC8,0x00135150,392
FUN_00135150,0x00135150,0x00135420,720
FUN_00135420,0x00135420,0x001358F0,1232
FUN_001358f0,0x001358F0,0x00135EA0,1456
FUN_00135ea0,0x00135EA0,0x00136144,676
FUN_00136148,0x00136148,0x001364A0,856
FUN_001364a0,0x001364A0,0x001366F0,592
FUN_001366f0,0x001366F0,0x001368A8,440
FUN_001368a8,0x001368A8,0x00136A04,348
FUN_00136a08,0x00136A08,0x00136CC8,704
MakeNew__24CEnemySpecificPlayerAnimRCQ23RWS16CAttributePacket,0x00136CC8,0x00136D0C,68
REC_00136d18,0x00136D18,0x00136D64,76
REC_00136e08,0x00136E08,0x00136E24,28
FUN_00136e28,0x00136E28,0x00136E44,28
FUN_00136e48,0x00136E48,0x00136EB0,104
FUN_00136eb0,0x00136EB0,0x00136EE4,52
FUN_00136ee8,0x00136EE8,0x00136F7C,148
FUN_00136fd8,0x00136FD8,0x00137054,124
FUN_00137058,0x00137058,0x00137118,192
FUN_00137118,0x00137118,0x00137180,104
FUN_00137180,0x00137180,0x0013719C,28
FUN_001371a0,0x001371A0,0x001371C8,40
FUN_001371c8,0x001371C8,0x0013720C,68
FUN_00137210,0x00137210,0x0013722C,28
FUN_00137230,0x00137230,0x001372A0,112
FUN_001372a0,0x001372A0,0x001372C8,40
FUN_001372c8,0x001372C8,0x00137314,76
FUN_00137318,0x00137318,0x001373A0,136
FUN_001373a0,0x001373A0,0x00137508,360
FUN_00137508,0x00137508,0x0013754C,68
FUN_00137550,0x00137550,0x0013759C,76
FUN_001375a0,0x001375A0,0x001375BC,28
FUN_001375c0,0x001375C0,0x001375DC,28
FUN_001375e0,0x001375E0,0x00137650,112
FUN_00137650,0x00137650,0x00137690,64
FUN_00137690,0x00137690,0x001376D4,68
FUN_001376d8,0x001376D8,0x00137710,56
FUN_00137710,0x00137710,0x00137784,116
FUN_00137788,0x00137788,0x001377B4,44
FUN_001377b8,0x001377B8,0x00137814,92
FUN_00137818,0x00137818,0x00137914,252
FUN_00137940,0x00137940,0x00137950,16
FUN_00137950,0x00137950,0x001379A0,80
FUN_001379a0,0x001379A0,0x001379C8,40
FUN_001379c8,0x001379C8,0x00137A18,80
FUN_00137a18,0x00137A18,0x00137A20,8
FUN_00137a20,0x00137A20,0x00137A60,64
FUN_00137a60,0x00137A60,0x00137A94,52
FUN_00137a98,0x00137A98,0x00137AC4,44
FUN_00137ac8,0x00137AC8,0x00137B2C,100
FUN_00137b30,0x00137B30,0x00137BCC,156
FUN_00137bd0,0x00137BD0,0x00137C3C,108
FUN_00137c40,0x00137C40,0x00137CC4,132
FUN_00137cc8,0x00137CC8,0x00137D10,72
FUN_00137d10,0x00137D10,0x00137D30,32
FUN_00137d30,0x00137D30,0x00137D50,32
FUN_00137d50,0x00137D50,0x00137F04,436
FUN_00137f08,0x00137F08,0x001387D0,2248
FUN_001387d0,0x001387D0,0x00138B78,936
FUN_00138b78,0x00138B78,0x00138D0C,404
FUN_00138d10,0x00138D10,0x00138D58,72
FUN_00138d58,0x00138D58,0x00138DAC,84
FUN_00138db0,0x00138DB0,0x00138E84,212
BoneMatrix__Q24Boss3SfxUiR11RwMatrixTagPv,0x00138E88,0x00138EDC,84
FUN_00138ee0,0x00138EE0,0x00138F70,144
FUN_00138f70,0x00138F70,0x00138FCC,92
BoneMatrix__Q24Boss3SfxUiR11RwMatrixTagPv,0x00138FD8,0x0013902C,84
FUN_00139030,0x00139030,0x001390DC,172
FUN_001390e8,0x001390E8,0x00139104,28
FUN_00139108,0x00139108,0x00139120,24
FUN_00139120,0x00139120,0x00139138,24
FUN_00139138,0x00139138,0x001391C0,136
FUN_001391c0,0x001391C0,0x00139260,160
FUN_00139268,0x00139268,0x00139350,232
FUN_00139350,0x00139350,0x001394C0,368
FUN_001394c0,0x001394C0,0x0013965C,412
FUN_00139660,0x00139660,0x00139A64,1028
FUN_00139a68,0x00139A68,0x00139D28,704
FUN_00139d28,0x00139D28,0x00139FF0,712
FUN_00139ff0,0x00139FF0,0x0013A144,340
MakeNew__24CEnemySpecificPlayerAnimRCQ23RWS16CAttributePacket,0x0013A148,0x0013A18C,68
FUN_0013a190,0x0013A190,0x0013A1B0,32
FUN_0013a1c0,0x0013A1C0,0x0013A234,116
FUN_0013a238,0x0013A238,0x0013A2DC,164
FUN_0013a2e0,0x0013A2E0,0x0013A324,68
FUN_0013a328,0x0013A328,0x0013A444,284
FUN_0013a448,0x0013A448,0x0013A534,236
FUN_0013a538,0x0013A538,0x0013A5D8,160
FUN_0013a5d8,0x0013A5D8,0x0013A604,44
FUN_0013a608,0x0013A608,0x0013A628,32
FUN_0013a628,0x0013A628,0x0013A648,32
FUN_0013a648,0x0013A648,0x0013A7E4,412
FUN_0013a7e8,0x0013A7E8,0x0013A90C,292
FUN_0013a910,0x0013A910,0x0013AA24,276
FUN_0013aa28,0x0013AA28,0x0013ABE4,444
FUN_0013abe8,0x0013ABE8,0x0013AFC8,992
__static_initialization_and_destruction_0,0x0013AFC8,0x0013B03C,116
MakeNew__24CEnemySpecificPlayerAnimRCQ23RWS16CAttributePacket,0x0013B040,0x0013B084,68
FUN_0013b090,0x0013B090,0x0013B13C,172
FUN_0013b140,0x0013B140,0x0013B1EC,172
FUN_0013b1f0,0x0013B1F0,0x0013B21C,44
REC_0013b280,0x0013B280,0x0013B2A8,40
FUN_0013b2a8,0x0013B2A8,0x0013B3B0,264
FUN_0013b3b0,0x0013B3B0,0x0013B3F4,68
FUN_0013b3f8,0x0013B3F8,0x0013B418,32
FUN_0013b418,0x0013B418,0x0013B438,32
FUN_0013b438,0x0013B438,0x0013B510,216
HandleSystemCommands__Q214ClumpBehaviour15CClumpBehaviourRCQ23RWS16CAttributePacket,0x0013B510,0x0013B5FC,236
FUN_0013b600,0x0013B600,0x0013B638,56
GetColliderSphere__CQ214ClumpBehaviour15CClumpBehaviourR8RwSphere,0x0013B640,0x0013B680,64
FUN_0013b6a8,0x0013B6A8,0x0013B748,160
FUN_0013b750,0x0013B750,0x0013B854,260
FUN_0013b858,0x0013B858,0x0013B928,208
FUN_0013b928,0x0013B928,0x0013B950,40
AddToZone__Q214ClumpBehaviour15CClumpBehaviourP5CZone,0x0013B950,0x0013B9B4,100
RemoveFromZone__Q214ClumpBehaviour15CClumpBehaviourP5CZone,0x0013B9B8,0x0013BA14,92
FUN_0013ba18,0x0013BA18,0x0013BA54,60
FUN_0013ba58,0x0013BA58,0x0013BAD8,128
SetIsVisibleCallback__Q214ClumpBehaviour15CClumpBehaviourP8RpAtomicPv,0x0013BAD8,0x0013BBC0,232
SetIsVisible__Q214ClumpBehaviour15CClumpBehaviourR7RpClumpb,0x0013BBC0,0x0013BC18,88
FUN_0013bc18,0x0013BC18,0x0013BCBC,164
FUN_0013bcc0,0x0013BCC0,0x0013BCFC,60
FUN_0013bd00,0x0013BD00,0x0013BD28,40
SetContext__Q214ClumpBehaviour15CClumpBehaviourP10RwpContext,0x0013BD28,0x0013BD9C,116
UpdateTrackingDetails__Q214ClumpBehaviour15CClumpBehaviour,0x0013BDA0,0x0013BDE8,72
FUN_0013bde8,0x0013BDE8,0x0013BE34,76
FUN_0013be38,0x0013BE38,0x0013BE68,48
FUN_0013be70,0x0013BE70,0x0013BE90,32
IsFiltered__14CBaseBehaviourPCcPCQ23RWS16CAttributePacket,0x0013BE90,0x0013BF68,216
HandleAttributes__14CBaseBehaviourRCQ23RWS16CAttributePacket,0x0013BF68,0x0013C114,428
FUN_0013c118,0x0013C118,0x0013C150,56
FUN_0013c168,0x0013C168,0x0013C210,168
FUN_0013c210,0x0013C210,0x0013C2A8,152
SetFrame__14CBaseBehaviourP7RwFrame,0x0013C2A8,0x0013C2EC,68
FUN_0013c2f0,0x0013C2F0,0x0013C2F8,8
FUN_0013c308,0x0013C308,0x0013C32C,36
FUN_0013c330,0x0013C330,0x0013C33C,12
FUN_0013c340,0x0013C340,0x0013C34C,12
FUN_0013c350,0x0013C350,0x0013C35C,12
FUN_0013c360,0x0013C360,0x0013C384,36
FUN_0013c388,0x0013C388,0x0013C394,12
FUN_0013c398,0x0013C398,0x0013C3BC,36
FUN_0013c3c0,0x0013C3C0,0x0013C3CC,12
FUN_0013c3d0,0x0013C3D0,0x0013C3F4,36
GetMatrix__C14CBaseBehaviourR11RwMatrixTag,0x0013C3F8,0x0013C484,140
SetMatrix__14CBaseBehaviourPC11RwMatrixTag,0x0013C488,0x0013C540,184
FUN_0013c540,0x0013C540,0x0013C5F0,176
FUN_0013c5f0,0x0013C5F0,0x0013C610,32
FUN_0013c610,0x0013C610,0x0013C758,328
___14CPhysicsObject,0x0013C758,0x0013C8B0,344
FUN_0013c8b0,0x0013C8B0,0x0013CBEC,828
Enable__14CPhysicsObject,0x0013CBF0,0x0013CCCC,220
FUN_0013ccd0,0x0013CCD0,0x0013CFB0,736
FUN_0013cfb0,0x0013CFB0,0x0013D168,440
FUN_0013d168,0x0013D168,0x0013D210,168
TestRay__14CPhysicsObjectP5RwV3dT1,0x0013D210,0x0013D40C,508
__static_initialization_and_destruction_0,0x0013D410,0x0013D484,116
MakeNew__24CEnemySpecificPlayerAnimRCQ23RWS16CAttributePacket,0x0013D490,0x0013D4D4,68
FUN_0013d4f8,0x0013D4F8,0x0013D52C,52
FUN_0013d530,0x0013D530,0x0013D5B8,136
FUN_0013d5b8,0x0013D5B8,0x0013D658,160
CastRay__14CPhysicsObjectP5RwV3dT1,0x0013D660,0x0013D6FC,156
FUN_0013d700,0x0013D700,0x0013D720,32
FUN_0013d720,0x0013D720,0x0013D740,32
__static_initialization_and_destruction_0,0x0013D740,0x0013D7B4,116
MakeNew__24CEnemySpecificPlayerAnimRCQ23RWS16CAttributePacket,0x0013D7C0,0x0013D804,68
__12CSceneObjectRCQ23RWS16CAttributePacket,0x0013D808,0x0013D888,128
___12CSceneObject,0x0013D888,0x0013D908,128
HandleEvents__12CSceneObjectRQ23RWS4CMsg,0x0013D908,0x0013D970,104
FUN_0013d970,0x0013D970,0x0013D990,32
FUN_0013d990,0x0013D990,0x0013D9B0,32
___15CSequenceObject,0x0013D9B0,0x0013DB44,404
FUN_0013db48,0x0013DB48,0x0013DC8C,324
FUN_0013dc90,0x0013DC90,0x0013DEF8,616
__static_initialization_and_destruction_0,0x0013DEF8,0x0013DF6C,116
MakeNew__24CEnemySpecificPlayerAnimRCQ23RWS16CAttributePacket,0x0013DF78,0x0013DFBC,68
__15CSequenceObjectRCQ23RWS16CAttributePacket,0x0013DFC0,0x0013E07C,188
FUN_0013e080,0x0013E080,0x0013E0A0,32
FUN_0013e0a0,0x0013E0A0,0x0013E0C0,32
HandleAttributes__16CSmashableObjectRCQ23RWS16CAttributePacket,0x0013E0C0,0x0013E284,452
FUN_0013e288,0x0013E288,0x0013E750,1224
__static_initialization_and_destruction_0,0x0013E750,0x0013E7C4,116
MakeNew__24CEnemySpecificPlayerAnimRCQ23RWS16CAttributePacket,0x0013E7D0,0x0013E814,68
FUN_0013e850,0x0013E850,0x0013E930,224
FUN_0013e930,0x0013E930,0x0013EA08,216
FUN_0013ea08,0x0013EA08,0x0013EA24,28
HandleEvents__16CSmashableObjectRQ23RWS4CMsg,0x0013EA28,0x0013EAA8,128
FUN_0013eaa8,0x0013EAA8,0x0013EAE8,64
FUN_0013eae8,0x0013EAE8,0x0013EB14,44
SAnimationUpdate__16CSmashableObject,0x0013EB18,0x0013EB60,72
FUN_0013eb60,0x0013EB60,0x0013EB98,56
FUN_0013eb98,0x0013EB98,0x0013EBD0,56
FUN_0013ebe0,0x0013EBE0,0x0013EC94,180
FUN_0013ec98,0x0013EC98,0x0013ECB8,32
FUN_0013ecb8,0x0013ECB8,0x0013ECD8,32
Initialize__12CSolidObject,0x0013ECD8,0x0013EEA8,464
FUN_0013eea8,0x0013EEA8,0x0013EFBC,276
FUN_0013efc0,0x0013EFC0,0x0013F168,424
__static_initialization_and_destruction_0,0x0013F168,0x0013F1DC,116
MakeNew__24CEnemySpecificPlayerAnimRCQ23RWS16CAttributePacket,0x0013F1E8,0x0013F22C,68
FUN_0013f230,0x0013F230,0x0013F360,304
__12CSolidObjectRCQ23RWS16CAttributePacket,0x0013F368,0x0013F41C,180
FUN_0013f420,0x0013F420,0x0013F508,232
FUN_0013f508,0x0013F508,0x0013F544,60
FUN_0013f548,0x0013F548,0x0013F608,192
FUN_0013f620,0x0013F620,0x0013F640,32
FUN_0013f640,0x0013F640,0x0013F660,32
__static_initialization_and_destruction_0,0x0013F660,0x0013F718,184
MakeNew__24CEnemySpecificPlayerAnimRCQ23RWS16CAttributePacket,0x0013F720,0x0013F764,68
__13CStaticObjectRCQ23RWS16CAttributePacket,0x0013F768,0x0013F7C0,88
___21CAnimatedStaticObject,0x0013F7C0,0x0013F80C,76
MakeNew__24CEnemySpecificPlayerAnimRCQ23RWS16CAttributePacket,0x0013F810,0x0013F854,68
FUN_0013f858,0x0013F858,0x0013F874,28
__13CStaticObjectRCQ23RWS16CAttributePacket,0x0013F878,0x0013F8D0,88
___21CAnimatedStaticObject,0x0013F8D0,0x0013F91C,76
HandleAttributes__21CAnimatedStaticObjectRCQ23RWS16CAttributePacket,0x0013F920,0x0013F968,72
FUN_0013f968,0x0013F968,0x0013F984,28
HandleAttributes__21CAnimatedStaticObjectRCQ23RWS16CAttributePacket,0x0013F988,0x0013F9D0,72
FUN_0013f9d0,0x0013F9D0,0x0013F9EC,28
FUN_0013f9f0,0x0013F9F0,0x0013FA10,32
FUN_0013fa10,0x0013FA10,0x0013FA30,32
FUN_0013fa30,0x0013FA30,0x0013FB04,212
__static_initialization_and_destruction_0,0x0013FB08,0x0013FB7C,116
MakeNew__24CEnemySpecificPlayerAnimRCQ23RWS16CAttributePacket,0x0013FB88,0x0013FBCC,68
__18CStyledSceneObjectRCQ23RWS16CAttributePacket,0x0013FBD0,0x0013FC30,96
___21CAnimatedStaticObject,0x0013FC30,0x0013FC7C,76
FUN_0013fc80,0x0013FC80,0x0013FCA0,32
FUN_0013fca0,0x0013FCA0,0x0013FCC0,32
FUN_0013fcc0,0x0013FCC0,0x0013FDDC,284
SetType__Q26Lights10CBaseLightUi,0x0013FDE0,0x0013FF14,308
FUN_0013ff18,0x0013FF18,0x001400D4,444
FUN_001400d8,0x001400D8,0x00140110,56
FUN_00140110,0x00140110,0x00140168,88
___Q26Lights10CBaseLight,0x00140168,0x001401DC,116
FUN_001401e0,0x001401E0,0x001401FC,28
FUN_00140200,0x00140200,0x00140238,56
AddLightToWorld__Q26Lights10CBaseLight,0x00140238,0x00140288,80
RemoveLightFromWorld__Q26Lights10CBaseLight,0x00140288,0x001402CC,68
FUN_001402d0,0x001402D0,0x001402F4,36
FUN_001402f8,0x001402F8,0x00140318,32
FUN_00140318,0x00140318,0x0014056C,596
__static_initialization_and_destruction_0,0x00140570,0x001405E4,116
MakeNew__24CEnemySpecificPlayerAnimRCQ23RWS16CAttributePacket,0x001405E8,0x0014062C,68
FUN_00140630,0x00140630,0x00140688,88
FUN_00140688,0x00140688,0x00140768,224
FUN_00140768,0x00140768,0x00140804,156
FUN_00140808,0x00140808,0x00140828,32
FUN_00140828,0x00140828,0x00140848,32
FUN_00140848,0x00140848,0x00140A24,476
FUN_00140a28,0x00140A28,0x00140D94,876
Init__10CFastLight,0x00140D98,0x00140F3C,420
FUN_00140f40,0x00140F40,0x00140FF4,180
FUN_00140ff8,0x00140FF8,0x00141000,8
FUN_00141000,0x00141000,0x0014100C,12
CheckForLitAtomics__10CFastLightP8RpAtomicPv,0x00141010,0x0014105C,76
FUN_00141060,0x00141060,0x001410C0,96
RegisterLight__10CFastLightP7RpLight,0x001410C0,0x00141108,72
DeRegisterLight__10CFastLightP7RpLight,0x00141108,0x001411D0,200
FUN_001411d0,0x001411D0,0x001411F0,32
FUN_001411f0,0x001411F0,0x00141324,308
FUN_00141328,0x00141328,0x0014147C,340
FUN_00141480,0x00141480,0x001416CC,588
__static_initialization_and_destruction_0,0x001416D0,0x00141744,116
MakeNew__24CEnemySpecificPlayerAnimRCQ23RWS16CAttributePacket,0x00141748,0x0014178C,68
FUN_00141790,0x00141790,0x00141818,136
FUN_00141818,0x00141818,0x00141924,268
FUN_00141928,0x00141928,0x00141948,32
FUN_00141948,0x00141948,0x00141968,32
FUN_00141968,0x00141968,0x00141B50,488
FUN_00141b50,0x00141B50,0x00141C3C,236
__static_initialization_and_destruction_0,0x00141C40,0x00141CB4,116
MakeNew__24CEnemySpecificPlayerAnimRCQ23RWS16CAttributePacket,0x00141CB8,0x00141CFC,68
FUN_00141d00,0x00141D00,0x00141E04,260
FUN_00141e08,0x00141E08,0x00141ED0,200
FUN_00141ed0,0x00141ED0,0x00141F7C,172
FUN_00141f80,0x00141F80,0x00142044,196
FUN_00142048,0x00142048,0x001420B8,112
FUN_001420b8,0x001420B8,0x001420F0,56
FUN_001420f0,0x001420F0,0x00142110,32
FUN_00142110,0x00142110,0x00142130,32
FUN_00142130,0x00142130,0x001424AC,892
FUN_001424b0,0x001424B0,0x001426C8,536
FUN_001426c8,0x001426C8,0x001429C0,760
FUN_001429c0,0x001429C0,0x00142D54,916
FUN_00142d58,0x00142D58,0x00142E7C,292
FUN_00142e80,0x00142E80,0x00143268,1000
FUN_00143268,0x00143268,0x00143430,456
FUN_00143430,0x00143430,0x001436F0,704
FUN_001436f0,0x001436F0,0x00143F3C,2124
FUN_00143f40,0x00143F40,0x00144738,2040
FUN_00144738,0x00144738,0x00144CB8,1408
FUN_00144cb8,0x00144CB8,0x001451A4,1260
FUN_001451a8,0x001451A8,0x0014540C,612
FUN_00145410,0x00145410,0x001459B8,1448
FUN_001459b8,0x001459B8,0x001461B0,2040
FUN_001461b0,0x001461B0,0x001462E4,308
FUN_001462e8,0x001462E8,0x0014646C,388
FUN_00146470,0x00146470,0x0014664C,476
__static_initialization_and_destruction_0,0x00146650,0x00146708,184
MakeNew__24CEnemySpecificPlayerAnimRCQ23RWS16CAttributePacket,0x00146708,0x0014674C,68
MakeNew__24CEnemySpecificPlayerAnimRCQ23RWS16CAttributePacket,0x00146758,0x0014679C,68
FUN_001467a8,0x001467A8,0x00146824,124
FUN_00146828,0x00146828,0x00146838,16
FUN_00146838,0x00146838,0x0014684C,20
FUN_00146850,0x00146850,0x00146858,8
FUN_00146858,0x00146858,0x00146910,184
FUN_00146918,0x00146918,0x001469A0,136
FUN_001469a0,0x001469A0,0x00146A3C,156
FUN_00146a48,0x00146A48,0x00146A50,8
FUN_00146a50,0x00146A50,0x00146A5C,12
FUN_00146a60,0x00146A60,0x00146B0C,172
FUN_00146b10,0x00146B10,0x00146B94,132
FUN_00146b98,0x00146B98,0x00146BC4,44
FUN_00146bc8,0x00146BC8,0x00146C3C,116
FUN_00146c40,0x00146C40,0x00146C6C,44
FUN_00146c70,0x00146C70,0x00146CA4,52
FUN_00146ca8,0x00146CA8,0x00146CC8,32
FUN_00146cc8,0x00146CC8,0x00146CE8,32
FUN_00146ce8,0x00146CE8,0x00146E8C,420
__static_initialization_and_destruction_0,0x00146E90,0x00146F04,116
MakeNew__24CEnemySpecificPlayerAnimRCQ23RWS16CAttributePacket,0x00146F08,0x00146F4C,68
FUN_00146f58,0x00146F58,0x0014704C,244
FUN_00147050,0x00147050,0x001470FC,172
FUN_00147100,0x00147100,0x0014722C,300
FUN_00147230,0x00147230,0x00147290,96
FUN_00147290,0x00147290,0x001472F0,96
FUN_001472f0,0x001472F0,0x001473C0,208
RemoveFromContext__Q27Physics17CCollisionCapsuleP10RwpContext,0x001473C8,0x00147410,72
FUN_00147410,0x00147410,0x0014749C,140
FUN_001474a0,0x001474A0,0x001474C0,32
FUN_001474c0,0x001474C0,0x001474E0,32
FUN_001474e0,0x001474E0,0x0014761C,316
__static_initialization_and_destruction_0,0x00147620,0x00147694,116
MakeNew__24CEnemySpecificPlayerAnimRCQ23RWS16CAttributePacket,0x00147698,0x001476DC,68
__Q27Physics10CMoverNodeRCQ23RWS16CAttributePacket,0x001476E0,0x0014773C,92
___Q27Physics10CMoverNode,0x00147740,0x001477CC,140
HandleEvents__Q26Camera14CFmaCameraNodeRQ23RWS4CMsg,0x001477D0,0x00147810,64
FUN_00147810,0x00147810,0x00147830,32
FUN_00147830,0x00147830,0x00147850,32
FUN_00147850,0x00147850,0x001478F4,164
FUN_001478f8,0x001478F8,0x00147930,56
FUN_00147938,0x00147938,0x00147998,96
___21CAnimatedStaticObject,0x00147998,0x001479E4,76
FUN_001479e8,0x001479E8,0x00147A04,28
FUN_00147a08,0x00147A08,0x00147A40,56
FUN_00147a40,0x00147A40,0x00147A60,32
___Q27Physics13CPathFollower,0x00147A60,0x00147BF0,400
FUN_00147bf0,0x00147BF0,0x00147D88,408
Update__Q27Physics13CPathFollowerf,0x00147D88,0x0014811C,916
__static_initialization_and_destruction_0,0x00148120,0x00148194,116
MakeNew__24CEnemySpecificPlayerAnimRCQ23RWS16CAttributePacket,0x001481A0,0x001481E4,68
__Q27Physics13CPathFollowerRCQ23RWS16CAttributePacket,0x001481E8,0x001482B0,200
HandleEvents__Q27Physics13CPathFollowerRQ23RWS4CMsg,0x001482B0,0x0014836C,188
Start__Q27Physics13CPathFollower,0x00148370,0x00148444,212
FUN_00148448,0x00148448,0x0014847C,52
Continue__Q27Physics13CPathFollower,0x00148480,0x001484C0,64
PrepareVelocityForNext__Q27Physics13CPathFollowerPQ27Physics10CMoverNodeT1,0x001484C0,0x00148608,328
IsAtNode__CQ27Physics13CPathFollowerPCQ27Physics10CMoverNode,0x00148608,0x00148688,128
FUN_00148688,0x00148688,0x001486A8,32
FUN_001486a8,0x001486A8,0x001486C8,32
FUN_001486c8,0x001486C8,0x00148888,448
Update__Q27Physics8CRotatorf,0x00148888,0x00148E1C,1428
__static_initialization_and_destruction_0,0x00148E20,0x00148E94,116
MakeNew__24CEnemySpecificPlayerAnimRCQ23RWS16CAttributePacket,0x00148EA0,0x00148EE4,68
FUN_00148ee8,0x00148EE8,0x00148FAC,196
___Q27Physics8CRotator,0x00148FB0,0x001490EC,316
HandleEvents__Q27Physics8CRotatorRQ23RWS4CMsg,0x001490F0,0x001491B8,200
Start__Q27Physics8CRotator,0x001491B8,0x00149304,332
FUN_00149308,0x00149308,0x00149340,56
Continue__Q27Physics13CPathFollower,0x00149340,0x00149380,64
FUN_00149380,0x00149380,0x001493A0,32
FUN_001493a0,0x001493A0,0x001493C0,32
FUN_001493c0,0x001493C0,0x001494D8,280
FUN_001494d8,0x001494D8,0x001495DC,260
FUN_001495e0,0x001495E0,0x00149618,56
FUN_00149618,0x00149618,0x00149664,76
FUN_00149668,0x00149668,0x00149728,192
FUN_00149728,0x00149728,0x00149758,48
FUN_00149758,0x00149758,0x00149774,28
QueueSpawn__Q28Spawning12CBaseSpawnerPCcPCQ23RWS16CAttributePacketPFPQ23RWS17CAttributeHandlerPv_vPvi,0x00149778,0x00149878,256
QueueFlushPacket__Q28Spawning12CBaseSpawnerPCQ23RWS16CAttributePacket,0x00149878,0x0014993C,196
FUN_00149940,0x00149940,0x00149960,32
__Q28Spawning15CGenericSpawnerRCQ23RWS16CAttributePacket,0x00149960,0x00149A74,276
FUN_00149a78,0x00149A78,0x00149B20,168
__static_initialization_and_destruction_0,0x00149B20,0x00149B94,116
MakeNew__24CEnemySpecificPlayerAnimRCQ23RWS16CAttributePacket,0x00149B98,0x00149BDC,68
REC_00149be8,0x00149BE8,0x00149C6C,132
FUN_00149c70,0x00149C70,0x00149D08,152
FUN_00149d08,0x00149D08,0x00149D38,48
FUN_00149d38,0x00149D38,0x00149D58,32
FUN_00149d58,0x00149D58,0x00149D78,32
___Q28Spawning17CPlayerCheckpoint,0x00149D78,0x00149ED0,344
FUN_00149ed0,0x00149ED0,0x00149FD8,264
FUN_00149fd8,0x00149FD8,0x0014A118,320
SetAsActiveCheckpoint__Q28Spawning17CPlayerCheckpoint,0x0014A118,0x0014A1DC,196
FUN_0014a1e0,0x0014A1E0,0x0014A2C4,228
MakeNew__24CEnemySpecificPlayerAnimRCQ23RWS16CAttributePacket,0x0014A2C8,0x0014A30C,68
FUN_0014a310,0x0014A310,0x0014A3F8,232
FUN_0014a3f8,0x0014A3F8,0x0014A428,48
FUN_0014a428,0x0014A428,0x0014A448,32
FUN_0014a448,0x0014A448,0x0014A468,32
FUN_0014a468,0x0014A468,0x0014A62C,452
FUN_0014a630,0x0014A630,0x0014A888,600
FUN_0014a888,0x0014A888,0x0014A9C8,320
FUN_0014a9c8,0x0014A9C8,0x0014AC0C,580
FUN_0014ac10,0x0014AC10,0x0014ACE0,208
MakeNew__24CEnemySpecificPlayerAnimRCQ23RWS16CAttributePacket,0x0014ACE0,0x0014AD24,68
FUN_0014ad30,0x0014AD30,0x0014ADBC,140
FUN_0014adc0,0x0014ADC0,0x0014AEDC,284
FUN_0014aee0,0x0014AEE0,0x0014AF80,160
FUN_0014af80,0x0014AF80,0x0014B000,128
FUN_0014b000,0x0014B000,0x0014B020,32
FUN_0014b020,0x0014B020,0x0014B040,32
FUN_0014b040,0x0014B040,0x0014B1BC,380
FUN_0014b1c0,0x0014B1C0,0x0014B3B8,504
FUN_0014b3b8,0x0014B3B8,0x0014B454,156
__static_initialization_and_destruction_0,0x0014B458,0x0014B4CC,116
MakeNew__24CEnemySpecificPlayerAnimRCQ23RWS16CAttributePacket,0x0014B4D0,0x0014B514,68
REC_0014b520,0x0014B520,0x0014B5DC,188
FUN_0014b5e0,0x0014B5E0,0x0014B694,180
FUN_0014b698,0x0014B698,0x0014B734,156
FUN_0014b738,0x0014B738,0x0014B770,56
FUN_0014b778,0x0014B778,0x0014B7AC,52
FUN_0014b7b0,0x0014B7B0,0x0014B7D0,32
FUN_0014b7d0,0x0014B7D0,0x0014B7F0,32
FUN_0014b910,0x0014B910,0x0014B9FC,236
FUN_0014ba00,0x0014BA00,0x0014BC2C,556
FUN_0014bc30,0x0014BC30,0x0014C0E4,1204
FUN_0014c0e8,0x0014C0E8,0x0014C4E4,1020
FUN_0014c4e8,0x0014C4E8,0x0014C928,1088
FUN_0014c928,0x0014C928,0x0014CA18,240
FUN_0014ca18,0x0014CA18,0x0014CB28,272
FUN_0014cb28,0x0014CB28,0x0014CCE0,440
FUN_0014cce0,0x0014CCE0,0x0014CD00,32
FUN_0014cd00,0x0014CD00,0x0014CEDC,476
FUN_0014cee0,0x0014CEE0,0x0014CF4C,108
FUN_0014cf50,0x0014CF50,0x0014CF94,68
FUN_0014cf98,0x0014CF98,0x0014D070,216
FUN_0014d070,0x0014D070,0x0014D0A0,48
FUN_0014d0a0,0x0014D0A0,0x0014D114,116
FUN_0014d118,0x0014D118,0x0014D134,28
FUN_0014d138,0x0014D138,0x0014D154,28
FUN_0014d158,0x0014D158,0x0014D264,268
FUN_0014d268,0x0014D268,0x0014D294,44
FUN_0014d298,0x0014D298,0x0014D2E0,72
FUN_0014d2e0,0x0014D2E0,0x0014D364,132
FUN_0014d368,0x0014D368,0x0014D3A8,64
FUN_0014d3a8,0x0014D3A8,0x0014D3FC,84
FUN_0014d400,0x0014D400,0x0014D480,128
__Q27Weapons17CProjectileWeapon,0x0014D480,0x0014D5C8,328
SetTrajectory__Q27Weapons17CProjectileWeaponRC5RwV3d,0x0014D5C8,0x0014D75C,404
FUN_0014d760,0x0014D760,0x0014DEBC,1884
FUN_0014dec0,0x0014DEC0,0x0014E024,356
FUN_0014e028,0x0014E028,0x0014E290,616
FUN_0014e290,0x0014E290,0x0014E484,500
FUN_0014e488,0x0014E488,0x0014ED74,2284
FUN_0014ed78,0x0014ED78,0x0014EDB0,56
BaseMatrix__Q24Boss3SfxR11RwMatrixTagPv,0x0014EE10,0x0014EE98,136
BoneMatrix__Q24Boss3SfxUiR11RwMatrixTagPv,0x0014EE98,0x0014EEEC,84
___Q27Weapons17CProjectileWeapon,0x0014EEF0,0x0014EF78,136
Init__Q27Weapons17CProjectileWeapon,0x0014EF78,0x0014F058,224
GetMatrix__CQ27Weapons17CProjectileWeaponR11RwMatrixTag,0x0014F058,0x0014F104,172
FUN_0014f108,0x0014F108,0x0014F110,8
FUN_0014f110,0x0014F110,0x0014F128,24
AcquireHomingTarget__Q27Weapons17CProjectileWeaponf,0x0014F128,0x0014F1A8,128
FUN_0014f1a8,0x0014F1A8,0x0014F1E0,56
FUN_0014f1e0,0x0014F1E0,0x0014F1F4,20
FUN_0014f1f8,0x0014F1F8,0x0014F204,12
FUN_0014f208,0x0014F208,0x0014F210,8
FUN_0014f218,0x0014F218,0x0014F220,8
FUN_0014f220,0x0014F220,0x0014F270,80
FUN_0014f270,0x0014F270,0x0014F290,32
__Q27Weapons24CProjectileWeaponManager,0x0014F290,0x0014F3EC,348
DeleteProjectiles__Q27Weapons24CProjectileWeaponManager,0x0014F3F0,0x0014F518,296
___Q27Weapons24CProjectileWeaponManager,0x0014F518,0x0014F768,592
HandleEvents__Q27Weapons24CProjectileWeaponManagerRQ23RWS4CMsg,0x0014F768,0x0014F90C,420
SpawnProjectileWeapon__Q27Weapons24CProjectileWeaponManagerPCQ27Weapons13FireEventArgs,0x0014F910,0x0014FFF0,1760
__static_initialization_and_destruction_0,0x0014FFF0,0x00150080,144
__Q27Weapons13FireEventArgs,0x00150088,0x0015012C,164
FUN_00150130,0x00150130,0x00150168,56
CreateProjectiles__Q27Weapons24CProjectileWeaponManager,0x00150168,0x00150200,152
FUN_00150200,0x00150200,0x0015023C,60
BoneMatrix__Q24Boss3SfxUiR11RwMatrixTagPv,0x00150270,0x001502C4,84
FUN_001502c8,0x001502C8,0x001502F0,40
RespotAllProjectiles__Q27Weapons24CProjectileWeaponManagerP5RwV3d,0x001502F0,0x0015033C,76
DeactivateAllProjectiles__Q27Weapons24CProjectileWeaponManager,0x00150340,0x00150420,224
Update__Q27Weapons24CProjectileWeaponManagerf,0x00150420,0x00150518,248
FUN_00150518,0x00150518,0x00150538,32
FUN_00150538,0x00150538,0x00150558,32
ShouldBlockDefend__CQ27Weapons11CDamageAreaPQ27Physics9CCollider,0x00150558,0x0015061C,196
FUN_00150620,0x00150620,0x00150764,324
IsTargetInBounds__CQ27Weapons11CDamageAreaR8RwSphere,0x00150768,0x00150A34,716
__Q27Weapons19CRangeDamageManager,0x00150A38,0x00150B4C,276
___Q27Weapons19CRangeDamageManager,0x00150B50,0x00150D3C,492
CreateDamageArea__Q27Weapons19CRangeDamageManagerPCQ27Weapons21sRangeDamageArea_Info,0x00150D40,0x00150EF8,440
Update__Q27Weapons19CRangeDamageManagerf,0x00150EF8,0x001510D8,480
UpdateZone__Q27Weapons19CRangeDamageManagerPQ27Weapons11CDamageAreaf,0x001510D8,0x00151240,360
FUN_00151240,0x00151240,0x00151278,56
Initialize__Q27Weapons19CRangeDamageManager,0x00151280,0x00151338,184
RegisterEntity__Q27Weapons19CRangeDamageManagerPQ27Physics9CCollider,0x00151338,0x001513CC,148
UnregisterEntity__Q27Weapons19CRangeDamageManagerPQ27Physics9CCollider,0x001513D0,0x0015147C,172
HandleEvents__Q27Weapons19CRangeDamageManagerRQ23RWS4CMsg,0x00151480,0x0015150C,140
ResetAreas__Q27Weapons19CRangeDamageManager,0x00151520,0x00151580,96
FUN_00151580,0x00151580,0x001515B0,48
FUN_001515b0,0x001515B0,0x001515D0,32
FUN_001515d0,0x001515D0,0x00151810,576
FUN_00151810,0x00151810,0x00151918,264
FUN_00151918,0x00151918,0x00151B28,528
FUN_00151b28,0x00151B28,0x00151BFC,212
FUN_00151c00,0x00151C00,0x00151CCC,204
FUN_00151cd0,0x00151CD0,0x00151D60,144
FUN_00151d60,0x00151D60,0x00151DFC,156
FUN_00151e00,0x00151E00,0x00151E94,148
FUN_00151e98,0x00151E98,0x00151F28,144
FUN_00151f28,0x00151F28,0x00151F44,28
FUN_00151f48,0x00151F48,0x00151F54,12
FUN_00151f58,0x00151F58,0x00151FB4,92
FUN_00151fb8,0x00151FB8,0x0015211C,356
FUN_00152120,0x00152120,0x00152164,68
FUN_00152168,0x00152168,0x00152198,48
FUN_00152198,0x00152198,0x001521C8,48
FUN_001521c8,0x001521C8,0x001521E8,32
FUN_001521e8,0x001521E8,0x001521F0,8
FUN_001521f0,0x001521F0,0x001521F8,8
FUN_001521f8,0x001521F8,0x00152218,32
FUN_00152218,0x00152218,0x0015224C,52
FUN_00152250,0x00152250,0x00152258,8
FUN_00152258,0x00152258,0x00152274,28
FUN_00152278,0x00152278,0x0015232C,180
FUN_00152330,0x00152330,0x001524B0,384
FUN_001524b0,0x001524B0,0x001525C4,276
FUN_001525c8,0x001525C8,0x0015266C,164
FUN_00152670,0x00152670,0x001528F8,648
FUN_001528f8,0x001528F8,0x001529C0,200
MakeNew__24CEnemySpecificPlayerAnimRCQ23RWS16CAttributePacket,0x001529C0,0x00152A04,68
FUN_00152a08,0x00152A08,0x00152AF0,232
FUN_00152af0,0x00152AF0,0x00152B10,32
FUN_00152b10,0x00152B10,0x00152B30,32
FUN_00152b30,0x00152B30,0x00152C68,312
FUN_00152c68,0x00152C68,0x00152F88,800
FUN_00152f88,0x00152F88,0x001530D4,332
FUN_001530d8,0x001530D8,0x00153208,304
FUN_00153208,0x00153208,0x00153370,360
FUN_00153370,0x00153370,0x0015341C,172
FUN_00153420,0x00153420,0x001534C0,160
FUN_001534c0,0x001534C0,0x00153634,372
__static_initialization_and_destruction_0,0x00153638,0x001536AC,116
MakeNew__24CEnemySpecificPlayerAnimRCQ23RWS16CAttributePacket,0x001536B8,0x001536FC,68
FUN_00153708,0x00153708,0x00153770,104
FUN_00153770,0x00153770,0x001537D8,104
FUN_001537d8,0x001537D8,0x00153840,104
FUN_00153840,0x00153840,0x00153964,292
FUN_00153968,0x00153968,0x001539D0,104
FUN_001539d0,0x001539D0,0x00153A20,80
FUN_00153a20,0x00153A20,0x00153AE8,200
FUN_00153ae8,0x00153AE8,0x00153BF4,268
FUN_00153c00,0x00153C00,0x00153CF0,240
FUN_00153cf0,0x00153CF0,0x00153E00,272
FUN_00153e08,0x00153E08,0x00153EA0,152
FUN_00153ea0,0x00153EA0,0x00153EE8,72
FUN_00153ee8,0x00153EE8,0x00153EF4,12
SENDMSG__H1Zi_Q22UI5UtilsRQ23RWS8CEventIdPv_X01,0x00153EF8,0x00153F3C,68
FUN_00153f40,0x00153F40,0x00153F60,32
FUN_00153f60,0x00153F60,0x00153F80,32
FUN_00153f80,0x00153F80,0x00154114,404
FUN_00154118,0x00154118,0x001541A8,144
MakeNew__24CEnemySpecificPlayerAnimRCQ23RWS16CAttributePacket,0x001541A8,0x001541EC,68
FUN_001541f0,0x001541F0,0x00154310,288
FUN_00154310,0x00154310,0x001543EC,220
REC_001543f8,0x001543F8,0x0015449C,164
FUN_001544a0,0x001544A0,0x001544BC,28
FUN_001544c0,0x001544C0,0x001544E0,32
FUN_001544e0,0x001544E0,0x00154500,32
FUN_00154500,0x00154500,0x00154724,548
FUN_00154728,0x00154728,0x001548AC,388
FUN_001548b0,0x001548B0,0x00154A00,336
FUN_00154a00,0x00154A00,0x00154C04,516
FUN_00154c08,0x00154C08,0x00154DC8,448
FUN_00154dc8,0x00154DC8,0x00154FA0,472
FUN_00154fa0,0x00154FA0,0x00155210,624
FUN_00155210,0x00155210,0x001552CC,188
FUN_001552d0,0x001552D0,0x001553EC,284
FUN_001553f0,0x001553F0,0x00155588,408
FUN_00155588,0x00155588,0x00155800,632
FUN_00155800,0x00155800,0x0015592C,300
FUN_00155930,0x00155930,0x00155EA4,1396
FUN_00155ea8,0x00155EA8,0x001561C4,796
FUN_001561c8,0x001561C8,0x00156358,400
MakeNew__24CEnemySpecificPlayerAnimRCQ23RWS16CAttributePacket,0x00156358,0x0015639C,68
FUN_001563a0,0x001563A0,0x00156478,216
FUN_00156478,0x00156478,0x001564DC,100
FUN_001564e0,0x001564E0,0x00156544,100
FUN_00156548,0x00156548,0x001565A8,96
FUN_001565a8,0x001565A8,0x00156624,124
FUN_00156628,0x00156628,0x0015675C,308
FUN_00156760,0x00156760,0x00156774,20
FUN_00156778,0x00156778,0x001567A8,48
FUN_001567a8,0x001567A8,0x001567C8,32
FUN_001567c8,0x001567C8,0x001567E8,32
FUN_001567e8,0x001567E8,0x001569D4,492
__static_initialization_and_destruction_0,0x001569D8,0x00156A4C,116
MakeNew__24CEnemySpecificPlayerAnimRCQ23RWS16CAttributePacket,0x00156A50,0x00156A94,68
__12cBlackOutFSERCQ23RWS16CAttributePacket,0x00156A98,0x00156C0C,372
___12cBlackOutFSE,0x00156C10,0x00156CE0,208
HandleEvents__12cBlackOutFSERQ23RWS4CMsg,0x00156CE0,0x00156D40,96
Enable__12cBlackOutFSEb,0x00156D48,0x00156D9C,84
REC_00156db0,0x00156DB0,0x00156DD0,32
FUN_00156dd0,0x00156DD0,0x00156DF0,32
FUN_00156df0,0x00156DF0,0x00156F80,400
FUN_00156f80,0x00156F80,0x00157130,432
FUN_00157130,0x00157130,0x0015751C,1004
FUN_00157520,0x00157520,0x001577EC,716
FUN_001577f0,0x001577F0,0x00157FA4,1972
FUN_00157fa8,0x00157FA8,0x001580CC,292
FUN_001580d0,0x001580D0,0x001585F0,1312
FUN_001585f0,0x001585F0,0x00158668,120
FUN_00158668,0x00158668,0x0015869C,52
FUN_001586a8,0x001586A8,0x001586B4,12
FUN_001586b8,0x001586B8,0x001587A0,232
FUN_001587a0,0x001587A0,0x001587D4,52
FUN_001587d8,0x001587D8,0x001587E4,12
FUN_001587e8,0x001587E8,0x001587F4,12
FUN_001587f8,0x001587F8,0x00158894,156
FUN_00158898,0x00158898,0x001588FC,100
FUN_00158900,0x00158900,0x00158A3C,316
FUN_00158a40,0x00158A40,0x00158B40,256
FUN_00158b40,0x00158B40,0x00158B60,32
FUN_00158b60,0x00158B60,0x00158B80,32
FUN_00158b80,0x00158B80,0x00158D60,480
FUN_00158d60,0x00158D60,0x00158F5C,508
FUN_00158f68,0x00158F68,0x00158FF0,136
FUN_00158ff0,0x00158FF0,0x00159090,160
FUN_00159090,0x00159090,0x00159098,8
FUN_00159098,0x00159098,0x001590A0,8
__Q27Effects12CDynamicFireRCQ23RWS16CAttributePacket,0x001590A0,0x00159204,356
ProcessGeometry__Q27Effects12CDynamicFire,0x00159208,0x001595A8,928
HandleEvents__Q27Effects12CDynamicFireRQ23RWS4CMsg,0x001595A8,0x00159824,636
FUN_00159828,0x00159828,0x00159B30,776
Update__Q27Effects12CDynamicFiref,0x00159B30,0x0015A36C,2108
__static_initialization_and_destruction_0,0x0015A370,0x0015A3E4,116
MakeNew__24CEnemySpecificPlayerAnimRCQ23RWS16CAttributePacket,0x0015A3F0,0x0015A434,68
___Q27Effects12CDynamicFire,0x0015A458,0x0015A544,236
AddSpring__Q27Effects12CDynamicFireii,0x0015A548,0x0015A66C,292
ProcSprings__Q27Effects12CDynamicFire,0x0015A670,0x0015A748,216
FirstTransformVertices__Q27Effects12CDynamicFire,0x0015A748,0x0015A844,252
CalculateFixed__Q27Effects12CDynamicFire,0x0015A848,0x0015A978,304
FUN_0015a978,0x0015A978,0x0015A998,32
FUN_0015a998,0x0015A998,0x0015A9B8,32
__Q27Effects5TrailRQ27Effects9TrailInfoP5CZoneb,0x0015A9B8,0x0015ADE0,1064
Update__Q27Effects5TrailP5RwV3dfP11RwMatrixTag,0x0015ADE0,0x0015C2CC,5356
ImediateRender__Q27Effects5Trail,0x0015C2D0,0x0015C7E4,1300
RenderUpdate__Q27Effects5Trail,0x0015C7E8,0x0015CAA0,696
FUN_0015cab0,0x0015CAB0,0x0015CAD8,40
___Q27Effects5Trail,0x0015CAF8,0x0015CBE8,240
Fade__Q27Effects5Trail,0x0015CBE8,0x0015CCB8,208
AddSpan__Q27Effects5TrailRQ27Effects8TrailKey,0x0015CCB8,0x0015CDA4,236
FUN_0015cda8,0x0015CDA8,0x0015CDB4,12
FindTrailAtomic__7EffectsP8RpAtomicPv,0x0015CDB8,0x0015CE88,208
CreateTrailClump__Q27Effects5TrailUiP7RpClumpUi,0x0015CE88,0x0015CF50,200
BaseMatrix__Q24Boss3SfxR11RwMatrixTagPv,0x0015CF58,0x0015CFE0,136
BoneMatrix__Q24Boss3SfxUiR11RwMatrixTagPv,0x0015CFE0,0x0015D034,84
FUN_0015d048,0x0015D048,0x0015D054,12
FUN_0015d058,0x0015D058,0x0015D13C,228
Stop__Q24Boss3Sfx,0x0015D140,0x0015D180,64
HandleAttributes__24CDeathSpawnEffectManagerRCQ23RWS16CAttributePacket,0x0015D180,0x0015D3C8,584
__static_initialization_and_destruction_0,0x0015D3C8,0x0015D43C,116
MakeNew__24CEnemySpecificPlayerAnimRCQ23RWS16CAttributePacket,0x0015D440,0x0015D484,68
FUN_0015d4b0,0x0015D4B0,0x0015D598,232
___24CDeathSpawnEffectManager,0x0015D598,0x0015D654,188
FUN_0015d658,0x0015D658,0x0015D674,28
REC_0015d690,0x0015D690,0x0015D6B0,32
FUN_0015d6b0,0x0015D6B0,0x0015D6D0,32
FUN_0015d6d0,0x0015D6D0,0x0015D950,640
FUN_0015d950,0x0015D950,0x0015DC30,736
FUN_0015dc30,0x0015DC30,0x0015DF88,856
FUN_0015df88,0x0015DF88,0x0015E034,172
MakeNew__24CEnemySpecificPlayerAnimRCQ23RWS16CAttributePacket,0x0015E038,0x0015E07C,68
FUN_0015e238,0x0015E238,0x0015E36C,308
FUN_0015e370,0x0015E370,0x0015E454,228
FUN_0015e458,0x0015E458,0x0015E4EC,148
FUN_0015e4f0,0x0015E4F0,0x0015E5D0,224
FUN_0015e5d0,0x0015E5D0,0x0015E680,176
FUN_0015e680,0x0015E680,0x0015E6A0,32
FUN_0015e6a0,0x0015E6A0,0x0015E6C0,32
FUN_0015e6c0,0x0015E6C0,0x0015E974,692
FUN_0015e978,0x0015E978,0x0015ED60,1000
__static_initialization_and_destruction_0,0x0015ED60,0x0015EDD4,116
MakeNew__24CEnemySpecificPlayerAnimRCQ23RWS16CAttributePacket,0x0015EDD8,0x0015EE1C,68
FUN_0015ee20,0x0015EE20,0x0015EF1C,252
FUN_0015ef20,0x0015EF20,0x0015F000,224
FUN_0015f000,0x0015F000,0x0015F104,260
FUN_0015f108,0x0015F108,0x0015F128,32
FUN_0015f128,0x0015F128,0x0015F148,32
FUN_0015f148,0x0015F148,0x0015F2B0,360
FUN_0015f2b0,0x0015F2B0,0x0015F4B0,512
FUN_0015f4b0,0x0015F4B0,0x0015F720,624
FUN_0015f720,0x0015F720,0x0015FA34,788
FUN_0015fa38,0x0015FA38,0x0015FE88,1104
FUN_0015fe88,0x0015FE88,0x00160434,1452
FUN_00160438,0x00160438,0x001605B0,376
FUN_001605b0,0x001605B0,0x001606F8,328
__static_initialization_and_destruction_0,0x001606F8,0x0016076C,116
MakeNew__24CEnemySpecificPlayerAnimRCQ23RWS16CAttributePacket,0x00160770,0x001607B4,68
FUN_001607b8,0x001607B8,0x0016087C,196
FUN_00160880,0x00160880,0x001608D0,80
FUN_001608d0,0x001608D0,0x00160908,56
FUN_00160908,0x00160908,0x00160928,32
FUN_00160928,0x00160928,0x00160948,32
__9CBloomCfgRCQ23RWS16CAttributePacket,0x00160948,0x00160A84,316
HandleAttributes__9CBloomCfgRCQ23RWS16CAttributePacket,0x00160A88,0x00160D5C,724
REC_00160d68,0x00160D68,0x00160EA0,312
GetBlur__14CMotionBlurCfgf,0x00160EA0,0x00160FDC,316
FUN_00160fe0,0x00160FE0,0x00161334,852
__static_initialization_and_destruction_0,0x00161338,0x001613F0,184
MakeNew__24CEnemySpecificPlayerAnimRCQ23RWS16CAttributePacket,0x001613F0,0x00161434,68
MakeNew__24CEnemySpecificPlayerAnimRCQ23RWS16CAttributePacket,0x00161438,0x0016147C,68
REC_00161490,0x00161490,0x00161584,244
HandleEvents__14CMotionBlurCfgRQ23RWS4CMsg,0x00161588,0x0016162C,164
FUN_00161630,0x00161630,0x001616D0,160
FUN_001616d0,0x001616D0,0x00161788,184
___14CMotionBlurCfg,0x00161788,0x00161870,232
HandleEvents__14CMotionBlurCfgRQ23RWS4CMsg,0x00161870,0x00161914,164
GetTotalBlur__14CMotionBlurCfgf,0x00161918,0x00161974,92
__5CFade,0x00161978,0x00161A4C,212
___5CFade,0x00161A50,0x00161AC0,112
FUN_00161ac0,0x00161AC0,0x00161B1C,92
FUN_00161b20,0x00161B20,0x00161C7C,348
REC_00161c90,0x00161C90,0x00161CB0,32
FUN_00161cb0,0x00161CB0,0x00161CD0,32
FUN_00161cd0,0x00161CD0,0x00161EB4,484
__static_initialization_and_destruction_0,0x00161EB8,0x00161F2C,116
MakeNew__24CEnemySpecificPlayerAnimRCQ23RWS16CAttributePacket,0x00161F30,0x00161F74,68
FUN_00161f78,0x00161F78,0x0016200C,148
___17CHitEffectManager,0x00162010,0x00162054,68
FUN_00162058,0x00162058,0x00162074,28
FUN_00162078,0x00162078,0x0016209C,36
FUN_001620a0,0x001620A0,0x001620C0,32
FUN_001620c0,0x001620C0,0x001620E0,32
FUN_001620e0,0x001620E0,0x00162278,408
__static_initialization_and_destruction_0,0x00162278,0x001622EC,116
MakeNew__24CEnemySpecificPlayerAnimRCQ23RWS16CAttributePacket,0x001622F0,0x00162334,68
__11cPenanceFSERCQ23RWS16CAttributePacket,0x00162338,0x0016242C,244
___11cPenanceFSE,0x00162430,0x0016249C,108
FUN_001624a0,0x001624A0,0x001624BC,28
FUN_001624c0,0x001624C0,0x001624E0,32
FUN_001624e0,0x001624E0,0x00162500,32
__15CFullScreenRainRCQ23RWS16CAttributePacket,0x00162500,0x001626DC,476
FUN_001626e0,0x001626E0,0x001628F4,532
Update__15CFullScreenRainf,0x001628F8,0x00162A98,416
__static_initialization_and_destruction_0,0x00162AA0,0x00162B14,116
MakeNew__24CEnemySpecificPlayerAnimRCQ23RWS16CAttributePacket,0x00162B18,0x00162B5C,68
FUN_00162b60,0x00162B60,0x00162C34,212
HandleEvents__15CFullScreenRainRQ23RWS4CMsg,0x00162C38,0x00162CB4,124
FUN_00162cb8,0x00162CB8,0x00162CEC,52
FUN_00162cf0,0x00162CF0,0x00162D10,32
FUN_00162d10,0x00162D10,0x00162D30,32
Create__Q27Effects10SFXManager,0x00162D30,0x00162E48,280
FindSFXType__Q27Effects10SFXManagerRQ27Effects8SFX_type,0x00162E48,0x00162F20,216
DumpResourceId__Q27Effects10SFXManagerPCQ23RWS7RWSGUID,0x00162F20,0x00163010,240
ProcessSFXUserData__Q27Effects10SFXManagerPcPCQ23RWS7RWSGUID,0x00163010,0x00163538,1320
AddSFX__Q27Effects10SFXManagerPCQ23RWS7RWSGUIDPCcPQ27Effects14SFX_attach_tagUc,0x00163538,0x00163860,808
AddSFX__Q27Effects10SFXManagerPCQ23RWS9CResource,0x00163860,0x00163B08,680
FUN_00163b08,0x00163B08,0x00164218,1808
DestroySFX__Q27Effects10SFXManagerPQ27Effects12SFX_instance,0x00164218,0x001643A8,400
GetCurrentMatrix__Q27Effects10SFXManagerPQ27Effects12SFX_instanceR11RwMatrixTag,0x001643A8,0x001646F8,848
FUN_001646f8,0x001646F8,0x00164B3C,1092
FUN_00164b40,0x00164B40,0x00164C70,304
CreateHitEffect__Q27Effects10SFXManagerPQ27Effects8SFX_typeP5CZoneRQ27Effects22SFX_instance_callbacksPC5RwV3dT4,0x00164C70,0x00164E90,544
__static_initialization_and_destruction_0,0x00164E90,0x00164EEC,92
CalculateEase__7Effectsfff,0x00164EF8,0x00164FC4,204
FUN_00164fc8,0x00164FC8,0x00165054,140
REC_00165060,0x00165060,0x00165158,248
Initialize__Q27Effects10SFXManagerP5CZone,0x00165158,0x00165258,256
FindSFXInfo__7EffectsP8RpAtomicPv,0x00165260,0x0016538C,300
GetAvailResourceIndex__Q27Effects10SFXManager,0x00165398,0x00165444,172
GetAvailSFXType__Q27Effects10SFXManager,0x00165448,0x001654C4,124
AddSFX__Q27Effects10SFXManagerPCQ23RWS7RWSGUID,0x001654C8,0x00165558,144
CacheSFX__Q27Effects10SFXManagerPQ23RWS9CResource,0x00165558,0x00165688,304
UnCacheSFX__Q27Effects10SFXManagerPQ23RWS9CResource,0x00165688,0x001656E4,92
FUN_001656e8,0x001656E8,0x00165700,24
FUN_00165700,0x00165700,0x00165718,24
FUN_00165718,0x00165718,0x0016572C,20
HasConstants__Q27Effects10SFXManagerPQ27Effects8SFX_type,0x00165730,0x00165778,72
FUN_00165778,0x00165778,0x00165780,8
FUN_00165780,0x00165780,0x001657AC,44
FUN_001657b0,0x001657B0,0x001657B8,8
FUN_001657b8,0x001657B8,0x001657F4,60
FUN_001657f8,0x001657F8,0x00165820,40
FUN_00165820,0x00165820,0x0016583C,28
FUN_00165840,0x00165840,0x00165848,8
FUN_00165848,0x00165848,0x00165858,16
FUN_001658f8,0x001658F8,0x00165A80,392
FUN_00165a88,0x00165A88,0x00165AC4,60
DisconnectSFXInstance__Q27Effects10SFXManagerPQ27Effects12SFX_instance,0x00165AC8,0x00165B90,200
DisconnectSFXMotion__Q27Effects10SFXManagerPQ27Effects12SFX_instance,0x00165B90,0x00165C3C,172
FUN_00165c40,0x00165C40,0x00165D08,200
SFX_ReplaceTexture__7EffectsP8RpAtomicPv,0x00165D08,0x00165E14,268
ReplaceClumpTextures__Q27Effects10SFXManagerP7RpClumpPFP9RwTexturePv_P9RwTexturePv,0x00165E18,0x00165E7C,100
FUN_00165e80,0x00165E80,0x00165EA0,32
FUN_00165ea0,0x00165EA0,0x00165EC0,32
FUN_00165ec0,0x00165EC0,0x00166248,904
FUN_00166248,0x00166248,0x001666C8,1152
FUN_001666c8,0x001666C8,0x001667F8,304
FUN_001667f8,0x001667F8,0x00166DF8,1536
GetSplashLocation__13CGroundShadowP5RwV3dPi,0x00166DF8,0x00166FA4,428
FUN_00166fa8,0x00166FA8,0x00166FB0,8
FUN_00166fb0,0x00166FB0,0x00166FE4,52
FUN_00166fe8,0x00166FE8,0x00167108,288
FUN_00167108,0x00167108,0x00167164,92
FUN_00167168,0x00167168,0x00167194,44
FUN_00167198,0x00167198,0x001671A0,8
FUN_001671a0,0x001671A0,0x0016722C,140
FUN_00167230,0x00167230,0x00167284,84
FUN_00167288,0x00167288,0x001672BC,52
FUN_001672c0,0x001672C0,0x001672F8,56
FUN_001672f8,0x001672F8,0x0016731C,36
FUN_00167320,0x00167320,0x00167328,8
FUN_00167328,0x00167328,0x001673C0,152
FUN_001673c0,0x001673C0,0x00167438,120
FUN_00167438,0x00167438,0x0016747C,68
FUN_00167480,0x00167480,0x001674AC,44
FUN_001674b0,0x001674B0,0x001674D0,32
FUN_001674d0,0x001674D0,0x00167638,360
FUN_00167638,0x00167638,0x00168120,2792
__static_initialization_and_destruction_0,0x00168120,0x00168194,116
MakeNew__24CEnemySpecificPlayerAnimRCQ23RWS16CAttributePacket,0x00168198,0x001681DC,68
FUN_001681f0,0x001681F0,0x00168304,276
FUN_00168308,0x00168308,0x00168378,112
FUN_00168378,0x00168378,0x001683C8,80
FUN_001683c8,0x001683C8,0x00168400,56
FUN_00168400,0x00168400,0x00168408,8
FUN_00168408,0x00168408,0x00168430,40
FUN_00168430,0x00168430,0x00168450,32
FUN_00168450,0x00168450,0x00168470,32
FUN_00168470,0x00168470,0x001685B8,328
__static_initialization_and_destruction_0,0x001685B8,0x0016862C,116
MakeNew__24CEnemySpecificPlayerAnimRCQ23RWS16CAttributePacket,0x00168630,0x00168674,68
FUN_00168678,0x00168678,0x00168778,256
FUN_00168778,0x00168778,0x0016888C,276
FUN_00168890,0x00168890,0x00168918,136
FUN_00168918,0x00168918,0x001689A0,136
FUN_001689a0,0x001689A0,0x001689F4,84
FUN_00168a00,0x00168A00,0x00168A40,64
FUN_00168a40,0x00168A40,0x00168A68,40
FUN_00168a68,0x00168A68,0x00168A88,32
FUN_00168a88,0x00168A88,0x00168AA8,32
__Q28Triggers9ActivatorRQ23RWS8CEventId,0x00168AB8,0x00168B10,88
___Q28Triggers9Activator,0x00168B10,0x00168B60,80
FUN_00168b60,0x00168B60,0x00168C28,200
FUN_00168c28,0x00168C28,0x00168E60,568
HandleAttributes__Q28Triggers16ButtonBoxTriggerRCQ23RWS16CAttributePacket,0x00168E60,0x00169130,720
__static_initialization_and_destruction_0,0x00169130,0x001691A0,112
FUN_001691a0,0x001691A0,0x001691D4,52
MakeNew__24CEnemySpecificPlayerAnimRCQ23RWS16CAttributePacket,0x001691D8,0x0016921C,68
__Q28Triggers16ButtonBoxTriggerRCQ23RWS16CAttributePacket,0x00169228,0x001692D0,168
FUN_001692d0,0x001692D0,0x00169404,308
FUN_00169408,0x00169408,0x00169428,32
FUN_00169428,0x00169428,0x00169448,32
FUN_00169448,0x00169448,0x001695D8,400
FUN_001695d8,0x001695D8,0x00169828,592
__static_initialization_and_destruction_0,0x00169828,0x00169898,112
MakeNew__24CEnemySpecificPlayerAnimRCQ23RWS16CAttributePacket,0x001698A0,0x001698E4,68
FUN_001698f0,0x001698F0,0x001699C4,212
FUN_001699c8,0x001699C8,0x00169B08,320
FUN_00169b08,0x00169B08,0x00169B28,32
FUN_00169b28,0x00169B28,0x00169B48,32
FUN_00169b48,0x00169B48,0x00169C5C,276
__static_initialization_and_destruction_0,0x00169C60,0x00169CD4,116
MakeNew__24CEnemySpecificPlayerAnimRCQ23RWS16CAttributePacket,0x00169CD8,0x00169D1C,68
FUN_00169d20,0x00169D20,0x00169D90,112
___Q28Triggers8CCounter,0x00169D90,0x00169E64,212
HandleEvents__Q28Triggers8CCounterRQ23RWS4CMsg,0x00169E68,0x00169ED4,108
FUN_00169ed8,0x00169ED8,0x00169F0C,52
FUN_00169f10,0x00169F10,0x00169F68,88
FUN_00169f68,0x00169F68,0x0016A004,156
FUN_0016a010,0x0016A010,0x0016A048,56
FUN_0016a048,0x0016A048,0x0016A068,32
FUN_0016a068,0x0016A068,0x0016A088,32
FUN_0016a088,0x0016A088,0x0016A194,268
__static_initialization_and_destruction_0,0x0016A198,0x0016A20C,116
MakeNew__24CEnemySpecificPlayerAnimRCQ23RWS16CAttributePacket,0x0016A210,0x0016A254,68
FUN_0016a258,0x0016A258,0x0016A2A8,80
___Q28Triggers11DataTrigger,0x0016A2A8,0x0016A32C,132
FUN_0016a330,0x0016A330,0x0016A41C,236
FUN_0016a420,0x0016A420,0x0016A428,8
REC_0016a430,0x0016A430,0x0016A450,32
FUN_0016a450,0x0016A450,0x0016A470,32
FUN_0016a470,0x0016A470,0x0016A550,224
__static_initialization_and_destruction_0,0x0016A550,0x0016A5C4,116
MakeNew__24CEnemySpecificPlayerAnimRCQ23RWS16CAttributePacket,0x0016A5C8,0x0016A60C,68
__Q28Triggers18CDistortionTriggerRCQ23RWS16CAttributePacket,0x0016A610,0x0016A674,100
___Q28Triggers18CDistortionTrigger,0x0016A678,0x0016A724,172
HandleEvents__Q28Triggers18CDistortionTriggerRQ23RWS4CMsg,0x0016A728,0x0016A830,264
FUN_0016a830,0x0016A830,0x0016A850,32
FUN_0016a850,0x0016A850,0x0016A870,32
FUN_0016a870,0x0016A870,0x0016AAE0,624
FUN_0016aae0,0x0016AAE0,0x0016AC18,312
__static_initialization_and_destruction_0,0x0016AC18,0x0016AC8C,116
MakeNew__24CEnemySpecificPlayerAnimRCQ23RWS16CAttributePacket,0x0016AC90,0x0016ACD4,68
FUN_0016acd8,0x0016ACD8,0x0016AD50,120
FUN_0016ad50,0x0016AD50,0x0016AE90,320
FUN_0016ae90,0x0016AE90,0x0016AEB0,32
FUN_0016aeb0,0x0016AEB0,0x0016AED0,32
FUN_0016aed0,0x0016AED0,0x0016B120,592
FUN_0016b120,0x0016B120,0x0016B248,296
__static_initialization_and_destruction_0,0x0016B248,0x0016B2BC,116
MakeNew__24CEnemySpecificPlayerAnimRCQ23RWS16CAttributePacket,0x0016B2C0,0x0016B304,68
FUN_0016b308,0x0016B308,0x0016B360,88
FUN_0016b360,0x0016B360,0x0016B428,200
FUN_0016b428,0x0016B428,0x0016B448,32
FUN_0016b448,0x0016B448,0x0016B468,32
FUN_0016b468,0x0016B468,0x0016B608,416
FUN_0016b608,0x0016B608,0x0016B7A0,408
FUN_0016b7a0,0x0016B7A0,0x0016B8B8,280
__static_initialization_and_destruction_0,0x0016B8B8,0x0016B92C,116
MakeNew__24CEnemySpecificPlayerAnimRCQ23RWS16CAttributePacket,0x0016B930,0x0016B974,68
FUN_0016b978,0x0016B978,0x0016BA0C,148
FUN_0016ba10,0x0016BA10,0x0016BB24,276
FUN_0016bb28,0x0016BB28,0x0016BBC4,156
FUN_0016bbc8,0x0016BBC8,0x0016BC4C,132
FUN_0016bc50,0x0016BC50,0x0016BCA8,88
FUN_0016bca8,0x0016BCA8,0x0016BD18,112
FUN_0016bd18,0x0016BD18,0x0016BD38,32
FUN_0016bd38,0x0016BD38,0x0016BD58,32
FUN_0016bd58,0x0016BD58,0x0016BE60,264
FUN_0016be60,0x0016BE60,0x0016BF48,232
__static_initialization_and_destruction_0,0x0016BF48,0x0016BFBC,116
MakeNew__24CEnemySpecificPlayerAnimRCQ23RWS16CAttributePacket,0x0016BFC8,0x0016C00C,68
FUN_0016c010,0x0016C010,0x0016C064,84
FUN_0016c068,0x0016C068,0x0016C0FC,148
FUN_0016c100,0x0016C100,0x0016C120,32
FUN_0016c120,0x0016C120,0x0016C140,32
FUN_0016c140,0x0016C140,0x0016C398,600
FUN_0016c398,0x0016C398,0x0016C694,764
__static_initialization_and_destruction_0,0x0016C698,0x0016C708,112
MakeNew__24CEnemySpecificPlayerAnimRCQ23RWS16CAttributePacket,0x0016C710,0x0016C754,68
FUN_0016c760,0x0016C760,0x0016C7D0,112
FUN_0016c7d0,0x0016C7D0,0x0016C8F4,292
FUN_0016c8f8,0x0016C8F8,0x0016C918,32
FUN_0016c918,0x0016C918,0x0016C938,32
FUN_0016c938,0x0016C938,0x0016CAA4,364
FUN_0016caa8,0x0016CAA8,0x0016CBC4,284
FUN_0016cbc8,0x0016CBC8,0x0016CE00,568
__static_initialization_and_destruction_0,0x0016CE00,0x0016CE74,116
MakeNew__24CEnemySpecificPlayerAnimRCQ23RWS16CAttributePacket,0x0016CE80,0x0016CEC4,68
FUN_0016cec8,0x0016CEC8,0x0016CF8C,196
HandleTrigger__Q28Triggers13CMessageRelay,0x0016CF90,0x0016D000,112
FUN_0016d000,0x0016D000,0x0016D058,88
FUN_0016d058,0x0016D058,0x0016D1D4,380
FUN_0016d1d8,0x0016D1D8,0x0016D22C,84
FUN_0016d230,0x0016D230,0x0016D2CC,156
FUN_0016d2d0,0x0016D2D0,0x0016D2F0,32
FUN_0016d2f0,0x0016D2F0,0x0016D310,32
FUN_0016d310,0x0016D310,0x0016D3D8,200
__static_initialization_and_destruction_0,0x0016D3D8,0x0016D44C,116
MakeNew__24CEnemySpecificPlayerAnimRCQ23RWS16CAttributePacket,0x0016D450,0x0016D494,68
FUN_0016d498,0x0016D498,0x0016D4E4,76
___Q28Triggers11DataTrigger,0x0016D4E8,0x0016D56C,132
FUN_0016d570,0x0016D570,0x0016D600,144
REC_0016d608,0x0016D608,0x0016D628,32
FUN_0016d628,0x0016D628,0x0016D648,32
HandleEvents__Q28Triggers17CPadRumbleTriggerRQ23RWS4CMsg,0x0016D648,0x0016D7F4,428
FUN_0016d7f8,0x0016D7F8,0x0016D910,280
__static_initialization_and_destruction_0,0x0016D910,0x0016D984,116
MakeNew__24CEnemySpecificPlayerAnimRCQ23RWS16CAttributePacket,0x0016D988,0x0016D9CC,68
__Q28Triggers17CPadRumbleTriggerRCQ23RWS16CAttributePacket,0x0016D9D0,0x0016DA44,116
___Q28Triggers17CPadRumbleTrigger,0x0016DA48,0x0016DAE8,160
FUN_0016dae8,0x0016DAE8,0x0016DB08,32
FUN_0016db08,0x0016DB08,0x0016DB28,32
FUN_0016db28,0x0016DB28,0x0016DC60,312
FUN_0016dc60,0x0016DC60,0x0016DD54,244
__static_initialization_and_destruction_0,0x0016DD58,0x0016DDCC,116
MakeNew__24CEnemySpecificPlayerAnimRCQ23RWS16CAttributePacket,0x0016DDD0,0x0016DE14,68
FUN_0016de18,0x0016DE18,0x0016DE74,92
FUN_0016de78,0x0016DE78,0x0016DF58,224
FUN_0016df58,0x0016DF58,0x0016DF78,32
FUN_0016df78,0x0016DF78,0x0016DF98,32
FUN_0016df98,0x0016DF98,0x0016E3B0,1048
HandleAttributes__Q28Triggers12PlaneTriggerRCQ23RWS16CAttributePacket,0x0016E3B0,0x0016E718,872
__static_initialization_and_destruction_0,0x0016E718,0x0016E788,112
MakeNew__24CEnemySpecificPlayerAnimRCQ23RWS16CAttributePacket,0x0016E790,0x0016E7D4,68
__Q28Triggers12PlaneTriggerRCQ23RWS16CAttributePacket,0x0016E7E0,0x0016E858,120
___Q28Triggers12PlaneTrigger,0x0016E858,0x0016E970,280
FUN_0016e970,0x0016E970,0x0016E990,32
FUN_0016e990,0x0016E990,0x0016E9B0,32
FUN_0016e9b0,0x0016E9B0,0x0016EA74,196
FUN_0016ea78,0x0016EA78,0x0016EB90,280
__static_initialization_and_destruction_0,0x0016EB90,0x0016EC04,116
MakeNew__24CEnemySpecificPlayerAnimRCQ23RWS16CAttributePacket,0x0016EC10,0x0016EC54,68
FUN_0016ec58,0x0016EC58,0x0016ECB0,88
___Q28Triggers19CScreenShakeTrigger,0x0016ECB0,0x0016ED2C,124
FUN_0016ed30,0x0016ED30,0x0016ED50,32
FUN_0016ed50,0x0016ED50,0x0016ED70,32
FUN_0016ed70,0x0016ED70,0x0016EE98,296
__static_initialization_and_destruction_0,0x0016EE98,0x0016EF0C,116
MakeNew__24CEnemySpecificPlayerAnimRCQ23RWS16CAttributePacket,0x0016EF10,0x0016EF54,68
__Q28Triggers14CSlowMoTriggerRCQ23RWS16CAttributePacket,0x0016EF58,0x0016EFC4,108
___Q28Triggers14CSlowMoTrigger,0x0016EFC8,0x0016F08C,196
HandleEvents__Q28Triggers14CSlowMoTriggerRQ23RWS4CMsg,0x0016F090,0x0016F130,160
SlowMoIn__Q28Triggers14CSlowMoTrigger,0x0016F130,0x0016F190,96
SlowMoOut__Q28Triggers14CSlowMoTrigger,0x0016F190,0x0016F1FC,108
FUN_0016f200,0x0016F200,0x0016F220,32
FUN_0016f220,0x0016F220,0x0016F240,32
FUN_0016f240,0x0016F240,0x0016F2E8,168
__static_initialization_and_destruction_0,0x0016F2E8,0x0016F35C,116
MakeNew__24CEnemySpecificPlayerAnimRCQ23RWS16CAttributePacket,0x0016F360,0x0016F3A4,68
__Q28Triggers11CStaticInitRCQ23RWS16CAttributePacket,0x0016F3A8,0x0016F408,96
___Q28Triggers11CStaticInit,0x0016F408,0x0016F488,128
HandleEvents__Q28Triggers11CStaticInitRQ23RWS4CMsg,0x0016F488,0x0016F504,124
FUN_0016f508,0x0016F508,0x0016F528,32
FUN_0016f528,0x0016F528,0x0016F548,32
FUN_0016f548,0x0016F548,0x0016F67C,308
FUN_0016f680,0x0016F680,0x0016F74C,204
__static_initialization_and_destruction_0,0x0016F750,0x0016F7C4,116
MakeNew__24CEnemySpecificPlayerAnimRCQ23RWS16CAttributePacket,0x0016F7C8,0x0016F80C,68
FUN_0016f810,0x0016F810,0x0016F860,80
FUN_0016f860,0x0016F860,0x0016F918,184
FUN_0016f918,0x0016F918,0x0016F938,32
FUN_0016f938,0x0016F938,0x0016F958,32
PointInsidePolygon__114_GLOBAL__N_e__p4_helene1667_GhostRider_code_game_modules_Objects_Triggers_AreaTriggers_AreaTrigger2DPoly_cppIcxaaaG5RwV2dPQ211PolygonArea16RwPolygonAreaDef,0x0016F958,0x0016FA24,204
LinesIntersect__114_GLOBAL__N_e__p4_helene1667_GhostRider_code_game_modules_Objects_Triggers_AreaTriggers_AreaTrigger2DPoly_cppIcxaaaGQ2114_GLOBAL__N_e__p4_helene1667_GhostRider_code_game_modules_Objects_Triggers_AreaTriggers_AreaTrigger2DPoly_cppIcxaaa8Rw2dLineT1,0x0016FA28,0x0016FE1C,1012
FUN_0016fe20,0x0016FE20,0x0016FEE8,200
__static_initialization_and_destruction_0,0x0016FEE8,0x0016FF5C,116
MakeNew__24CEnemySpecificPlayerAnimRCQ23RWS16CAttributePacket,0x0016FF60,0x0016FFA4,68
__Q28Triggers17AreaTrigger2DPolyRCQ23RWS16CAttributePacket,0x0016FFB0,0x0017002C,124
FUN_00170030,0x00170030,0x001700CC,156
PointInsideGeometry__Q28Triggers17AreaTrigger2DPolyPC5RwV3d,0x001700D0,0x001701BC,236
LineIntersectGeometry__Q28Triggers17AreaTrigger2DPolyPC6RwLine,0x001701C0,0x001702E0,288
FUN_001702e0,0x001702E0,0x00170300,32
EnterEvent__Q28Triggers17AreaTrigger2DPolyPQ23RWS13CEventHandler,0x00170300,0x00170344,68
EnterEvent__Q28Triggers17AreaTrigger2DPolyPQ23RWS13CEventHandler,0x00170348,0x0017038C,68
FUN_00170390,0x00170390,0x001703B0,32
FUN_001703b0,0x001703B0,0x001703D0,32
__Q28Triggers15AreaTriggerBaseRCQ23RWS16CAttributePacket,0x001703D0,0x001704FC,300
FUN_00170500,0x00170500,0x0017064C,332
HandleAttributes__Q28Triggers15AreaTriggerBaseRCQ23RWS16CAttributePacket,0x00170650,0x00170900,688
FUN_00170900,0x00170900,0x001709A8,168
Register__17ActivatorMessagesv,0x001709A8,0x00170A2C,132
FUN_00170a38,0x00170A38,0x00170B00,200
___Q28Triggers15AreaTriggerBase,0x00170B00,0x00170C18,280
SetLogic__Q28Triggers15AreaTriggerBasei,0x00170C18,0x00170D18,256
FUN_00170d18,0x00170D18,0x00170D38,32
FUN_00170d38,0x00170D38,0x00170D58,32
FUN_00170d58,0x00170D58,0x00170EAC,340
TellBattleManager__Q28Triggers24AreaTriggerBattleManager,0x00170EB0,0x00170FEC,316
__static_initialization_and_destruction_0,0x00170FF0,0x00171064,116
MakeNew__24CEnemySpecificPlayerAnimRCQ23RWS16CAttributePacket,0x00171068,0x001710AC,68
__Q28Triggers24AreaTriggerBattleManagerRCQ23RWS16CAttributePacket,0x001710B0,0x00171124,116
___Q28Triggers24AreaTriggerBattleManager,0x00171128,0x001711B0,136
HandleEvents__Q28Triggers24AreaTriggerBattleManagerRQ23RWS4CMsg,0x001711B0,0x00171214,100
FUN_00171218,0x00171218,0x00171250,56
FUN_00171250,0x00171250,0x00171288,56
FUN_00171288,0x00171288,0x001712A8,32
FUN_001712a8,0x001712A8,0x001712C8,32
FUN_001712c8,0x001712C8,0x0017141C,340
FUN_00171420,0x00171420,0x001715A4,388
FUN_001715a8,0x001715A8,0x0017172C,388
LineIntersectGeometry__Q28Triggers19AreaTriggerBoxLogicPC6RwLine,0x00171730,0x001718A4,372
__static_initialization_and_destruction_0,0x001718A8,0x0017192C,132
MakeNew__24CEnemySpecificPlayerAnimRCQ23RWS16CAttributePacket,0x00171938,0x0017197C,68
__Q29BikeAudio16CBikeAudioFilterRCQ23RWS16CAttributePacket,0x00171988,0x001719E8,96
FUN_001719e8,0x001719E8,0x00171A88,160
__Q26Camera13CFollowCameraRCQ23RWS16CAttributePacket,0x00171A98,0x00171AD8,64
FUN_00171ad8,0x00171AD8,0x00171B08,48
FUN_00171b08,0x00171B08,0x00171B24,28
PointInsideGeometry__Q28Triggers19AreaTriggerBoxLogicPC5RwV3d,0x00171B28,0x00171BCC,164
FUN_00171bd8,0x00171BD8,0x00171BF8,32
FUN_00171bf8,0x00171BF8,0x00171C18,32
FUN_00171c18,0x00171C18,0x00171C40,40
FUN_00171c40,0x00171C40,0x00171C68,40
FUN_00171c68,0x00171C68,0x00171C90,40
FUN_00171c90,0x00171C90,0x00171CA8,24
FUN_00171ca8,0x00171CA8,0x00171CD8,48
FUN_00171cd8,0x00171CD8,0x00171D08,48
FUN_00171d08,0x00171D08,0x00171D24,28
FUN_00171d28,0x00171D28,0x00171D44,28
FUN_00171d48,0x00171D48,0x00171D80,56
FUN_00171d80,0x00171D80,0x00171DB8,56
__Q28Triggers26AreaTriggerFireOnceOnEntryPQ28Triggers15AreaTriggerBase,0x00171DB8,0x00171E00,72
ProcessLogic__Q28Triggers33AreaTriggerFireOnceOnEntryAndExitPQ23RWS13CEventHandleri,0x00171E00,0x00171EA8,168
OnEnter__Q28Triggers33AreaTriggerFireOnceOnEntryAndExitPQ23RWS13CEventHandler,0x00171EA8,0x00171F0C,100
OnExit__Q28Triggers26AreaTriggerFireOnceOnEntryPQ23RWS13CEventHandler,0x00171F10,0x00171F90,128
__Q28Triggers30AreaTriggerFireOnceOnlyOnEntryPQ28Triggers15AreaTriggerBase,0x00171F90,0x00171FE8,88
OnEnter__Q28Triggers30AreaTriggerFireOnceOnlyOnEntryPQ23RWS13CEventHandler,0x00171FE8,0x0017207C,148
__Q28Triggers26AreaTriggerFireOnceOnEntryPQ28Triggers15AreaTriggerBase,0x00172088,0x001720D0,72
ProcessLogic__Q28Triggers33AreaTriggerFireOnceOnEntryAndExitPQ23RWS13CEventHandleri,0x001720D0,0x00172178,168
OnEnter__Q28Triggers33AreaTriggerFireOnceOnEntryAndExitPQ23RWS13CEventHandler,0x00172178,0x001721DC,100
OnExit__Q28Triggers33AreaTriggerFireOnceOnEntryAndExitPQ23RWS13CEventHandler,0x001721E0,0x00172290,176
HandleAttributes__Q28Triggers7LifeBoxRCQ23RWS16CAttributePacket,0x00172290,0x001723E0,336
__static_initialization_and_destruction_0,0x001723E0,0x00172454,116
MakeNew__24CEnemySpecificPlayerAnimRCQ23RWS16CAttributePacket,0x00172458,0x0017249C,68
FUN_001724a0,0x001724A0,0x00172534,148
FUN_00172538,0x00172538,0x00172568,48
FUN_00172568,0x00172568,0x00172584,28
FUN_00172588,0x00172588,0x00172628,160
FUN_00172628,0x00172628,0x00172648,32
FUN_00172648,0x00172648,0x00172668,32
FUN_00172668,0x00172668,0x001727B0,328
FUN_001727b0,0x001727B0,0x001728CC,284
FUN_001728d0,0x001728D0,0x001729EC,284
FUN_001729f0,0x001729F0,0x00172B84,404
__static_initialization_and_destruction_0,0x00172B88,0x00172BFC,116
MakeNew__24CEnemySpecificPlayerAnimRCQ23RWS16CAttributePacket,0x00172C00,0x00172C44,68
FUN_00172c48,0x00172C48,0x00172D00,184
FUN_00172d00,0x00172D00,0x00172D68,104
FUN_00172d68,0x00172D68,0x00172D94,44
FUN_00172d98,0x00172D98,0x00172DC4,44
FUN_00172dc8,0x00172DC8,0x00172E54,140
FUN_00172e58,0x00172E58,0x00172E78,32
FUN_00172e78,0x00172E78,0x00172E98,32
FUN_00172e98,0x00172E98,0x00173008,368
FUN_00173008,0x00173008,0x001731C4,444
__static_initialization_and_destruction_0,0x001731C8,0x0017323C,116
MakeNew__24CEnemySpecificPlayerAnimRCQ23RWS16CAttributePacket,0x00173240,0x00173284,68
FUN_00173288,0x00173288,0x0017335C,212
FUN_00173360,0x00173360,0x001733B8,88
FUN_001733b8,0x001733B8,0x00173444,140
FUN_00173448,0x00173448,0x001734CC,132
FUN_001734d0,0x001734D0,0x00173554,132
REC_00173560,0x00173560,0x00173580,32
FUN_00173580,0x00173580,0x001735A0,32
FUN_001735a0,0x001735A0,0x00173664,196
__static_initialization_and_destruction_0,0x00173668,0x001736DC,116
MakeNew__24CEnemySpecificPlayerAnimRCQ23RWS16CAttributePacket,0x001736E0,0x00173724,68
FUN_00173728,0x00173728,0x00173788,96
FUN_00173788,0x00173788,0x00173820,152
FUN_00173820,0x00173820,0x0017386C,76
FUN_00173870,0x00173870,0x001738FC,140
FUN_00173900,0x00173900,0x00173920,32
FUN_00173920,0x00173920,0x00173940,32
FUN_00173940,0x00173940,0x00173A4C,268
__static_initialization_and_destruction_0,0x00173A50,0x00173AC4,116
MakeNew__24CEnemySpecificPlayerAnimRCQ23RWS16CAttributePacket,0x00173AC8,0x00173B0C,68
FUN_00173b10,0x00173B10,0x00173B70,96
FUN_00173b70,0x00173B70,0x00173C08,152
FUN_00173c08,0x00173C08,0x00173C54,76
FUN_00173c58,0x00173C58,0x00173CE4,140
FUN_00173ce8,0x00173CE8,0x00173D08,32
FUN_00173d08,0x00173D08,0x00173D28,32
FUN_00173d28,0x00173D28,0x00173F6C,580
__static_initialization_and_destruction_0,0x00173F70,0x00173FE4,116
MakeNew__24CEnemySpecificPlayerAnimRCQ23RWS16CAttributePacket,0x00173FE8,0x0017402C,68
FUN_00174030,0x00174030,0x00174104,212
FUN_00174108,0x00174108,0x0017418C,132
FUN_00174190,0x00174190,0x00174228,152
FUN_00174228,0x00174228,0x00174274,76
FUN_00174278,0x00174278,0x00174304,140
FUN_00174308,0x00174308,0x0017433C,52
FUN_00174340,0x00174340,0x00174354,20
FUN_00174358,0x00174358,0x00174368,16
GetFrameByIDCallback__FP7RwFramePv,0x00174368,0x001743C0,88
FUN_001743c0,0x001743C0,0x001743E0,32
FUN_001743e0,0x001743E0,0x00174400,32
FUN_00174400,0x00174400,0x0017455C,348
__static_initialization_and_destruction_0,0x00174560,0x001745D4,116
MakeNew__24CEnemySpecificPlayerAnimRCQ23RWS16CAttributePacket,0x001745D8,0x0017461C,68
FUN_00174620,0x00174620,0x001746A0,128
FUN_001746a0,0x001746A0,0x001747E4,324
FUN_001747e8,0x001747E8,0x00174844,92
FUN_00174848,0x00174848,0x00174894,76
FUN_00174898,0x00174898,0x00174918,128
FUN_00174918,0x00174918,0x0017499C,132
FUN_001749a0,0x001749A0,0x00174A24,132
FUN_00174a28,0x00174A28,0x00174AAC,132
FUN_00174ab0,0x00174AB0,0x00174AD0,32
FUN_00174ad0,0x00174AD0,0x00174AF0,32
FUN_00174af0,0x00174AF0,0x00174C40,336
__static_initialization_and_destruction_0,0x00174C40,0x00174CB4,116
MakeNew__24CEnemySpecificPlayerAnimRCQ23RWS16CAttributePacket,0x00174CB8,0x00174CFC,68
FUN_00174d00,0x00174D00,0x00174DB0,176
FUN_00174db0,0x00174DB0,0x00174E7C,204
FUN_00174e80,0x00174E80,0x00174ECC,76
FUN_00174ed0,0x00174ED0,0x00174F5C,140
FUN_00174f60,0x00174F60,0x00174FAC,76
FUN_00174fb0,0x00174FB0,0x00174FD8,40
FUN_00174fd8,0x00174FD8,0x00175000,40
FUN_00175000,0x00175000,0x00175028,40
FUN_00175028,0x00175028,0x00175048,32
FUN_00175048,0x00175048,0x00175068,32
FUN_00175068,0x00175068,0x001751E8,384
FUN_001751e8,0x001751E8,0x00175334,332
__static_initialization_and_destruction_0,0x00175338,0x001753AC,116
MakeNew__24CEnemySpecificPlayerAnimRCQ23RWS16CAttributePacket,0x001753B0,0x001753F4,68
FUN_001753f8,0x001753F8,0x00175458,96
FUN_00175458,0x00175458,0x001754F0,152
FUN_001754f0,0x001754F0,0x0017553C,76
FUN_00175540,0x00175540,0x001755F4,180
FUN_001755f8,0x001755F8,0x00175618,32
FUN_00175618,0x00175618,0x00175638,32
FUN_00175638,0x00175638,0x00175758,288
__static_initialization_and_destruction_0,0x00175758,0x001757CC,116
MakeNew__24CEnemySpecificPlayerAnimRCQ23RWS16CAttributePacket,0x001757D0,0x00175814,68
FUN_00175818,0x00175818,0x00175878,96
FUN_00175878,0x00175878,0x00175910,152
FUN_00175910,0x00175910,0x0017595C,76
FUN_00175960,0x00175960,0x001759EC,140
FUN_001759f0,0x001759F0,0x00175A10,32
FUN_00175a10,0x00175A10,0x00175A30,32
FUN_00175a30,0x00175A30,0x00175B50,288
__static_initialization_and_destruction_0,0x00175B50,0x00175BC4,116
MakeNew__24CEnemySpecificPlayerAnimRCQ23RWS16CAttributePacket,0x00175BC8,0x00175C0C,68
FUN_00175c10,0x00175C10,0x00175C70,96
FUN_00175c70,0x00175C70,0x00175D08,152
FUN_00175d08,0x00175D08,0x00175D54,76
FUN_00175d58,0x00175D58,0x00175DE4,140
FUN_00175de8,0x00175DE8,0x00175E08,32
FUN_00175e08,0x00175E08,0x00175E28,32
FUN_00175e28,0x00175E28,0x00175F1C,244
__static_initialization_and_destruction_0,0x00175F20,0x00175F94,116
MakeNew__24CEnemySpecificPlayerAnimRCQ23RWS16CAttributePacket,0x00175FA8,0x00175FEC,68
FUN_00175ff0,0x00175FF0,0x00176048,88
___Q26Camera14CFmaCameraNode,0x00176048,0x00176104,188
FUN_00176108,0x00176108,0x00176164,92
FUN_00176168,0x00176168,0x001761AC,68
FUN_001761b0,0x001761B0,0x001761F4,68
FUN_001761f8,0x001761F8,0x00176218,32
FUN_00176218,0x00176218,0x00176238,32
FUN_00176238,0x00176238,0x00176344,268
__static_initialization_and_destruction_0,0x00176348,0x001763BC,116
MakeNew__24CEnemySpecificPlayerAnimRCQ23RWS16CAttributePacket,0x001763C0,0x00176404,68
FUN_00176408,0x00176408,0x00176468,96
FUN_00176468,0x00176468,0x00176500,152
FUN_00176500,0x00176500,0x0017654C,76
FUN_00176550,0x00176550,0x001765DC,140
FUN_001765e0,0x001765E0,0x00176600,32
FUN_00176600,0x00176600,0x00176620,32
FUN_00176620,0x00176620,0x00176AF8,1240
FUN_00176af8,0x00176AF8,0x00176D2C,564
FUN_00176d30,0x00176D30,0x00176EC8,408
FUN_00176ec8,0x00176EC8,0x00177594,1740
FUN_00177598,0x00177598,0x001777E8,592
FUN_001777e8,0x001777E8,0x00177B44,860
FUN_00177b48,0x00177B48,0x00177C5C,276
FUN_00177c60,0x00177C60,0x00177DCC,364
FUN_00177dd0,0x00177DD0,0x001783F8,1576
FUN_001783f8,0x001783F8,0x00178660,616
__static_initialization_and_destruction_0,0x00178660,0x00178718,184
FUN_00178718,0x00178718,0x001787C8,176
MakeNew__24CEnemySpecificPlayerAnimRCQ23RWS16CAttributePacket,0x001787C8,0x0017880C,68
MakeNew__24CEnemySpecificPlayerAnimRCQ23RWS16CAttributePacket,0x00178818,0x0017885C,68
FUN_00178870,0x00178870,0x00178920,176
FUN_00178920,0x00178920,0x0017892C,12
FUN_00178930,0x00178930,0x0017899C,108
FUN_001789a0,0x001789A0,0x001789C0,32
FUN_001789c0,0x001789C0,0x00178A28,104
FUN_00178a28,0x00178A28,0x00178A84,92
FUN_00178a88,0x00178A88,0x00178B0C,132
RenderEnd__5CZonePQ33RWS8MainLoop11sUpdateData,0x00178B10,0x00178B50,64
FUN_00178b50,0x00178B50,0x00178B58,8
SetCollision__5CZoneP7RpWorldPQ27Physics18S_SurfaceModifiersPii,0x00178B60,0x00178BEC,140
FUN_00178bf0,0x00178BF0,0x00178C18,40
FUN_00178c18,0x00178C18,0x00178C94,124
FUN_00178ca0,0x00178CA0,0x00178D54,180
FUN_00178d58,0x00178D58,0x00178DFC,164
FUN_00178e00,0x00178E00,0x00178E10,16
FUN_00178e18,0x00178E18,0x00178E20,8
FUN_00178e20,0x00178E20,0x00178E88,104
PostCreate__14CZoneCollisionPCQ23RWS16CAttributePacket,0x00178E88,0x00178F70,232
FUN_00178f70,0x00178F70,0x00178F90,32
FUN_00178f90,0x00178F90,0x00178FB0,32
FUN_00178fb0,0x00178FB0,0x001792A4,756
FUN_001792a8,0x001792A8,0x00179484,476
FUN_00179488,0x00179488,0x00179490,8
FUN_00179490,0x00179490,0x0017950C,124
FUN_00179518,0x00179518,0x00179598,128
FUN_001795a8,0x001795A8,0x00179620,120
FUN_00179620,0x00179620,0x00179648,40
FUN_00179648,0x00179648,0x00179668,32
FUN_00179668,0x00179668,0x00179868,512
FUN_00179868,0x00179868,0x001799D8,368
FUN_001799d8,0x001799D8,0x00179AE0,264
FUN_00179ae0,0x00179AE0,0x00179C40,352
FUN_00179c40,0x00179C40,0x00179D60,288
FUN_00179d60,0x00179D60,0x00179FB8,600
FUN_00179fb8,0x00179FB8,0x0017A4F8,1344
FUN_0017a4f8,0x0017A4F8,0x0017A6B8,448
FUN_0017a6b8,0x0017A6B8,0x0017A7A4,236
FUN_0017a7a8,0x0017A7A8,0x0017A900,344
FUN_0017a900,0x0017A900,0x0017AA54,340
FUN_0017aa58,0x0017AA58,0x0017AC24,460
FUN_0017ac28,0x0017AC28,0x0017ADC4,412
FUN_0017adc8,0x0017ADC8,0x0017AF24,348
FUN_0017af30,0x0017AF30,0x0017AF68,56
FUN_0017af68,0x0017AF68,0x0017B000,152
Update__12CZoneManagerf,0x0017B010,0x0017B05C,76
SetRestartCheckpoint__12CZoneManagerPQ28Spawning17CPlayerCheckpointi,0x0017B068,0x0017B0F4,140
FUN_0017b0f8,0x0017B0F8,0x0017B100,8
FUN_0017b118,0x0017B118,0x0017B124,12
FUN_0017b128,0x0017B128,0x0017B210,232
FUN_0017b210,0x0017B210,0x0017B2B0,160
FUN_0017b2b0,0x0017B2B0,0x0017B2DC,44
FUN_0017b2e0,0x0017B2E0,0x0017B394,180
FUN_0017b398,0x0017B398,0x0017B448,176
FUN_0017b448,0x0017B448,0x0017B484,60
FUN_0017b488,0x0017B488,0x0017B50C,132
FUN_0017b510,0x0017B510,0x0017B53C,44
CmdActivate__12CZoneManagerP8CZoneCmd,0x0017B540,0x0017B5B0,112
FUN_0017b5b0,0x0017B5B0,0x0017B680,208
FUN_0017b680,0x0017B680,0x0017B6C0,64
FUN_0017b6c0,0x0017B6C0,0x0017B77C,188
FUN_0017b780,0x0017B780,0x0017B7A0,32
FUN_0017b7a0,0x0017B7A0,0x0017B844,164
FUN_0017b848,0x0017B848,0x0017B88C,68
FUN_0017b890,0x0017B890,0x0017B8B0,32
FUN_0017b8b0,0x0017B8B0,0x0017B8CC,28
FUN_0017b8d8,0x0017B8D8,0x0017B90C,52
FUN_0017b910,0x0017B910,0x0017B944,52
CreateAtomicInWorldFromResource__12CZoneManagerRCQ23RWS16CAttributePacketPQ23RWS13CEventHandler,0x0017B948,0x0017B998,80
FUN_0017b998,0x0017B998,0x0017B9BC,36
Remove__12CZoneManagerP7RpClump,0x0017B9C0,0x0017BA00,64
FUN_0017ba00,0x0017BA00,0x0017BA24,36
Remove__12CZoneManagerP7RpClump,0x0017BA28,0x0017BA68,64
FUN_0017ba68,0x0017BA68,0x0017BA8C,36
Remove__12CZoneManagerP7RpClump,0x0017BA90,0x0017BAD0,64
FUN_0017bad8,0x0017BAD8,0x0017BB44,108
FUN_0017bb48,0x0017BB48,0x0017BB64,28
FUN_0017bb68,0x0017BB68,0x0017BB88,32
FUN_0017bb88,0x0017BB88,0x0017BBA8,32
FUN_0017bba8,0x0017BBA8,0x0017BCD8,304
FUN_0017bcd8,0x0017BCD8,0x0017BF80,680
FUN_0017bf80,0x0017BF80,0x0017C1D0,592
FUN_0017c1d0,0x0017C1D0,0x0017C484,692
FUN_0017c488,0x0017C488,0x0017C580,248
__static_initialization_and_destruction_0,0x0017C580,0x0017C5F4,116
MakeNew__24CEnemySpecificPlayerAnimRCQ23RWS16CAttributePacket,0x0017C5F8,0x0017C63C,68
FUN_0017c648,0x0017C648,0x0017C668,32
FUN_0017c668,0x0017C668,0x0017C688,32
FUN_0017c688,0x0017C688,0x0017C828,416
FUN_0017c828,0x0017C828,0x0017CC70,1096
FUN_0017cc70,0x0017CC70,0x0017CCC4,84
FUN_0017ccd0,0x0017CCD0,0x0017CE10,320
FUN_0017ce28,0x0017CE28,0x0017CE60,56
REC_0017ce68,0x0017CE68,0x0017CF70,264
FUN_0017cf98,0x0017CF98,0x0017CFC8,48
REC_0017cfd8,0x0017CFD8,0x0017CFF8,32
FUN_0017cff8,0x0017CFF8,0x0017D018,32
__static_initialization_and_destruction_0,0x0017D018,0x0017D08C,116
MakeNew__24CEnemySpecificPlayerAnimRCQ23RWS16CAttributePacket,0x0017D090,0x0017D0D4,68
FUN_0017d0e0,0x0017D0E0,0x0017D0F0,16
FUN_0017d0f8,0x0017D0F8,0x0017D1AC,180
___8CSkyDome,0x0017D1B0,0x0017D254,164
FUN_0017d258,0x0017D258,0x0017D294,60
FUN_0017d298,0x0017D298,0x0017D2D4,60
FUN_0017d2d8,0x0017D2D8,0x0017D2F8,32
FUN_0017d2f8,0x0017D2F8,0x0017D318,32
FUN_0017d318,0x0017D318,0x0017D3E4,204
FUN_0017d3e8,0x0017D3E8,0x0017D494,172
MakeNew__24CEnemySpecificPlayerAnimRCQ23RWS16CAttributePacket,0x0017D498,0x0017D4DC,68
__14CFMAControllerRCQ23RWS16CAttributePacket,0x0017D4E0,0x0017D564,132
FUN_0017d568,0x0017D568,0x0017D604,156
HandleEvents__14CFMAControllerRQ23RWS4CMsg,0x0017D608,0x0017D678,112
FUN_0017d678,0x0017D678,0x0017D698,32
FUN_0017d698,0x0017D698,0x0017D6B8,32
FUN_0017d6b8,0x0017D6B8,0x0017D86C,436
__static_initialization_and_destruction_0,0x0017D870,0x0017D8E4,116
MakeNew__24CEnemySpecificPlayerAnimRCQ23RWS16CAttributePacket,0x0017D8E8,0x0017D92C,68
FUN_0017d930,0x0017D930,0x0017D9AC,124
FUN_0017d9b0,0x0017D9B0,0x0017DA9C,236
FUN_0017daa0,0x0017DAA0,0x0017DB30,144
FUN_0017db30,0x0017DB30,0x0017DB50,32
FUN_0017db50,0x0017DB50,0x0017DB70,32
FUN_0017db70,0x0017DB70,0x0017DC18,168
__static_initialization_and_destruction_0,0x0017DC18,0x0017DC8C,116
MakeNew__24CEnemySpecificPlayerAnimRCQ23RWS16CAttributePacket,0x0017DC90,0x0017DCD4,68
__15CFMAPlayerMoverRCQ23RWS16CAttributePacket,0x0017DCD8,0x0017DD3C,100
___15CFMAPlayerMover,0x0017DD40,0x0017DDC8,136
HandleEvents__15CFMAPlayerMoverRQ23RWS4CMsg,0x0017DDC8,0x0017DE3C,116
FUN_0017de40,0x0017DE40,0x0017DE60,32
FUN_0017de60,0x0017DE60,0x0017DE80,32
FUN_0017de80,0x0017DE80,0x0017E044,452
FUN_0017e048,0x0017E048,0x0017E1DC,404
__static_initialization_and_destruction_0,0x0017E1E0,0x0017E298,184
FUN_0017e298,0x0017E298,0x0017E2D0,56
FUN_0017e2d0,0x0017E2D0,0x0017E340,112
FUN_0017e340,0x0017E340,0x0017E378,56
FUN_0017e378,0x0017E378,0x0017E3E8,112
FUN_0017e3e8,0x0017E3E8,0x0017E400,24
FUN_0017e400,0x0017E400,0x0017E418,24
FUN_0017e418,0x0017E418,0x0017E448,48
FUN_0017e448,0x0017E448,0x0017E4F0,168
FUN_0017e4f0,0x0017E4F0,0x0017E594,164
FUN_0017e598,0x0017E598,0x0017E5B0,24
FUN_0017e5b0,0x0017E5B0,0x0017E624,116
FUN_0017e628,0x0017E628,0x0017E6A0,120
FUN_0017e6a0,0x0017E6A0,0x0017E748,168
FUN_0017e748,0x0017E748,0x0017E764,28
FUN_0017e768,0x0017E768,0x0017E7C8,96
FUN_0017e7c8,0x0017E7C8,0x0017E7E0,24
FUN_0017e7e0,0x0017E7E0,0x0017E854,116
FUN_0017e858,0x0017E858,0x0017E8D0,120
FUN_0017e8d0,0x0017E8D0,0x0017E978,168
FUN_0017e978,0x0017E978,0x0017E994,28
FUN_0017e998,0x0017E998,0x0017E9B8,32
FUN_0017e9b8,0x0017E9B8,0x0017E9D8,32
FUN_0017e9d8,0x0017E9D8,0x0017EAA0,200
FUN_0017eaa0,0x0017EAA0,0x0017F0AC,1548
FUN_0017f0b0,0x0017F0B0,0x0017F4D0,1056
FUN_0017f4d0,0x0017F4D0,0x0017F530,96
FUN_0017f530,0x0017F530,0x0017F554,36
FUN_0017f558,0x0017F558,0x0017F57C,36
FUN_0017f580,0x0017F580,0x0017F5A4,36
FUN_0017f5c0,0x0017F5C0,0x0017F5CC,12
FUN_0017f5d8,0x0017F5D8,0x0017F5E4,12
FUN_0017f5e8,0x0017F5E8,0x0017F5F4,12
FUN_0017f5f8,0x0017F5F8,0x0017F604,12
FUN_0017f608,0x0017F608,0x0017F614,12
FUN_0017f618,0x0017F618,0x0017F624,12
FUN_0017f628,0x0017F628,0x0017F634,12
FUN_0017f638,0x0017F638,0x0017F644,12
FUN_0017f648,0x0017F648,0x0017F654,12
FUN_0017f658,0x0017F658,0x0017F664,12
FUN_0017f668,0x0017F668,0x0017F68C,36
FUN_0017f690,0x0017F690,0x0017F6B4,36
FUN_0017f6b8,0x0017F6B8,0x0017F6DC,36
FUN_0017f6e8,0x0017F6E8,0x0017F708,32
FUN_0017f718,0x0017F718,0x0017F750,56
FUN_0017f750,0x0017F750,0x0017F75C,12
FUN_0017f760,0x0017F760,0x0017F76C,12
FUN_0017f770,0x0017F770,0x0017F77C,12
FUN_0017f780,0x0017F780,0x0017F78C,12
FUN_0017f790,0x0017F790,0x0017F7E0,80
FUN_0017f7e0,0x0017F7E0,0x0017F800,32
FUN_0017f800,0x0017F800,0x0017F834,52
FUN_0017f838,0x0017F838,0x0017F8B0,120
FUN_0017f8b0,0x0017F8B0,0x0017FB64,692
FUN_0017fb68,0x0017FB68,0x0017FD18,432
FUN_0017fd18,0x0017FD18,0x0017FEDC,452
FUN_0017fee0,0x0017FEE0,0x00180114,564
FUN_00180118,0x00180118,0x001802B8,416
FUN_001802b8,0x001802B8,0x0018040C,340
MakeNew__24CEnemySpecificPlayerAnimRCQ23RWS16CAttributePacket,0x00180410,0x00180454,68
FUN_00180468,0x00180468,0x001804F8,144
FUN_001804f8,0x001804F8,0x00180588,144
FUN_00180590,0x00180590,0x00180620,144
FUN_00180620,0x00180620,0x001806B0,144
FUN_001806b0,0x001806B0,0x001806E0,48
FUN_001806e0,0x001806E0,0x001806F8,24
FUN_00180700,0x00180700,0x00180754,84
FUN_00180758,0x00180758,0x00180778,32
FUN_00180778,0x00180778,0x00180798,32
FUN_00180798,0x00180798,0x001809F4,604
FUN_001809f8,0x001809F8,0x00180B48,336
__static_initialization_and_destruction_0,0x00180B48,0x00180B88,64
FUN_00180bc0,0x00180BC0,0x00180C60,160
FUN_00180c60,0x00180C60,0x00180C88,40
REC_00180c90,0x00180C90,0x00180D04,116
FUN_00180d10,0x00180D10,0x00180D5C,76
FUN_00180d68,0x00180D68,0x00180DB4,76
FUN_00180db8,0x00180DB8,0x00180E30,120
FUN_00180e30,0x00180E30,0x00180E94,100
FUN_00180e98,0x00180E98,0x00180EF8,96
FUN_00180ef8,0x00180EF8,0x00180F50,88
FUN_00180f50,0x00180F50,0x00180FAC,92
FUN_00180fb0,0x00180FB0,0x00181020,112
FUN_00181020,0x00181020,0x00181084,100
FUN_00181088,0x00181088,0x001810AC,36
FUN_001810b0,0x001810B0,0x001810D0,32
FUN_001810d0,0x001810D0,0x001810F0,32
FUN_001810f0,0x001810F0,0x001812E0,496
FUN_001812e0,0x001812E0,0x00181384,164
FUN_00181388,0x00181388,0x0018140C,132
FUN_00181410,0x00181410,0x0018147C,108
FUN_00181480,0x00181480,0x001814F0,112
FUN_001814f0,0x001814F0,0x001815D4,228
FUN_001815d8,0x001815D8,0x00181688,176
FUN_00181688,0x00181688,0x00181704,124
FUN_00181708,0x00181708,0x0018171C,20
FUN_00181720,0x00181720,0x001817EC,204
FUN_001817f0,0x001817F0,0x00181938,328
FUN_00181938,0x00181938,0x001819B4,124
FUN_001819b8,0x001819B8,0x00181A20,104
FUN_00181a20,0x00181A20,0x00181A68,72
FUN_00181a68,0x00181A68,0x00181CE0,632
FUN_00181ce0,0x00181CE0,0x00181D04,36
FUN_00181d08,0x00181D08,0x00181D58,80
FUN_00181d58,0x00181D58,0x00181DA8,80
FUN_00181da8,0x00181DA8,0x00181DD8,48
FUN_00181dd8,0x00181DD8,0x00181E08,48
FUN_00181e08,0x00181E08,0x00181E3C,52
FUN_00181e40,0x00181E40,0x00181E68,40
FUN_00181e68,0x00181E68,0x00181F9C,308
FUN_00181fa0,0x00181FA0,0x0018215C,444
FUN_00182160,0x00182160,0x001822D0,368
FUN_001822d0,0x001822D0,0x00182540,624
FUN_00182540,0x00182540,0x0018263C,252
FUN_00182640,0x00182640,0x00182944,772
FUN_00182948,0x00182948,0x00182A40,248
REC_00182a68,0x00182A68,0x00182B3C,212
FUN_00182b40,0x00182B40,0x00182C48,264
FUN_00182c78,0x00182C78,0x00182C84,12
FUN_00182c88,0x00182C88,0x00182C90,8
FUN_00182c90,0x00182C90,0x00182F58,712
FUN_00182f60,0x00182F60,0x00182FB0,80
FUN_00182fb0,0x00182FB0,0x00183058,168
FUN_00183058,0x00183058,0x0018309C,68
FUN_001830a0,0x001830A0,0x00183170,208
FUN_00183170,0x00183170,0x00183414,676
__static_initialization_and_destruction_0,0x00183418,0x0018348C,116
MakeNew__24CEnemySpecificPlayerAnimRCQ23RWS16CAttributePacket,0x00183490,0x001834D4,68
FUN_001834d8,0x001834D8,0x00183544,108
___Q28Triggers14CSlowMoTrigger,0x00183548,0x0018360C,196
FUN_00183610,0x00183610,0x00183678,104
FUN_00183678,0x00183678,0x00183698,32
FUN_00183698,0x00183698,0x001836B8,32
FUN_001836b8,0x001836B8,0x001837D4,284
FUN_001837d8,0x001837D8,0x001838D0,248
FUN_001838d0,0x001838D0,0x001839DC,268
FUN_001839e0,0x001839E0,0x00183B6C,396
FUN_00183b70,0x00183B70,0x00183C64,244
__static_initialization_and_destruction_0,0x00183C68,0x00183CDC,116
MakeNew__24CEnemySpecificPlayerAnimRCQ23RWS16CAttributePacket,0x00183CE0,0x00183D24,68
FUN_00183d28,0x00183D28,0x00183E48,288
FUN_00183e48,0x00183E48,0x00183EAC,100
REC_00183ed0,0x00183ED0,0x00183F1C,76
FUN_00183f20,0x00183F20,0x00183FC8,168
FUN_00183fc8,0x00183FC8,0x00183FD0,8
FUN_00183fd0,0x00183FD0,0x00183FDC,12
FUN_00183fe0,0x00183FE0,0x00183FFC,28
FUN_00184000,0x00184000,0x001840D4,212
FUN_001840d8,0x001840D8,0x001840F8,32
FUN_001840f8,0x001840F8,0x00184118,32
FUN_00184118,0x00184118,0x001844B0,920
FUN_001844b0,0x001844B0,0x001845D8,296
__static_initialization_and_destruction_0,0x001845D8,0x0018464C,116
MakeNew__24CEnemySpecificPlayerAnimRCQ23RWS16CAttributePacket,0x00184650,0x00184694,68
FUN_00184698,0x00184698,0x001846D4,60
FUN_001846d8,0x001846D8,0x00184714,60
FUN_00184738,0x00184738,0x001847CC,148
FUN_001847d0,0x001847D0,0x00184854,132
FUN_00184858,0x00184858,0x0018490C,180
FUN_00184910,0x00184910,0x00184930,32
FUN_00184930,0x00184930,0x00184950,32
FUN_00184950,0x00184950,0x00184C40,752
FUN_00184c40,0x00184C40,0x00184D7C,316
FUN_00184d80,0x00184D80,0x00184F2C,428
FUN_00184f30,0x00184F30,0x0018516C,572
FUN_00185170,0x00185170,0x0018531C,428
FUN_00185320,0x00185320,0x00185654,820
FUN_00185660,0x00185660,0x00185864,516
FUN_00185868,0x00185868,0x00185BD8,880
FUN_00185bf8,0x00185BF8,0x00185C6C,116
FUN_00185c70,0x00185C70,0x00185C78,8
FUN_00185c78,0x00185C78,0x00185CAC,52
FUN_00185cc8,0x00185CC8,0x00185D8C,196
FUN_00185d90,0x00185D90,0x00185F50,448
FUN_00185f50,0x00185F50,0x001860DC,396
FUN_001860e0,0x001860E0,0x001865A4,1220
FUN_001865a8,0x001865A8,0x00186B44,1436
FUN_00186b48,0x00186B48,0x00187058,1296
FUN_00187058,0x00187058,0x00187134,220
FUN_00187138,0x00187138,0x001871D8,160
__static_initialization_and_destruction_0,0x001871D8,0x00187268,144
FUN_00187268,0x00187268,0x00187300,152
FUN_00187300,0x00187300,0x00187398,152
FUN_00187398,0x00187398,0x00187430,152
FUN_00187430,0x00187430,0x001874C8,152
FUN_001874c8,0x001874C8,0x001874FC,52
FUN_00187510,0x00187510,0x00187538,40
FUN_00187538,0x00187538,0x00187558,32
FUN_00187558,0x00187558,0x00187578,32
FUN_00187578,0x00187578,0x00187704,396
FUN_00187708,0x00187708,0x00187AD8,976
FUN_00187ad8,0x00187AD8,0x00187CCC,500
__static_initialization_and_destruction_0,0x00187CD0,0x00187D44,116
MakeNew__24CEnemySpecificPlayerAnimRCQ23RWS16CAttributePacket,0x00187D50,0x00187D94,68
FUN_00187d98,0x00187D98,0x00187EEC,340
FUN_00187ef0,0x00187EF0,0x00187F10,32
FUN_00187f10,0x00187F10,0x00187F30,32
FUN_00187f30,0x00187F30,0x00187FE4,180
FUN_00187fe8,0x00187FE8,0x00188008,32
FUN_00188008,0x00188008,0x00188028,32
FUN_00188028,0x00188028,0x00188160,312
FUN_00188160,0x00188160,0x00188388,552
FUN_00188388,0x00188388,0x001883C0,56
FUN_001883e8,0x001883E8,0x00188420,56
FUN_00188420,0x00188420,0x00188454,52
FUN_00188458,0x00188458,0x001884B4,92
FUN_001884b8,0x001884B8,0x00188510,88
FUN_00188510,0x00188510,0x00188538,40
FUN_00188538,0x00188538,0x00188560,40
FUN_00188560,0x00188560,0x001885A8,72
FUN_001885a8,0x001885A8,0x001885C8,32
FUN_001885c8,0x001885C8,0x001886F4,300
FUN_001886f8,0x001886F8,0x00188B60,1128
FUN_00188b60,0x00188B60,0x00188C10,176
FUN_00188c10,0x00188C10,0x00188C64,84
FUN_00188c68,0x00188C68,0x00188CD4,108
FUN_00188cd8,0x00188CD8,0x00188D2C,84
FUN_00188d30,0x00188D30,0x00188D74,68
FUN_00188d78,0x00188D78,0x00188DF8,128
FUN_00188df8,0x00188DF8,0x00188FCC,468
FUN_00188fd0,0x00188FD0,0x001890CC,252
__static_initialization_and_destruction_0,0x001890D0,0x00189144,116
MakeNew__24CEnemySpecificPlayerAnimRCQ23RWS16CAttributePacket,0x00189150,0x00189194,68
FUN_00189198,0x00189198,0x001891B4,28
FUN_001891b8,0x001891B8,0x00189260,168
FUN_00189260,0x00189260,0x00189308,168
FUN_00189308,0x00189308,0x001893E8,224
FUN_001893e8,0x001893E8,0x00189424,60
FUN_00189428,0x00189428,0x00189444,28
FUN_00189448,0x00189448,0x00189490,72
FUN_00189490,0x00189490,0x001894FC,108
FUN_00189500,0x00189500,0x0018959C,156
FUN_001895a0,0x001895A0,0x00189600,96
FUN_00189600,0x00189600,0x0018969C,156
FUN_001896a0,0x001896A0,0x001896C0,32
FUN_001896c0,0x001896C0,0x001896E0,32
FUN_001896e0,0x001896E0,0x00189868,392
__static_initialization_and_destruction_0,0x00189868,0x001898DC,116
MakeNew__24CEnemySpecificPlayerAnimRCQ23RWS16CAttributePacket,0x001898E0,0x00189924,68
FUN_00189928,0x00189928,0x00189978,80
FUN_00189978,0x00189978,0x001899D8,96
FUN_001899d8,0x001899D8,0x00189A50,120
FUN_00189a50,0x00189A50,0x00189A70,32
FUN_00189a70,0x00189A70,0x00189A90,32
FUN_00189a90,0x00189A90,0x00189BF0,352
__static_initialization_and_destruction_0,0x00189BF0,0x00189C64,116
MakeNew__24CEnemySpecificPlayerAnimRCQ23RWS16CAttributePacket,0x00189C68,0x00189CAC,68
FUN_00189cb0,0x00189CB0,0x00189D44,148
FUN_00189d48,0x00189D48,0x00189E10,200
FUN_00189e10,0x00189E10,0x00189E90,128
FUN_00189e90,0x00189E90,0x00189EB8,40
FUN_00189eb8,0x00189EB8,0x00189ED4,28
FUN_00189ed8,0x00189ED8,0x00189EF8,32
FUN_00189ef8,0x00189EF8,0x00189F18,32
FUN_00189f18,0x00189F18,0x0018A02C,276
FUN_0018a030,0x0018A030,0x0018A19C,364
FUN_0018a1a0,0x0018A1A0,0x0018A270,208
FUN_0018a270,0x0018A270,0x0018A3A4,308
FUN_0018a3a8,0x0018A3A8,0x0018A484,220
FUN_0018a488,0x0018A488,0x0018A5E8,352
FUN_0018a5e8,0x0018A5E8,0x0018A7C8,480
FUN_0018a7c8,0x0018A7C8,0x0018A9A4,476
FUN_0018a9a8,0x0018A9A8,0x0018AB7C,468
FUN_0018ab80,0x0018AB80,0x0018AD48,456
FUN_0018ad48,0x0018AD48,0x0018AEB0,360
FUN_0018aeb0,0x0018AEB0,0x0018B104,596
FUN_0018b108,0x0018B108,0x0018B1B8,176
REC_0018b1c8,0x0018B1C8,0x0018B278,176
FUN_0018b278,0x0018B278,0x0018B328,176
FUN_0018b328,0x0018B328,0x0018B360,56
REC_0018b368,0x0018B368,0x0018B420,184
FUN_0018b420,0x0018B420,0x0018B4A8,136
FUN_0018b4a8,0x0018B4A8,0x0018B57C,212
FUN_0018b580,0x0018B580,0x0018B69C,284
FUN_0018b6a0,0x0018B6A0,0x0018B7C4,292
FUN_0018b7c8,0x0018B7C8,0x0018B800,56
FUN_0018b800,0x0018B800,0x0018B8A0,160
FUN_0018b8a0,0x0018B8A0,0x0018B92C,140
FUN_0018b950,0x0018B950,0x0018B9E8,152
FUN_0018b9e8,0x0018B9E8,0x0018BA74,140
FUN_0018ba78,0x0018BA78,0x0018BB4C,212
FUN_0018bb50,0x0018BB50,0x0018BD1C,460
__static_initialization_and_destruction_0,0x0018BD20,0x0018BD94,116
MakeNew__24CEnemySpecificPlayerAnimRCQ23RWS16CAttributePacket,0x0018BD98,0x0018BDDC,68
FUN_0018bde0,0x0018BDE0,0x0018BE44,100
FUN_0018be48,0x0018BE48,0x0018BE88,64
FUN_0018be88,0x0018BE88,0x0018BF0C,132
FUN_0018bf10,0x0018BF10,0x0018BF30,32
FUN_0018bf30,0x0018BF30,0x0018BF50,32
FUN_0018bf50,0x0018BF50,0x0018C02C,220
__static_initialization_and_destruction_0,0x0018C030,0x0018C0A4,116
MakeNew__24CEnemySpecificPlayerAnimRCQ23RWS16CAttributePacket,0x0018C0A8,0x0018C0EC,68
FUN_0018c0f0,0x0018C0F0,0x0018C15C,108
FUN_0018c160,0x0018C160,0x0018C214,180
FUN_0018c218,0x0018C218,0x0018C2C0,168
FUN_0018c2c0,0x0018C2C0,0x0018C2E0,32
FUN_0018c2e0,0x0018C2E0,0x0018C300,32
FUN_0018c300,0x0018C300,0x0018C82C,1324
__static_initialization_and_destruction_0,0x0018C830,0x0018C8A4,116
MakeNew__24CEnemySpecificPlayerAnimRCQ23RWS16CAttributePacket,0x0018C8A8,0x0018C8EC,68
FUN_0018c8f8,0x0018C8F8,0x0018CA14,284
FUN_0018ca18,0x0018CA18,0x0018CA50,56
FUN_0018ca78,0x0018CA78,0x0018CAA0,40
FUN_0018caa0,0x0018CAA0,0x0018CAA8,8
FUN_0018caa8,0x0018CAA8,0x0018CAD0,40
FUN_0018cad0,0x0018CAD0,0x0018CAD8,8
FUN_0018cad8,0x0018CAD8,0x0018CAF8,32
FUN_0018caf8,0x0018CAF8,0x0018CB18,32
FUN_0018cb18,0x0018CB18,0x0018CE14,764
FUN_0018ce18,0x0018CE18,0x0018D334,1308
FUN_0018d338,0x0018D338,0x0018D634,764
FUN_0018d638,0x0018D638,0x0018D7FC,452
FUN_0018d800,0x0018D800,0x0018D954,340
FUN_0018d958,0x0018D958,0x0018DBC0,616
FUN_0018dbc0,0x0018DBC0,0x0018DCA8,232
FUN_0018dca8,0x0018DCA8,0x0018DEE8,576
FUN_0018dee8,0x0018DEE8,0x0018E060,376
FUN_0018e060,0x0018E060,0x0018E188,296
FUN_0018e188,0x0018E188,0x0018E570,1000
FUN_0018e570,0x0018E570,0x0018EAF4,1412
FUN_0018eaf8,0x0018EAF8,0x0018EFDC,1252
FUN_0018efe0,0x0018EFE0,0x0018F160,384
FUN_0018f160,0x0018F160,0x0018F238,216
FUN_0018f238,0x0018F238,0x0018F61C,996
FUN_0018f620,0x0018F620,0x0018F74C,300
FUN_0018f750,0x0018F750,0x0018F940,496
FUN_0018f940,0x0018F940,0x0018FBE4,676
FUN_0018fbe8,0x0018FBE8,0x0018FD10,296
FUN_0018fd10,0x0018FD10,0x0018FE2C,284
FUN_0018fe30,0x0018FE30,0x0018FF64,308
FUN_0018ff68,0x0018FF68,0x00190054,236
__static_initialization_and_destruction_0,0x00190058,0x001900D4,124
REC_001900e0,0x001900E0,0x00190190,176
FUN_00190190,0x00190190,0x00190240,176
FUN_00190240,0x00190240,0x001902F0,176
FUN_001902f0,0x001902F0,0x00190328,56
FUN_00190330,0x00190330,0x00190350,32
FUN_00190350,0x00190350,0x0019035C,12
FUN_00190360,0x00190360,0x001903A4,68
FUN_001903b8,0x001903B8,0x001903DC,36
FUN_001903e0,0x001903E0,0x001903FC,28
FUN_00190418,0x00190418,0x00190434,28
FUN_00190438,0x00190438,0x001904E8,176
FUN_001904e8,0x001904E8,0x00190538,80
FUN_00190540,0x00190540,0x00190568,40
FUN_00190568,0x00190568,0x001905E8,128
FUN_001905e8,0x001905E8,0x00190660,120
FUN_00190660,0x00190660,0x00190744,228
FUN_00190748,0x00190748,0x001907DC,148
FUN_001907e0,0x001907E0,0x00190858,120
FUN_00190858,0x00190858,0x00190924,204
FUN_00190928,0x00190928,0x001909C4,156
FUN_001909c8,0x001909C8,0x00190A98,208
FUN_00190a98,0x00190A98,0x00190B68,208
FUN_00190b68,0x00190B68,0x00190C58,240
FUN_00190c58,0x00190C58,0x00190D50,248
FUN_00190d50,0x00190D50,0x00190E20,208
FUN_00190e20,0x00190E20,0x00190EF0,208
FUN_00190ef0,0x00190EF0,0x00190F98,168
FUN_00190f98,0x00190F98,0x00191028,144
FUN_00191028,0x00191028,0x001910A4,124
FUN_001910e0,0x001910E0,0x00191174,148
FUN_00191180,0x00191180,0x00191244,196
FUN_00191248,0x00191248,0x001912AC,100
FUN_001912b0,0x001912B0,0x00191334,132
FUN_00191358,0x00191358,0x00191430,216
FUN_00191430,0x00191430,0x0019146C,60
FUN_00191470,0x00191470,0x00191480,16
FUN_00191480,0x00191480,0x0019148C,12
FUN_00191490,0x00191490,0x001914CC,60
FUN_001914d0,0x001914D0,0x001914D8,8
FUN_001914d8,0x001914D8,0x001914F8,32
FUN_001914f8,0x001914F8,0x00191518,32
FUN_00191518,0x00191518,0x001916F0,472
FUN_001916f0,0x001916F0,0x0019181C,300
FUN_00191820,0x00191820,0x001919C0,416
FUN_001919c0,0x001919C0,0x00191C4C,652
FUN_00191c50,0x00191C50,0x00191F60,784
__static_initialization_and_destruction_0,0x00191F60,0x00191FD4,116
MakeNew__24CEnemySpecificPlayerAnimRCQ23RWS16CAttributePacket,0x00191FD8,0x0019201C,68
FUN_00192050,0x00192050,0x00192130,224
FUN_00192130,0x00192130,0x0019216C,60
FUN_00192170,0x00192170,0x001921EC,124
FUN_001921f0,0x001921F0,0x00192230,64
FUN_00192238,0x00192238,0x00192264,44
FUN_00192268,0x00192268,0x00192288,32
FUN_00192288,0x00192288,0x001922A8,32
FUN_001922a8,0x001922A8,0x001923CC,292
Update__Q212InputDevices11RumbleStatef,0x001923D0,0x00192480,176
SetTargetValue__Q212InputDevices11RumbleStatefff,0x00192480,0x00192568,232
FUN_00192568,0x00192568,0x00192574,12
REC_00192580,0x00192580,0x001925A0,32
FUN_001925a0,0x001925A0,0x001925C0,32
FUN_001925c0,0x001925C0,0x001926E4,292
SetAnalogMode__3Padii,0x001926E8,0x00192834,332
FUN_00192838,0x00192838,0x0019296C,308
FUN_00192970,0x00192970,0x00192A90,288
FUN_00192a90,0x00192A90,0x00192DD8,840
FUN_00192dd8,0x00192DD8,0x00193330,1368
FUN_00193330,0x00193330,0x00193B30,2048
FUN_00193b30,0x00193B30,0x00193F90,1120
FUN_00193f90,0x00193F90,0x00194114,388
FUN_00194118,0x00194118,0x0019442C,788
__static_initialization_and_destruction_0,0x00194430,0x001944A4,116
FUN_001944a8,0x001944A8,0x001944C8,32
MakeNew__24CEnemySpecificPlayerAnimRCQ23RWS16CAttributePacket,0x001944C8,0x0019450C,68
FUN_00194510,0x00194510,0x00194550,64
FUN_00194558,0x00194558,0x00194628,208
FUN_00194628,0x00194628,0x00194648,32
FUN_00194648,0x00194648,0x00194668,32
FUN_00194668,0x00194668,0x001948B0,584
FUN_001948b0,0x001948B0,0x001949E0,304
___Q212InputDevices18CVirtualController,0x001949E0,0x00194B90,432
HandleAttributes__Q212InputDevices18CVirtualControllerRCQ23RWS16CAttributePacket,0x00194B90,0x00194CB4,292
HandleEvents__Q212InputDevices18CVirtualControllerRQ23RWS4CMsg,0x00194CB8,0x00194D64,172
__static_initialization_and_destruction_0,0x00194D68,0x00194DDC,116
MakeNew__24CEnemySpecificPlayerAnimRCQ23RWS16CAttributePacket,0x00194DE0,0x00194E24,68
Clear__Q212InputDevices18CVirtualController,0x00194E28,0x00194E78,80
FUN_00194e78,0x00194E78,0x00194E98,32
FUN_00194e98,0x00194E98,0x00194EB8,32
RwAINavMeshDefStreamRead__9AINavMeshP8RwStreamUi,0x00194EB8,0x001950C4,524
RwAINavMeshDefDestroy__9AINavMeshPQ29AINavMesh14RwAINavMeshDef,0x001950C8,0x00195138,112
REC_00195140,0x00195140,0x0019525C,284
FUN_00195260,0x00195260,0x001952A0,64
FUN_001952a0,0x001952A0,0x001953CC,300
FUN_001953d0,0x001953D0,0x0019540C,60
FUN_00195410,0x00195410,0x001954C4,180
FUN_001954c8,0x001954C8,0x00195880,952
RwAudioCueSetDestroy__5AudioPQ25Audio6CueSet,0x00195880,0x001958F8,120
FUN_001958f8,0x001958F8,0x001959D0,216
FUN_001959d0,0x001959D0,0x00195D14,836
FUN_00195d18,0x00195D18,0x0019654C,2100
FUN_00196550,0x00196550,0x00196740,496
FUN_00196740,0x00196740,0x00196774,52
FUN_00196778,0x00196778,0x00196860,232
FUN_00196860,0x00196860,0x00196918,184
FUN_00196918,0x00196918,0x00196988,112
RwCombatCollisionDefStreamRead__15CombatCollisionP8RwStream,0x00196988,0x00196A18,144
FUN_00196a18,0x00196A18,0x00196A54,60
__Q211PolygonArea18PolygonAreaHandler,0x00196A58,0x00196AA0,72
FUN_00196aa0,0x00196AA0,0x00196AC4,36
LoadResource__Q211PolygonArea18PolygonAreaHandlerRCQ23RWS16CAttributePacket,0x00196AC8,0x00196B54,140
FUN_00196b60,0x00196B60,0x00196B68,8
FUN_00196b68,0x00196B68,0x00196B70,8
FUN_00196b70,0x00196B70,0x00196B78,8
RwPolygonAreaDefStreamRead__11PolygonAreaP8RwStream,0x00196B78,0x00196C28,176
FUN_00196c28,0x00196C28,0x00196C64,60
FUN_00196c68,0x00196C68,0x00196C84,28
FindResourceOfType__10RWSHandlerPC6RWSDefPCcUi,0x00196C88,0x00196D4C,196
CreateClump__10RWSHandlerPC6RWSDefPQ23RWS13CEventHandlerUi,0x00196D50,0x00196E4C,252
CreateAnimation__10RWSHandlerPC6RWSDefUi,0x00196E50,0x00196F24,212
RwStateTransitionDefStreamRead__15StateTransitionP8RwStreamUi,0x00196F40,0x00196FE0,160
RwStateTransitionDefDestroy__15StateTransitionPQ215StateTransition20RwStateTransitionDef,0x00196FE0,0x00197024,68
SweptSpheresCollide__5UTILSRCQ25UTILS13S_SweptSphereT1,0x00197028,0x001971D8,432
GetStringHashForceLower__5UTILSPCci,0x001971E0,0x00197240,96
StringsEqual__5UTILSPCcT1,0x00197240,0x00197280,64
StringsEqualCI__5UTILSPCcT1,0x00197280,0x001972CC,76
thunk_FUN_00197304,0x001972D0,0x001972D8,8
FUN_00197304,0x00197304,0x0019732C,40
SpheresOverlap__5UTILSRCQ25UTILS13S_SweptSphereT1,0x00197330,0x001973C8,152
ParseTag__9XmlParser,0x001973C8,0x00197510,328
FUN_00197510,0x00197510,0x001976AC,412
ValidateTag__9XmlParser,0x001976B0,0x00197888,472
FUN_00197888,0x00197888,0x001978BC,52
FUN_001978c0,0x001978C0,0x001978E4,36
Reset__9XmlParser,0x001978E8,0x00197934,76
NumChildTags__9XmlParserPCc,0x00197938,0x00197A84,332
IsOpeningTag__C9XmlParserPCc,0x00197A88,0x00197AEC,100
IsClosingTag__C9XmlParserPCc,0x00197AF0,0x00197B64,116
FUN_00197b70,0x00197B70,0x00197C7C,268
FUN_00197c80,0x00197C80,0x00197D8C,268
FUN_00197d90,0x00197D90,0x00197EA8,280
FUN_00197ea8,0x00197EA8,0x00197FDC,308
FUN_00197fe0,0x00197FE0,0x001980E4,260
FUN_001980e8,0x001980E8,0x00198100,24
ProcessTag__9XmlParser,0x00198100,0x0019818C,140
MatchingTagIds__C9XmlParserPcT1,0x00198190,0x00198274,228
FUN_00198278,0x00198278,0x00198B2C,2228
FUN_00198b38,0x00198B38,0x00198BE0,168
FUN_00198be0,0x00198BE0,0x00198C38,88
__Q27Physics12CCorePhysics,0x00198C40,0x00198D40,256
RegisterObjForCollision__Q27Physics12CCorePhysicsP6RwpObjPQ27Physics9CCollider,0x00198D40,0x00198E98,344
FUN_00198e98,0x00198E98,0x00199104,620
FUN_00199108,0x00199108,0x0019925C,340
FUN_00199268,0x00199268,0x00199270,8
FUN_00199270,0x00199270,0x00199368,248
FUN_00199368,0x00199368,0x001993A0,56
FUN_001993b0,0x001993B0,0x00199418,104
FUN_00199418,0x00199418,0x001994CC,180
FUN_001994d0,0x001994D0,0x0019951C,76
FUN_00199520,0x00199520,0x00199528,8
FUN_00199528,0x00199528,0x001995EC,196
FUN_001995f0,0x001995F0,0x00199628,56
FUN_00199628,0x00199628,0x0019968C,100
FUN_00199690,0x00199690,0x001996C8,56
FUN_001996c8,0x001996C8,0x0019972C,100
FUN_00199748,0x00199748,0x00199764,28
FUN_00199770,0x00199770,0x001997F0,128
FUN_001997f0,0x001997F0,0x00199824,52
REC_00199840,0x00199840,0x00199860,32
FUN_00199860,0x00199860,0x001999AC,332
HandleAttributes__Q33RWS5Audio16AudioGlobalMixerRCQ23RWS16CAttributePacket,0x001999B0,0x00199B98,488
ProcessFade__Q33RWS5Audio16AudioGlobalMixer,0x00199B98,0x00199C64,204
__static_initialization_and_destruction_0,0x00199C68,0x00199CDC,116
MakeNew__24CEnemySpecificPlayerAnimRCQ23RWS16CAttributePacket,0x00199CE0,0x00199D24,68
___Q33RWS5Audio16AudioGlobalMixer,0x00199D28,0x00199E64,316
HandleEvents__Q33RWS5Audio16AudioGlobalMixerRQ23RWS4CMsg,0x00199E68,0x00199EE8,128
UpdateListener__Q33RWS5Audio16AudioGlobalMixerRCQ23RWS4CMsg,0x00199EE8,0x00199FC4,220
FUN_00199fc8,0x00199FC8,0x0019A004,60
FUN_0019a008,0x0019A008,0x0019A028,32
FUN_0019a028,0x0019A028,0x0019A048,32
FUN_0019a048,0x0019A048,0x0019A170,296
___Q33RWS5Audio10AudioGroup,0x0019A170,0x0019A2CC,348
HandleEvents__Q33RWS5Audio10AudioGroupRQ23RWS4CMsg,0x0019A2D0,0x0019A3A0,208
HandleAttributes__Q33RWS5Audio10AudioGroupRCQ23RWS16CAttributePacket,0x0019A3A0,0x0019A564,452
FUN_0019a568,0x0019A568,0x0019A64C,228
MakeNew__24CEnemySpecificPlayerAnimRCQ23RWS16CAttributePacket,0x0019A650,0x0019A694,68
FUN_0019a698,0x0019A698,0x0019A6B8,32
FUN_0019a6b8,0x0019A6B8,0x0019A6D8,32
FUN_0019a6d8,0x0019A6D8,0x0019A858,384
___Q33RWS5Audio11AudioReverb,0x0019A858,0x0019A9C0,360
FUN_0019a9c0,0x0019A9C0,0x0019AC6C,684
ProcessFade__Q33RWS5Audio11AudioReverb,0x0019AC70,0x0019AD24,180
__static_initialization_and_destruction_0,0x0019AD28,0x0019AD9C,116
MakeNew__24CEnemySpecificPlayerAnimRCQ23RWS16CAttributePacket,0x0019ADA0,0x0019ADE4,68
HandleEvents__Q33RWS5Audio11AudioReverbRQ23RWS4CMsg,0x0019ADE8,0x0019AE78,144
StartEnvironment__Q33RWS5Audio11AudioReverb,0x0019AE80,0x0019AF50,208
OverrideEnvironment__Q33RWS5Audio11AudioReverb,0x0019AF50,0x0019B020,208
UpdateEnvironmentGain__Q33RWS5Audio11AudioReverb,0x0019B020,0x0019B07C,92
SetEnvironment__Q33RWS5Audio11AudioReverbUiUi,0x0019B080,0x0019B144,196
FUN_0019b148,0x0019B148,0x0019B168,32
FUN_0019b168,0x0019B168,0x0019B188,32
__Q33RWS5Audio12AudioSound3DRCQ23RWS16CAttributePacket,0x0019B188,0x0019B348,448
___Q33RWS5Audio12AudioSound3D,0x0019B348,0x0019B538,496
FUN_0019b538,0x0019B538,0x0019B878,832
HandleEvents__Q33RWS5Audio12AudioSound3DRQ23RWS4CMsg,0x0019B878,0x0019BA38,448
ProcessFade__Q33RWS5Audio12AudioSound3D,0x0019BA38,0x0019BB28,240
__static_initialization_and_destruction_0,0x0019BB28,0x0019BB9C,116
MakeNew__24CEnemySpecificPlayerAnimRCQ23RWS16CAttributePacket,0x0019BBA0,0x0019BBE4,68
Play__Q33RWS5Audio12AudioSound3DRCQ23RWS4CMsg,0x0019BBE8,0x0019BC68,128
FUN_0019bc68,0x0019BC68,0x0019BC98,48
FUN_0019bc98,0x0019BC98,0x0019BCC4,44
TriggerGroupVoiceDisable__Q33RWS5Audio12AudioSound3DRCQ23RWS4CMsg,0x0019BCC8,0x0019BD3C,116
TriggerGroupVoiceEnable__Q33RWS5Audio12AudioSound3DRCQ23RWS4CMsg,0x0019BD40,0x0019BDD8,152
SelectWave__Q33RWS5Audio12AudioSound3DPCc,0x0019BDD8,0x0019BE60,136
FUN_0019be60,0x0019BE60,0x0019BE78,24
FUN_0019be78,0x0019BE78,0x0019BE98,32
FUN_0019be98,0x0019BE98,0x0019BEB8,32
FUN_0019beb8,0x0019BEB8,0x0019C03C,388
HandleAttributes__Q33RWS5Audio21AudioSound3DInterfaceRCQ23RWS16CAttributePacket,0x0019C040,0x0019C10C,204
___Q33RWS5Audio21AudioSound3DInterface,0x0019C110,0x0019C184,116
SetVirtualVoicePosition__Q33RWS5Audio21AudioSound3DInterfacePC11RwMatrixTag,0x0019C188,0x0019C208,128
HandleAttributes__Q33RWS5Audio11AudioStreamRCQ23RWS16CAttributePacket,0x0019C208,0x0019C358,336
__static_initialization_and_destruction_0,0x0019C358,0x0019C3CC,116
MakeNew__24CEnemySpecificPlayerAnimRCQ23RWS16CAttributePacket,0x0019C3D0,0x0019C414,68
FUN_0019c418,0x0019C418,0x0019C4F4,220
FUN_0019c4f8,0x0019C4F8,0x0019C5FC,260
HandleEvents__Q33RWS5Audio11AudioStreamRQ23RWS4CMsg,0x0019C600,0x0019C688,136
OpenStream__Q33RWS5Audio11AudioStreamPCc,0x0019C688,0x0019C704,124
FUN_0019c708,0x0019C708,0x0019C728,32
FUN_0019c728,0x0019C728,0x0019C748,32
FUN_0019c748,0x0019C748,0x0019C8EC,420
Init__14ResourceLoaderv,0x0019C8F0,0x0019CE04,1300
FUN_0019ce08,0x0019CE08,0x0019D210,1032
SetCurrentGroup__14ResourceLoaderPCc,0x0019D218,0x0019D33C,292
FUN_0019d348,0x0019D348,0x0019D378,48
FUN_0019d390,0x0019D390,0x0019D3C0,48
FUN_0019d3d8,0x0019D3D8,0x0019D408,48
FUN_0019d420,0x0019D420,0x0019D450,48
FUN_0019d468,0x0019D468,0x0019D498,48
FUN_0019d4b0,0x0019D4B0,0x0019D4E0,48
FUN_0019d4f8,0x0019D4F8,0x0019D528,48
FUN_0019d540,0x0019D540,0x0019D570,48
FUN_0019d588,0x0019D588,0x0019D5B8,48
FUN_0019d5d0,0x0019D5D0,0x0019D600,48
FUN_0019d618,0x0019D618,0x0019D648,48
FUN_0019d660,0x0019D660,0x0019D690,48
FUN_0019d6a8,0x0019D6A8,0x0019D6D8,48
FUN_0019d6f0,0x0019D6F0,0x0019D720,48
FUN_0019d738,0x0019D738,0x0019D768,48
FUN_0019d780,0x0019D780,0x0019D7B0,48
FUN_0019d7c8,0x0019D7C8,0x0019D7F8,48
FUN_0019d810,0x0019D810,0x0019D840,48
FUN_0019d858,0x0019D858,0x0019D888,48
FUN_0019d8a0,0x0019D8A0,0x0019D8D0,48
FUN_0019d8e8,0x0019D8E8,0x0019D918,48
FUN_0019d930,0x0019D930,0x0019D960,48
FUN_0019d970,0x0019D970,0x0019D9A0,48
FUN_0019d9b8,0x0019D9B8,0x0019D9D4,28
InitSchemas__Q214ResourceLoader15ResourceHandler,0x0019D9D8,0x0019DA54,124
FUN_0019da58,0x0019DA58,0x0019DA64,12
FUN_0019da68,0x0019DA68,0x0019DAA0,56
FUN_0019daa0,0x0019DAA0,0x0019DADC,60
FUN_0019dae0,0x0019DAE0,0x0019DB04,36
FUN_0019db08,0x0019DB08,0x0019DB34,44
___Q314ResourceLoader22CAudioCuesStreamLoader9CResource,0x0019DB38,0x0019DBA8,112
FUN_0019dba8,0x0019DBA8,0x0019DC18,112
ValidateAtomicMaterialCB__14ResourceLoaderP10RpMaterialPv,0x0019DC18,0x0019DCA0,136
ValidateAtomicMaterials__14ResourceLoaderP8RpAtomicPv,0x0019DCA0,0x0019DCF4,84
___Q314ResourceLoader22CAudioCuesStreamLoader9CResource,0x0019DCF8,0x0019DD68,112
FUN_0019dd68,0x0019DD68,0x0019DE70,264
___Q314ResourceLoader22CAudioCuesStreamLoader9CResource,0x0019DE70,0x0019DEE0,112
FUN_0019dee0,0x0019DEE0,0x0019DF90,176
___Q314ResourceLoader27CHAnimAnimationStreamLoader9CResource,0x0019DF90,0x0019E014,132
FUN_0019e018,0x0019E018,0x0019E098,128
___Q314ResourceLoader22CAudioCuesStreamLoader9CResource,0x0019E0A0,0x0019E110,112
FUN_0019e110,0x0019E110,0x0019E16C,92
REC_0019e178,0x0019E178,0x0019E200,136
FUN_0019e200,0x0019E200,0x0019E25C,92
___Q314ResourceLoader22CAudioCuesStreamLoader9CResource,0x0019E260,0x0019E2D0,112
FUN_0019e2d0,0x0019E2D0,0x0019E350,128
___Q314ResourceLoader22CAudioCuesStreamLoader9CResource,0x0019E358,0x0019E3C8,112
FUN_0019e3c8,0x0019E3C8,0x0019E424,92
___Q314ResourceLoader22CAudioCuesStreamLoader9CResource,0x0019E430,0x0019E4A0,112
FUN_0019e4a0,0x0019E4A0,0x0019E4FC,92
___Q314ResourceLoader22CAudioCuesStreamLoader9CResource,0x0019E508,0x0019E578,112
FUN_0019e578,0x0019E578,0x0019E5D4,92
___Q314ResourceLoader17CCBSPStreamLoader9CResource,0x0019E5E0,0x0019E660,128
FUN_0019e660,0x0019E660,0x0019E6BC,92
___Q314ResourceLoader22CAudioCuesStreamLoader9CResource,0x0019E6C0,0x0019E730,112
FUN_0019e730,0x0019E730,0x0019E7B0,128
___Q314ResourceLoader22CAudioCuesStreamLoader9CResource,0x0019E7B8,0x0019E828,112
FUN_0019e828,0x0019E828,0x0019E88C,100
___Q314ResourceLoader22CAudioCuesStreamLoader9CResource,0x0019E898,0x0019E908,112
FUN_0019e908,0x0019E908,0x0019E96C,100
___Q314ResourceLoader22CAudioCuesStreamLoader9CResource,0x0019E978,0x0019E9E8,112
FUN_0019e9e8,0x0019E9E8,0x0019EA60,120
___Q314ResourceLoader22CAudioCuesStreamLoader9CResource,0x0019EA68,0x0019EAD8,112
FUN_0019ead8,0x0019EAD8,0x0019EB34,92
___Q314ResourceLoader22CAudioCuesStreamLoader9CResource,0x0019EB40,0x0019EBB0,112
FUN_0019ebb0,0x0019EBB0,0x0019EC28,120
___Q314ResourceLoader22CAudioCuesStreamLoader9CResource,0x0019EC30,0x0019ECA0,112
FUN_0019eca0,0x0019ECA0,0x0019ECFC,92
REC_0019ed08,0x0019ED08,0x0019ED5C,84
FUN_0019ed60,0x0019ED60,0x0019EE0C,172
___Q314ResourceLoader22CAudioCuesStreamLoader9CResource,0x0019EE18,0x0019EE88,112
FUN_0019ee88,0x0019EE88,0x0019EEE4,92
___Q314ResourceLoader22CAudioCuesStreamLoader9CResource,0x0019EEF0,0x0019EF60,112
FUN_0019ef60,0x0019EF60,0x0019EFBC,92
___Q314ResourceLoader16CRWSStreamLoader9CResource,0x0019EFC0,0x0019F09C,220
FUN_0019f0a0,0x0019F0A0,0x0019F0E8,72
REC_0019f0f0,0x0019F0F0,0x0019F118,40
FUN_0019f118,0x0019F118,0x0019F170,88
FUN_0019f170,0x0019F170,0x0019F194,36
FUN_0019f198,0x0019F198,0x0019F1A4,12
FUN_0019f1b0,0x0019F1B0,0x0019F1E4,52
FUN_0019f1e8,0x0019F1E8,0x0019F218,48
EnumTextures__Q214ResourceLoader7TexProcP9RwTexturePv,0x0019F218,0x0019F410,504
FUN_0019f410,0x0019F410,0x0019F444,52
FUN_0019f448,0x0019F448,0x0019F70C,708
EvaluateState__15CStateTraverser,0x0019F710,0x0019F90C,508
CheckPadRumbles__15CStateTraverserUi,0x0019F910,0x0019FAD0,448
FUN_0019fad0,0x0019FAD0,0x0019FCD4,516
FUN_0019fcd8,0x0019FCD8,0x0019FE6C,404
FUN_0019fe70,0x0019FE70,0x0019FF7C,268
FUN_0019ff98,0x0019FF98,0x0019FFEC,84
FUN_0019fff0,0x0019FFF0,0x001A0004,20
GiveData__15CStateTraverserRQ215CStateTraverser12S_DataObjectb,0x001A0008,0x001A00D0,200
GiveData__15CStateTraverserRQ215CStateTraverser12S_DataObjectb,0x001A00D0,0x001A0198,200
GiveData__15CStateTraverserRQ215CStateTraverser12S_DataObjectf,0x001A0198,0x001A0270,216
FindDataByName__15CStateTraverserPCc,0x001A0270,0x001A02E8,120
SetState__15CStateTraverserUi,0x001A02E8,0x001A0358,112
FUN_001a0358,0x001A0358,0x001A0418,192
FUN_001a0420,0x001A0420,0x001A0444,36
FUN_001a0448,0x001A0448,0x001A05A8,352
GetThrowProjectileEvent__15CStateTraverserPPCcii,0x001A05A8,0x001A06C8,288
FUN_001a06c8,0x001A06C8,0x001A06EC,36
FUN_001a06f0,0x001A06F0,0x001A0710,32
FUN_001a0710,0x001A0710,0x001A0730,32
FUN_001a0730,0x001A0730,0x001A07C4,148
JumpToState__15CStateTraverserPCc,0x001A07C8,0x001A08E4,284
FUN_001a08e8,0x001A08E8,0x001A0908,32
FUN_001a0908,0x001A0908,0x001A0940,56
FUN_001a0940,0x001A0940,0x001A0960,32
FUN_001a0960,0x001A0960,0x001A0980,32
FUN_001a0980,0x001A0980,0x001A09A0,32
GetCharacterSpeed__C15CStateTraverserR5RwV3d,0x001A09A0,0x001A09FC,92
FUN_001a0a00,0x001A0A00,0x001A0A94,148
FUN_001a0a98,0x001A0A98,0x001A0AE0,72
FUN_001a0b98,0x001A0B98,0x001A0C80,232
FUN_001a0c80,0x001A0C80,0x001A0CC0,64
EvaluateData__H1Zi_15CStateTraverserX01X01X01PCc_b,0x001A0CC0,0x001A0D90,208
EvaluateData__H1Zf_15CStateTraverserX01X01X01PCc_b,0x001A0D90,0x001A0EB8,296
FUN_001a0eb8,0x001A0EB8,0x001A1274,956
FUN_001a1278,0x001A1278,0x001A1510,664
FUN_001a1510,0x001A1510,0x001A1688,376
FUN_001a1688,0x001A1688,0x001A1848,448
FUN_001a1848,0x001A1848,0x001A1974,300
FUN_001a1978,0x001A1978,0x001A1CF8,896
FUN_001a1cf8,0x001A1CF8,0x001A1ED4,476
FUN_001a1ed8,0x001A1ED8,0x001A244C,1396
FUN_001a2450,0x001A2450,0x001A24E0,144
FUN_001a24e0,0x001A24E0,0x001A2584,164
FUN_001a2588,0x001A2588,0x001A2684,252
FUN_001a2688,0x001A2688,0x001A2778,240
FUN_001a2778,0x001A2778,0x001A279C,36
FUN_001a27a0,0x001A27A0,0x001A28B8,280
FUN_001a28b8,0x001A28B8,0x001A2974,188
FUN_001a2978,0x001A2978,0x001A2AF4,380
FUN_001a2af8,0x001A2AF8,0x001A3180,1672
FUN_001a3180,0x001A3180,0x001A38E8,1896
FUN_001a38e8,0x001A38E8,0x001A3B34,588
FUN_001a3b38,0x001A3B38,0x001A40A0,1384
FUN_001a40a0,0x001A40A0,0x001A478C,1772
FUN_001a4790,0x001A4790,0x001A4800,112
FUN_001a4800,0x001A4800,0x001A4838,56
FUN_001a4840,0x001A4840,0x001A4850,16
FUN_001a4850,0x001A4850,0x001A4884,52
FUN_001a4890,0x001A4890,0x001A489C,12
FUN_001a48a0,0x001A48A0,0x001A497C,220
FUN_001a4980,0x001A4980,0x001A49A0,32
FUN_001a49a0,0x001A49A0,0x001A4A14,116
FUN_001a4a18,0x001A4A18,0x001A4A78,96
FUN_001a4a78,0x001A4A78,0x001A4BC4,332
FUN_001a4bc8,0x001A4BC8,0x001A4C30,104
FUN_001a4c30,0x001A4C30,0x001A4C80,80
FUN_001a4c80,0x001A4C80,0x001A4D4C,204
FUN_001a4d58,0x001A4D58,0x001A4E20,200
FUN_001a4e20,0x001A4E20,0x001A4EA4,132
FUN_001a4ea8,0x001A4EA8,0x001A4EC8,32
FUN_001a4ec8,0x001A4EC8,0x001A4EE8,32
FUN_001a4ee8,0x001A4EE8,0x001A4F5C,116
FUN_001a4f60,0x001A4F60,0x001A4FE0,128
FUN_001a4fe0,0x001A4FE0,0x001A4FEC,12
FUN_001a4ff0,0x001A4FF0,0x001A5010,32
FUN_001a5010,0x001A5010,0x001A5030,32
FUN_001a5030,0x001A5030,0x001A5038,8
FUN_001a5038,0x001A5038,0x001A5040,8
FUN_001a5048,0x001A5048,0x001A50CC,132
FUN_001a50d0,0x001A50D0,0x001A521C,332
__static_initialization_and_destruction_0,0x001A5220,0x001A5294,116
MakeNew__24CEnemySpecificPlayerAnimRCQ23RWS16CAttributePacket,0x001A5298,0x001A52DC,68
FUN_001a52f0,0x001A52F0,0x001A5348,88
FUN_001a5348,0x001A5348,0x001A53E4,156
FUN_001a53e8,0x001A53E8,0x001A5404,28
FUN_001a5408,0x001A5408,0x001A5438,48
FUN_001a5438,0x001A5438,0x001A5458,32
FUN_001a5458,0x001A5458,0x001A5478,32
FUN_001a5478,0x001A5478,0x001A5498,32
PoolQuickFreeAll__22CAIFixedSizeMemoryPool,0x001A5498,0x001A54E8,80
Initialize__22CAIFixedSizeMemoryPoolUiUiPv,0x001A54E8,0x001A5550,104
FUN_001a5550,0x001A5550,0x001A5574,36
FUN_001a5580,0x001A5580,0x001A5590,16
ComputeNormal__8CAILine2,0x001A5598,0x001A56B4,284
Intersection__C8CAILine2RC8CAILine2P10CAIVector2,0x001A56B8,0x001A5834,380
ClassifyPoint__8CAILine2RC10CAIVector2f,0x001A5838,0x001A5898,96
FUN_001a58a0,0x001A58A0,0x001A58B8,24
FUN_001a58b8,0x001A58B8,0x001A58D0,24
FUN_001a58d0,0x001A58D0,0x001A5908,56
SignedDistance__8CAILine2RC10CAIVector2,0x001A5908,0x001A59A0,152
FUN_001a59b8,0x001A59B8,0x001A59EC,52
REC_001a5a00,0x001A5A00,0x001A5A20,32
__cl__19CAIAStarNavMeshHeurP7CAINodeT1,0x001A5A20,0x001A5C64,580
FUN_001a5c68,0x001A5C68,0x001A5C98,48
FUN_001a5c98,0x001A5C98,0x001A5EB0,536
ReconstructPath__16CAIMeshASMachineP9CAIASNode,0x001A5EB0,0x001A6228,888
FUN_001a6228,0x001A6228,0x001A68F4,1740
FUN_001a68f8,0x001A68F8,0x001A6F74,1660
REC_001a6f80,0x001A6F80,0x001A6FB0,48
GetCellPlane__C17CAINavigationCell,0x001A6FB0,0x001A7108,344
FUN_001a7108,0x001A7108,0x001A7128,32
FUN_001a7128,0x001A7128,0x001A7164,60
REC_001a7198,0x001A7198,0x001A71C8,48
FUN_001a71d0,0x001A71D0,0x001A71EC,28
FUN_001a71f0,0x001A71F0,0x001A71F8,8
Terminate__11CAIMeshPath,0x001A71F8,0x001A72D4,220
AddNodeToPath__11CAIMeshPathP11CAIPathNode,0x001A72D8,0x001A7368,144
RemoveNodeFromPath__11CAIMeshPathP11CAIPathNode,0x001A7368,0x001A7400,152
FUN_001a7400,0x001A7400,0x001A7434,52
ClassifyPathToCell__17CAINavigationCellRC8CAILine2RUsRUiP10CAIVector2,0x001A7438,0x001A7754,796
IsPointInsideCell__17CAINavigationCellRC10CAIVector2,0x001A7758,0x001A7988,560
ProjectPathOnWall__17CAINavigationCellR8CAILine2Ui,0x001A7988,0x001A7C50,712
ForcePointToCell__17CAINavigationCellR10CAIVector2,0x001A7C50,0x001A7F1C,716
ForcePointToWallInterior__17CAINavigationCellUiR10CAIVector2,0x001A7F20,0x001A8098,376
FUN_001a8098,0x001A8098,0x001A80C8,48
FUN_001a80d0,0x001A80D0,0x001A8100,48
ForcePointToCell3D__17CAINavigationCellR5NVec3,0x001A8100,0x001A814C,76
TranslatePosToNode__17CAINavigationMeshR5NVec3,0x001A8150,0x001A8278,296
LineOfSightTest__17CAINavigationMeshR5NVec3P17CAINavigationCellT1PP17CAINavigationCell,0x001A8278,0x001A840C,404
ResolveMotion__17CAINavigationMeshR5NVec3P17CAINavigationCellT1PP17CAINavigationCell,0x001A8410,0x001A87E8,984
__static_initialization_and_destruction_0,0x001A87E8,0x001A888C,164
REC_001a88b8,0x001A88B8,0x001A892C,116
FUN_001a8930,0x001A8930,0x001A8938,8
InitializeBBox__17CAINavigationMeshP6RwBBox,0x001A8940,0x001A89A0,96
InitializeGrid__17CAINavigationMeshPvT1UsUs,0x001A89A0,0x001A8A48,168
FUN_001a8a50,0x001A8A50,0x001A8A78,40
GetNeighbourByIndex__17CAINavigationMeshP7CAINodeUi,0x001A8A88,0x001A8AD8,80
FUN_001a8ae8,0x001A8AE8,0x001A8B18,48
FUN_001a8b18,0x001A8B18,0x001A8B38,32
FUN_001a8b38,0x001A8B38,0x001A8B58,32
CreateFilter__16CAINavMeshFilterRC5NVec3,0x001A8B60,0x001A8C64,260
__static_initialization_and_destruction_0,0x001A8C68,0x001A8CBC,84
FUN_001a8cc0,0x001A8CC0,0x001A8CCC,12
FUN_001a8ce0,0x001A8CE0,0x001A8CE8,8
FillCells__16CAINavMeshFilterUsUs,0x001A8CE8,0x001A8DA8,192
FUN_001a8da8,0x001A8DA8,0x001A8DB4,12
FUN_001a8db8,0x001A8DB8,0x001A8DD8,32
FUN_001a8dd8,0x001A8DD8,0x001A8DF8,32
IterateNTimes__12CAIASMachineUi,0x001A8DF8,0x001A8F04,268
FUN_001a8f08,0x001A8F08,0x001A90E8,480
REC_001a90f0,0x001A90F0,0x001A9120,48
Initialize__12CAIASMachineP16CAINodeContainer,0x001A9128,0x001A9200,216
Terminate__12CAIASMachine,0x001A9200,0x001A9290,144
Start__12CAIASMachineR5NVec3T1,0x001A9290,0x001A9328,152
StartPathfinder__12CAIASMachine,0x001A9328,0x001A93A8,128
FUN_001a93a8,0x001A93A8,0x001A93B0,8
FUN_001a93b0,0x001A93B0,0x001A93B8,8
FUN_001a93b8,0x001A93B8,0x001A9444,140
GetHeuristics__Q212CAIASMachine11sHeuristicsP7CAINodeT1,0x001A9448,0x001A94E8,160
FUN_001a94f0,0x001A94F0,0x001A94F8,8
FUN_001a94f8,0x001A94F8,0x001A9514,28
FUN_001a9518,0x001A9518,0x001A9534,28
FUN_001a9538,0x001A9538,0x001A9568,48
___17CAIAStarHashTable,0x001A9568,0x001A95C0,88
FindNode__17CAIAStarHashTableUi,0x001A95C0,0x001A9600,64
InsertNode__17CAIAStarHashTableP9CAIASNode,0x001A9600,0x001A964C,76
FUN_001a9650,0x001A9650,0x001A966C,28
FUN_001a9670,0x001A9670,0x001A96A4,52
FUN_001a96a8,0x001A96A8,0x001A96B4,12
FUN_001a96b8,0x001A96B8,0x001A96DC,36
Initialize__26CAIStaticChunkedMemoryPoolUiUiUi,0x001A96E0,0x001A9780,160
FUN_001a9780,0x001A9780,0x001A97B8,56
FUN_001a97b8,0x001A97B8,0x001A97D4,28
Allocate__26CAIStaticChunkedMemoryPoolRUi,0x001A97D8,0x001A98B8,224
ReleasePool__26CAIStaticChunkedMemoryPoolRUi,0x001A98B8,0x001A9918,96
FreeAllChunks__26CAIStaticChunkedMemoryPool,0x001A9918,0x001A9984,108
FUN_001a9988,0x001A9988,0x001A99A0,24
AllocateNewChunk__26CAIStaticChunkedMemoryPool,0x001A99A0,0x001A99F0,80
FUN_001a99f0,0x001A99F0,0x001A9A28,56
FUN_001a9a28,0x001A9A28,0x001A9A58,48
AddNode__15CAIAStarSTLHeapP9CAIASNode,0x001A9A98,0x001A9AF4,92
UpdateNode__15CAIAStarSTLHeapP9CAIASNode,0x001A9AF8,0x001A9BA4,172
PopCheapestNode__15CAIAStarSTLHeap,0x001A9BA8,0x001A9C2C,132
FUN_001a9c40,0x001A9C40,0x001A9C70,48
FUN_001a9c70,0x001A9C70,0x001A9C7C,12
__push_heap__H4ZPP9CAIASNodeZiZP9CAIASNodeZ16ASNodeComparison_X01X11X11X21X31_v,0x001A9C80,0x001A9CFC,124
__adjust_heap__H4ZPP9CAIASNodeZiZP9CAIASNodeZ16ASNodeComparison_X01X11X11X21X31_v,0x001A9D00,0x001A9E1C,284
FUN_001a9e20,0x001A9E20,0x001A9E40,32
REC_001a9e48,0x001A9E48,0x001A9E78,48
Terminate__7CAIPath,0x001A9E80,0x001A9EE0,96
FUN_001a9ee0,0x001A9EE0,0x001A9F18,56
RemoveNodeFromPath__7CAIPathP11CAIPathNode,0x001A9F18,0x001A9FAC,148
Instance__Q22AI14CBattleManager,0x001A9FF0,0x001AA044,84
FUN_001aa048,0x001AA048,0x001AA084,60
___20CAIPathFinderManager,0x001AA088,0x001AA0E0,88
FUN_001aa0e0,0x001AA0E0,0x001AA10C,44
FUN_001aa110,0x001AA110,0x001AA138,40
FUN_001aa138,0x001AA138,0x001AA154,28
Destroy__20CAIPathFinderManager,0x001AA158,0x001AA204,172
FUN_001aa208,0x001AA208,0x001AA23C,52
ReleaseAStarMachine__20CAIPathFinderManagerP12CAIASMachine,0x001AA240,0x001AA320,224
GetNewASNode__20CAIPathFinderManagerP7CAINodeP9CAIASNodeRUi,0x001AA320,0x001AA394,116
Update__20CAIPathFinderManagerf,0x001AA398,0x001AA438,160
FUN_001aa438,0x001AA438,0x001AA45C,36
FUN_001aa460,0x001AA460,0x001AA46C,12
CreatePath__14CAIPathManagerUiUi,0x001AA470,0x001AA580,272
Instance__Q22AI14CBattleManager,0x001AA580,0x001AA5D4,84
__14CAIPathManager,0x001AA5D8,0x001AA68C,180
___14CAIPathManager,0x001AA690,0x001AA730,160
FUN_001aa730,0x001AA730,0x001AA74C,28
FUN_001aa750,0x001AA750,0x001AA76C,28
ReleasePath__14CAIPathManagerP7CAIPath,0x001AA770,0x001AA850,224
GetNewPathNode__14CAIPathManagerUi,0x001AA850,0x001AA894,68
FUN_001aa898,0x001AA898,0x001AA8BC,36
FUN_001aa8c0,0x001AA8C0,0x001AA8CC,12
GetPathNode__15CAIRwSplinePathfP19CAIRwSplinePathNode,0x001AA8D0,0x001AAABC,492
REC_001aaac8,0x001AAAC8,0x001AAAF8,48
REC_001aab18,0x001AAB18,0x001AAB34,28
GetNodeByIndex__15CAIRwSplinePathUi,0x001AAB50,0x001AABD4,132
SetDestination__12CAIAgentGotoRC12CAIAgentDataR5NVec3PFP12CAIASMachine_v,0x001AABF8,0x001AADC8,464
Update__12CAIAgentGotofR12CAIAgentData,0x001AADC8,0x001AAF7C,436
__12CAIAgentGoto,0x001AAF88,0x001AAFF0,104
___12CAIAgentGoto,0x001AAFF0,0x001AB04C,92
FUN_001ab050,0x001AB050,0x001AB06C,28
Exit__12CAIAgentGotoR12CAIAgentData,0x001AB070,0x001AB0B0,64
KillPathAndAS__12CAIAgentGoto,0x001AB0B0,0x001AB170,192
FUN_001ab178,0x001AB178,0x001AB254,220
CreateStraightPath__12CAIAgentGotoRC5NVec3UsT1Us,0x001AB258,0x001AB368,272
Update__14CAIAgentMoveTofR12CAIAgentData,0x001AB368,0x001AB698,816
Add__20CAIVectorAccumulatorR5NVec3,0x001AB6B0,0x001AB764,180
Average__20CAIVectorAccumulator,0x001AB768,0x001AB7F4,140
__14CAIAgentMoveTo,0x001AB7F8,0x001AB848,80
FUN_001ab848,0x001AB848,0x001AB878,48
FUN_001ab8a0,0x001AB8A0,0x001AB8D0,48
FUN_001ab8d0,0x001AB8D0,0x001AB8FC,44
FUN_001ab900,0x001AB900,0x001AB934,52
__16CAISteeringAgent,0x001AB948,0x001AB990,72
FUN_001ab990,0x001AB990,0x001AB9C0,48
FUN_001ab9e8,0x001AB9E8,0x001AB9F4,12
FUN_001ab9f8,0x001AB9F8,0x001ABD88,912
GetNearestPointOnCurrentSegment__C20CAIAgentSteeringPathRC5NVec3UiRfRb,0x001ABD88,0x001AC098,784
FUN_001ac0a8,0x001AC0A8,0x001AC0B4,12
FUN_001ac0c8,0x001AC0C8,0x001AC114,76
FUN_001ac118,0x001AC118,0x001AC140,40
FUN_001ac140,0x001AC140,0x001AC1F8,184
FUN_001ac1f8,0x001AC1F8,0x001AC22C,52
ConvertPathToPointList__20CAIAgentSteeringPath,0x001AC230,0x001AC2E4,180
GetNearestPointOnPath__C20CAIAgentSteeringPathRC5NVec3RUiRfRb,0x001AC2E8,0x001AC44C,356
Repulse__FRC12CAIAgentDataRC5NVec3ffR5NVec3,0x001AC468,0x001AC96C,1284
FUN_001ac970,0x001AC970,0x001ACB5C,492
FUN_001acb68,0x001ACB68,0x001ACB7C,20
FUN_001acb80,0x001ACB80,0x001ACBB0,48
FUN_001acbb0,0x001ACBB0,0x001ACBEC,60
SetNewPosition__24CAIMovementPolicyNavMeshR12CAIAgentDataP5RwV3d,0x001ACBF0,0x001ACD88,408
FUN_001acd88,0x001ACD88,0x001ACDC4,60
FUN_001acdc8,0x001ACDC8,0x001ACDF0,40
TeleportCharacter__24CAIMovementPolicyNavMeshR12CAIAgentDataP5RwV3d,0x001ACDF0,0x001ACF18,296
FUN_001acf38,0x001ACF38,0x001AD408,1232
FUN_001ad408,0x001AD408,0x001AD55C,340
FUN_001ad560,0x001AD560,0x001AD5F0,144
FUN_001ad5f0,0x001AD5F0,0x001AD680,144
FUN_001ad680,0x001AD680,0x001AD854,468
FUN_001ad858,0x001AD858,0x001ADC08,944
FUN_001adc08,0x001ADC08,0x001ADE84,636
FUN_001ade88,0x001ADE88,0x001AE0A0,536
FUN_001ae0a0,0x001AE0A0,0x001AE148,168
FUN_001ae148,0x001AE148,0x001AE1FC,180
FUN_001ae218,0x001AE218,0x001AE2D8,192
FetchMessage__Q215BasicMessageBox7CMsgBoxPcRPCUw,0x001AE2D8,0x001AE33C,100
FUN_001ae340,0x001AE340,0x001AE374,52
ClearOptions__Q215BasicMessageBox7CMsgBox,0x001AE378,0x001AE3E4,108
AddOption__Q215BasicMessageBox7CMsgBoxPCcPQ23RWS8CEventId,0x001AE3E8,0x001AE4B0,200
FUN_001ae4c0,0x001AE4C0,0x001AE4C8,8
FUN_001ae4c8,0x001AE4C8,0x001AE4D0,8
FUN_001ae4f0,0x001AE4F0,0x001AE4F8,8
FUN_001ae4f8,0x001AE4F8,0x001AE554,92
FUN_001ae558,0x001AE558,0x001AE59C,68
FUN_001ae5a0,0x001AE5A0,0x001AE638,152
FUN_001ae638,0x001AE638,0x001AE658,32
FUN_001ae658,0x001AE658,0x001AE678,32
FUN_001ae678,0x001AE678,0x001AEA88,1040
FUN_001aea88,0x001AEA88,0x001AEC50,456
FUN_001aec50,0x001AEC50,0x001AEDAC,348
FUN_001aee58,0x001AEE58,0x001AEEC4,108
FUN_001aeec8,0x001AEEC8,0x001AEF78,176
FUN_001aef78,0x001AEF78,0x001AF058,224
FUN_001af058,0x001AF058,0x001AF0B8,96
FUN_001af0b8,0x001AF0B8,0x001AF114,92
FUN_001af118,0x001AF118,0x001AF184,108
FUN_001af188,0x001AF188,0x001AF1F8,112
FUN_001af1f8,0x001AF1F8,0x001AF244,76
FUN_001af248,0x001AF248,0x001AF274,44
FUN_001af278,0x001AF278,0x001AF2FC,132
FUN_001af300,0x001AF300,0x001AF318,24
FUN_001af318,0x001AF318,0x001AF38C,116
FUN_001af390,0x001AF390,0x001AF3E8,88
FUN_001af3e8,0x001AF3E8,0x001AF460,120
FUN_001af460,0x001AF460,0x001AF4EC,140
FUN_001af4f0,0x001AF4F0,0x001AF594,164
FUN_001af598,0x001AF598,0x001AF5C4,44
FUN_001af5c8,0x001AF5C8,0x001AF608,64
FUN_001af638,0x001AF638,0x001AF710,216
FUN_001af710,0x001AF710,0x001AF978,616
FUN_001af978,0x001AF978,0x001AFAEC,372
FUN_001afaf0,0x001AFAF0,0x001AFC50,352
FUN_001afc50,0x001AFC50,0x001AFE2C,476
FUN_001afe30,0x001AFE30,0x001AFF98,360
FUN_001aff98,0x001AFF98,0x001B00B8,288
FUN_001b00b8,0x001B00B8,0x001B0618,1376
FUN_001b0618,0x001B0618,0x001B088C,628
FUN_001b0890,0x001B0890,0x001B0A04,372
FUN_001b0a08,0x001B0A08,0x001B0B84,380
FUN_001b0b88,0x001B0B88,0x001B0C48,192
FUN_001b0c48,0x001B0C48,0x001B112C,1252
FUN_001b1130,0x001B1130,0x001B1344,532
FUN_001b1348,0x001B1348,0x001B1484,316
FUN_001b1488,0x001B1488,0x001B15C0,312
FUN_001b15c0,0x001B15C0,0x001B1BD0,1552
FUN_001b1bd0,0x001B1BD0,0x001B1F34,868
FUN_001b1f38,0x001B1F38,0x001B23A0,1128
FUN_001b23c0,0x001B23C0,0x001B23D4,20
FUN_001b23d8,0x001B23D8,0x001B2424,76
FUN_001b2428,0x001B2428,0x001B2460,56
FUN_001b2478,0x001B2478,0x001B24C4,76
FUN_001b24c8,0x001B24C8,0x001B2504,60
FUN_001b2508,0x001B2508,0x001B2574,108
FUN_001b2578,0x001B2578,0x001B261C,164
FUN_001b2620,0x001B2620,0x001B26C4,164
FUN_001b26c8,0x001B26C8,0x001B2728,96
FUN_001b2728,0x001B2728,0x001B27A4,124
FUN_001b27a8,0x001B27A8,0x001B286C,196
FUN_001b2870,0x001B2870,0x001B28DC,108
FUN_001b28e0,0x001B28E0,0x001B2978,152
FUN_001b2978,0x001B2978,0x001B29B4,60
FUN_001b29b8,0x001B29B8,0x001B29F4,60
FUN_001b29f8,0x001B29F8,0x001B2A58,96
FUN_001b2a58,0x001B2A58,0x001B2A8C,52
FUN_001b2aa0,0x001B2AA0,0x001B2B50,176
FUN_001b2b50,0x001B2B50,0x001B2B70,32
FUN_001b2b70,0x001B2B70,0x001B2B88,24
FUN_001b2b90,0x001B2B90,0x001B2B9C,12
FUN_001b2ba0,0x001B2BA0,0x001B2C70,208
FUN_001b2c70,0x001B2C70,0x001B2C78,8
FUN_001b2c78,0x001B2C78,0x001B2CB0,56
FUN_001b2cb0,0x001B2CB0,0x001B2CF4,68
FUN_001b2cf8,0x001B2CF8,0x001B2EC4,460
FUN_001b2ec8,0x001B2EC8,0x001B31A0,728
__static_initialization_and_destruction_0,0x001B31A0,0x001B3214,116
MakeNew__24CEnemySpecificPlayerAnimRCQ23RWS16CAttributePacket,0x001B3218,0x001B325C,68
FUN_001b3260,0x001B3260,0x001B32FC,156
FUN_001b3300,0x001B3300,0x001B342C,300
FUN_001b3430,0x001B3430,0x001B3450,32
FUN_001b3450,0x001B3450,0x001B3470,32
FUN_001b3470,0x001B3470,0x001B34CC,92
FUN_001b34d0,0x001B34D0,0x001B3564,148
FUN_001b3568,0x001B3568,0x001B36F8,400
FUN_001b36f8,0x001B36F8,0x001B3788,144
FUN_001b3788,0x001B3788,0x001B37E0,88
FUN_001b37e0,0x001B37E0,0x001B387C,156
FUN_001b3880,0x001B3880,0x001B388C,12
FUN_001b3890,0x001B3890,0x001B389C,12
FUN_001b38a0,0x001B38A0,0x001B38AC,12
FUN_001b38b0,0x001B38B0,0x001B38BC,12
FUN_001b38c0,0x001B38C0,0x001B3B68,680
FUN_001b3b68,0x001B3B68,0x001B3D50,488
FUN_001b3d50,0x001B3D50,0x001B3EBC,364
FUN_001b3ec0,0x001B3EC0,0x001B3FAC,236
FUN_001b3fb0,0x001B3FB0,0x001B3FE0,48
FUN_001b3fe0,0x001B3FE0,0x001B4044,100
Animate__Q23HUD8HUDToolsfRfffffT2,0x001B4048,0x001B4088,64
FUN_001b4088,0x001B4088,0x001B4168,224
AnimateColour__Q22UI5UtilsfRfffG6RwRGBAT5R6RwRGBA,0x001B4168,0x001B4284,284
FUN_001b4290,0x001B4290,0x001B4360,208
FUN_001b4360,0x001B4360,0x001B4408,168
TexCB__Q32UI5Utils13TextureHelperP9RwTexturePv,0x001B4408,0x001B4450,72
TexDictCB__Q32UI5Utils13TextureHelperP15RwTexDictionaryPv,0x001B4450,0x001B4498,72
FindTextureByName__Q22UI5UtilsPCc,0x001B44A0,0x001B4514,116
FUN_001b4518,0x001B4518,0x001B46E8,464
FUN_001b46e8,0x001B46E8,0x001B4B40,1112
FUN_001b4b40,0x001B4B40,0x001B4B98,88
FUN_001b4b98,0x001B4B98,0x001B4C10,120
FUN_001b4c10,0x001B4C10,0x001B4C60,80
FUN_001b4c60,0x001B4C60,0x001B4D38,216
FUN_001b4d38,0x001B4D38,0x001B4D70,56
FUN_001b4d70,0x001B4D70,0x001B4E44,212
FUN_001b4e48,0x001B4E48,0x001B4E68,32
FUN_001b4e68,0x001B4E68,0x001B5038,464
FUN_001b5048,0x001B5048,0x001B5158,272
FUN_001b5158,0x001B5158,0x001B51D8,128
FUN_001b51d8,0x001B51D8,0x001B5214,60
FUN_001b5218,0x001B5218,0x001B5234,28
FUN_001b5238,0x001B5238,0x001B52D8,160
FUN_001b52d8,0x001B52D8,0x001B5398,192
FUN_001b5398,0x001B5398,0x001B5410,120
FUN_001b5410,0x001B5410,0x001B57F4,996
FUN_001b57f8,0x001B57F8,0x001B5C3C,1092
FUN_001b5c50,0x001B5C50,0x001B5CD8,136
FUN_001b5cd8,0x001B5CD8,0x001B5DA8,208
FUN_001b5da8,0x001B5DA8,0x001B5E0C,100
FUN_001b5e10,0x001B5E10,0x001B5E8C,124
FUN_001b5e90,0x001B5E90,0x001B5EFC,108
FUN_001b5f00,0x001B5F00,0x001B5F78,120
FUN_001b5f78,0x001B5F78,0x001B602C,180
FUN_001b6030,0x001B6030,0x001B6224,500
FUN_001b6228,0x001B6228,0x001B638C,356
FUN_001b6390,0x001B6390,0x001B64A8,280
FUN_001b64a8,0x001B64A8,0x001B6558,176
FUN_001b6558,0x001B6558,0x001B6684,300
FUN_001b6688,0x001B6688,0x001B674C,196
FUN_001b6750,0x001B6750,0x001B67F4,164
FUN_001b67f8,0x001B67F8,0x001B688C,148
FUN_001b6890,0x001B6890,0x001B6944,180
FUN_001b6948,0x001B6948,0x001B6964,28
FUN_001b6970,0x001B6970,0x001B6A9C,300
FUN_001b6aa0,0x001B6AA0,0x001B6BBC,284
FUN_001b6bc0,0x001B6BC0,0x001B6CC8,264
FUN_001b6cc8,0x001B6CC8,0x001B6CF8,48
FUN_001b6cf8,0x001B6CF8,0x001B6D4C,84
FUN_001b6d50,0x001B6D50,0x001B6D74,36
FUN_001b6d78,0x001B6D78,0x001B6DD8,96
FUN_001b6dd8,0x001B6DD8,0x001B6E0C,52
FUN_001b6e10,0x001B6E10,0x001B6E1C,12
FUN_001b6e20,0x001B6E20,0x001B6F04,228
FUN_001b6f08,0x001B6F08,0x001B7038,304
FUN_001b7038,0x001B7038,0x001B70AC,116
FUN_001b70b0,0x001B70B0,0x001B70D4,36
FUN_001b70d8,0x001B70D8,0x001B7148,112
FUN_001b7148,0x001B7148,0x001B7360,536
FUN_001b7360,0x001B7360,0x001B7478,280
FUN_001b7478,0x001B7478,0x001B75A0,296
FUN_001b75a0,0x001B75A0,0x001B76E0,320
FUN_001b76e0,0x001B76E0,0x001B7A2C,844
FUN_001b7a30,0x001B7A30,0x001B7D54,804
FUN_001b7d58,0x001B7D58,0x001B80A4,844
FUN_001b80a8,0x001B80A8,0x001B8144,156
REC_001b8150,0x001B8150,0x001B8200,176
FUN_001b8200,0x001B8200,0x001B82BC,188
FUN_001b82c0,0x001B82C0,0x001B82F8,56
FUN_001b82f8,0x001B82F8,0x001B8318,32
FUN_001b8318,0x001B8318,0x001B8640,808
FUN_001b8640,0x001B8640,0x001B87C8,392
FUN_001b87c8,0x001B87C8,0x001B88EC,292
FUN_001b88f0,0x001B88F0,0x001B8BA4,692
FUN_001b8ba8,0x001B8BA8,0x001B8CE4,316
FUN_001b8ce8,0x001B8CE8,0x001B8FC0,728
FUN_001b8fd0,0x001B8FD0,0x001B90BC,236
FUN_001b90c0,0x001B90C0,0x001B919C,220
FUN_001b91a0,0x001B91A0,0x001B9268,200
FUN_001b9268,0x001B9268,0x001B92EC,132
FUN_001b92f0,0x001B92F0,0x001B9350,96
FUN_001b93b8,0x001B93B8,0x001B9510,344
FUN_001b9510,0x001B9510,0x001B963C,300
FUN_001b9640,0x001B9640,0x001B9790,336
FUN_001b97a8,0x001B97A8,0x001B9800,88
FUN_001b9800,0x001B9800,0x001B9860,96
FUN_001b9860,0x001B9860,0x001B98CC,108
FUN_001b98d0,0x001B98D0,0x001B9918,72
FUN_001b9918,0x001B9918,0x001B9B5C,580
FUN_001b9b60,0x001B9B60,0x001B9C24,196
FUN_001b9c28,0x001B9C28,0x001B9C90,104
FUN_001b9c90,0x001B9C90,0x001B9CE4,84
FUN_001b9ce8,0x001B9CE8,0x001B9D30,72
FUN_001b9d30,0x001B9D30,0x001B9DB8,136
FUN_001b9db8,0x001B9DB8,0x001B9E8C,212
FUN_001b9e90,0x001B9E90,0x001B9EAC,28
FUN_001b9eb0,0x001B9EB0,0x001B9F30,128
FUN_001b9f30,0x001B9F30,0x001BA024,244
FUN_001ba028,0x001BA028,0x001BA450,1064
FUN_001ba450,0x001BA450,0x001BA5E0,400
FUN_001ba5e0,0x001BA5E0,0x001BA814,564
FUN_001ba818,0x001BA818,0x001BAD78,1376
FUN_001bad78,0x001BAD78,0x001BAF58,480
FUN_001baf58,0x001BAF58,0x001BB088,304
FUN_001bb088,0x001BB088,0x001BB1E4,348
FUN_001bb1e8,0x001BB1E8,0x001BB384,412
FUN_001bb388,0x001BB388,0x001BB500,376
FUN_001bb500,0x001BB500,0x001BB5BC,188
FUN_001bb5c0,0x001BB5C0,0x001BB6F0,304
FUN_001bb6f0,0x001BB6F0,0x001BB8BC,460
FUN_001bb8c0,0x001BB8C0,0x001BBAC0,512
FUN_001bbac0,0x001BBAC0,0x001BBC10,336
FUN_001bbc10,0x001BBC10,0x001BBD38,296
FUN_001bbd38,0x001BBD38,0x001BBEDC,420
FUN_001bbee0,0x001BBEE0,0x001BBFA4,196
FUN_001bbfa8,0x001BBFA8,0x001BC0C8,288
FUN_001bc0c8,0x001BC0C8,0x001BC200,312
FUN_001bc200,0x001BC200,0x001BC31C,284
FUN_001bc320,0x001BC320,0x001BC3EC,204
FUN_001bc3f0,0x001BC3F0,0x001BC4B0,192
FUN_001bc4b0,0x001BC4B0,0x001BC778,712
FUN_001bc778,0x001BC778,0x001BCA5C,740
FUN_001bca60,0x001BCA60,0x001BCAF0,144
FUN_001bcaf0,0x001BCAF0,0x001BCBA8,184
FUN_001bcba8,0x001BCBA8,0x001BD010,1128
FUN_001bd010,0x001BD010,0x001BD4A8,1176
FUN_001bd4a8,0x001BD4A8,0x001BD790,744
FUN_001bd790,0x001BD790,0x001BD898,264
FUN_001bd898,0x001BD898,0x001BDA58,448
FUN_001bda58,0x001BDA58,0x001BDBE0,392
FUN_001bdbe0,0x001BDBE0,0x001BDD20,320
FUN_001bdd20,0x001BDD20,0x001BDD40,32
FUN_001bdd40,0x001BDD40,0x001BDD84,68
FUN_001bdd88,0x001BDD88,0x001BDE38,176
FUN_001bde38,0x001BDE38,0x001BDEC0,136
FUN_001bdec0,0x001BDEC0,0x001BDF48,136
FUN_001bdf48,0x001BDF48,0x001BDF5C,20
FUN_001bdf60,0x001BDF60,0x001BDFA8,72
FUN_001bdfa8,0x001BDFA8,0x001BE06C,196
FUN_001be070,0x001BE070,0x001BE0AC,60
FUN_001be0b0,0x001BE0B0,0x001BE15C,172
FUN_001be160,0x001BE160,0x001BE204,164
FUN_001be208,0x001BE208,0x001BE288,128
FUN_001be288,0x001BE288,0x001BE308,128
FUN_001be308,0x001BE308,0x001BE344,60
FUN_001be348,0x001BE348,0x001BE3F4,172
FUN_001be3f8,0x001BE3F8,0x001BE45C,100
FUN_001be460,0x001BE460,0x001BE4E4,132
FUN_001be4e8,0x001BE4E8,0x001BE518,48
FUN_001be518,0x001BE518,0x001BE5A8,144
FUN_001be5a8,0x001BE5A8,0x001BE5D8,48
FUN_001be5d8,0x001BE5D8,0x001BE65C,132
FUN_001be660,0x001BE660,0x001BE6F8,152
FUN_001be6f8,0x001BE6F8,0x001BE7E0,232
StartLinkAttack__Q210Characters16CPlayerBehaviour,0x001BE7E0,0x001BE828,72
FUN_001be828,0x001BE828,0x001BE940,280
FUN_001be940,0x001BE940,0x001BE970,48
FUN_001be970,0x001BE970,0x001BE9B0,64
FUN_001be9b0,0x001BE9B0,0x001BEA24,116
FUN_001bea28,0x001BEA28,0x001BEA80,88
FUN_001bea80,0x001BEA80,0x001BEB30,176
FUN_001beb30,0x001BEB30,0x001BEBDC,172
FUN_001bebe0,0x001BEBE0,0x001BEC48,104
FUN_001bec48,0x001BEC48,0x001BEC88,64
FUN_001bec88,0x001BEC88,0x001BED20,152
FUN_001bed20,0x001BED20,0x001BF020,768
FUN_001bf020,0x001BF020,0x001BF18C,364
FUN_001bf190,0x001BF190,0x001BF390,512
FUN_001bf390,0x001BF390,0x001BF624,660
FUN_001bf628,0x001BF628,0x001BF960,824
FUN_001bf960,0x001BF960,0x001BFBB8,600
FUN_001bfbb8,0x001BFBB8,0x001BFF38,896
FUN_001bff38,0x001BFF38,0x001C0160,552
FUN_001c0160,0x001C0160,0x001C02C0,352
FUN_001c02c0,0x001C02C0,0x001C03E4,292
FUN_001c03e8,0x001C03E8,0x001C0588,416
FUN_001c0588,0x001C0588,0x001C0718,400
FUN_001c0718,0x001C0718,0x001C079C,132
FUN_001c07a0,0x001C07A0,0x001C0990,496
FUN_001c0990,0x001C0990,0x001C0C9C,780
FUN_001c0ca0,0x001C0CA0,0x001C0E8C,492
FUN_001c0e90,0x001C0E90,0x001C0FB4,292
FUN_001c0fc0,0x001C0FC0,0x001C1070,176
FUN_001c1070,0x001C1070,0x001C114C,220
FUN_001c1150,0x001C1150,0x001C11C0,112
FUN_001c11c0,0x001C11C0,0x001C11DC,28
FUN_001c11e0,0x001C11E0,0x001C128C,172
FUN_001c1290,0x001C1290,0x001C131C,140
FUN_001c1320,0x001C1320,0x001C1358,56
FUN_001c1358,0x001C1358,0x001C13C4,108
FUN_001c13c8,0x001C13C8,0x001C1454,140
FUN_001c1458,0x001C1458,0x001C14BC,100
FUN_001c14c0,0x001C14C0,0x001C1520,96
FUN_001c1520,0x001C1520,0x001C1580,96
FUN_001c1580,0x001C1580,0x001C15E0,96
FUN_001c15e0,0x001C15E0,0x001C1640,96
FUN_001c1648,0x001C1648,0x001C1718,208
FUN_001c1718,0x001C1718,0x001C1744,44
FUN_001c1748,0x001C1748,0x001C17FC,180
FUN_001c1800,0x001C1800,0x001C18AC,172
FUN_001c18b0,0x001C18B0,0x001C1908,88
FUN_001c1908,0x001C1908,0x001C1950,72
FUN_001c1950,0x001C1950,0x001C19B8,104
FUN_001c19b8,0x001C19B8,0x001C1BBC,516
FUN_001c1bc0,0x001C1BC0,0x001C1DF8,568
FUN_001c1df8,0x001C1DF8,0x001C2148,848
FUN_001c2148,0x001C2148,0x001C2458,784
FUN_001c2458,0x001C2458,0x001C2660,520
FUN_001c2660,0x001C2660,0x001C2688,40
FUN_001c26c0,0x001C26C0,0x001C2790,208
FUN_001c2790,0x001C2790,0x001C27EC,92
FUN_001c27f8,0x001C27F8,0x001C2BD0,984
FUN_001c2bd0,0x001C2BD0,0x001C2D60,400
FUN_001c2d60,0x001C2D60,0x001C3048,744
FUN_001c3048,0x001C3048,0x001C31F0,424
FUN_001c31f0,0x001C31F0,0x001C3394,420
FUN_001c3398,0x001C3398,0x001C353C,420
FUN_001c3540,0x001C3540,0x001C3654,276
FUN_001c3658,0x001C3658,0x001C3704,172
FUN_001c3708,0x001C3708,0x001C3760,88
FUN_001c3760,0x001C3760,0x001C3800,160
FUN_001c3800,0x001C3800,0x001C3870,112
FUN_001c3870,0x001C3870,0x001C38F4,132
FUN_001c38f8,0x001C38F8,0x001C395C,100
FUN_001c3960,0x001C3960,0x001C3A28,200
FUN_001c3a28,0x001C3A28,0x001C3A48,32
FUN_001c3a48,0x001C3A48,0x001C3B6C,292
FUN_001c3b70,0x001C3B70,0x001C3BE0,112
FUN_001c3be0,0x001C3BE0,0x001C3C98,184
FUN_001c3c98,0x001C3C98,0x001C3CE4,76
FUN_001c3ce8,0x001C3CE8,0x001C3D38,80
FUN_001c3d38,0x001C3D38,0x001C3E2C,244
FUN_001c3e30,0x001C3E30,0x001C3E6C,60
FUN_001c3e70,0x001C3E70,0x001C401C,428
FUN_001c4020,0x001C4020,0x001C413C,284
FUN_001c4140,0x001C4140,0x001C4168,40
FUN_001c4168,0x001C4168,0x001C41D8,112
FUN_001c41d8,0x001C41D8,0x001C4244,108
FUN_001c4248,0x001C4248,0x001C4274,44
FUN_001c4278,0x001C4278,0x001C4294,28
FUN_001c4298,0x001C4298,0x001C4310,120
FUN_001c4310,0x001C4310,0x001C4368,88
FUN_001c4368,0x001C4368,0x001C43B0,72
FUN_001c43b0,0x001C43B0,0x001C43D0,32
FUN_001c43d0,0x001C43D0,0x001C4490,192
FUN_001c4490,0x001C4490,0x001C45C8,312
FUN_001c45c8,0x001C45C8,0x001C4784,444
FUN_001c4798,0x001C4798,0x001C47F0,88
FUN_001c47f0,0x001C47F0,0x001C482C,60
FUN_001c4838,0x001C4838,0x001C486C,52
FUN_001c4878,0x001C4878,0x001C4AA0,552
FUN_001c4aa0,0x001C4AA0,0x001C4B10,112
FUN_001c4b10,0x001C4B10,0x001C4BCC,188
FUN_001c4bd0,0x001C4BD0,0x001C4BEC,28
FUN_001c4bf0,0x001C4BF0,0x001C4C0C,28
FUN_001c4c10,0x001C4C10,0x001C4CA8,152
FUN_001c4ca8,0x001C4CA8,0x001C4D74,204
FUN_001c4d78,0x001C4D78,0x001C4E48,208
FUN_001c4e48,0x001C4E48,0x001C4F10,200
FUN_001c4f10,0x001C4F10,0x001C4FCC,188
FUN_001c4fd0,0x001C4FD0,0x001C505C,140
FUN_001c5060,0x001C5060,0x001C5088,40
FUN_001c5088,0x001C5088,0x001C50CC,68
FUN_001c50d0,0x001C50D0,0x001C50EC,28
FUN_001c50f0,0x001C50F0,0x001C5164,116
FUN_001c5168,0x001C5168,0x001C519C,52
FUN_001c51a0,0x001C51A0,0x001C51E4,68
FUN_001c51e8,0x001C51E8,0x001C5214,44
FUN_001c5218,0x001C5218,0x001C5448,560
FUN_001c5448,0x001C5448,0x001C5514,204
FUN_001c5518,0x001C5518,0x001C55F4,220
FUN_001c55f8,0x001C55F8,0x001C56EC,244
FUN_001c56f0,0x001C56F0,0x001C5880,400
FUN_001c5880,0x001C5880,0x001C5C80,1024
FUN_001c5c80,0x001C5C80,0x001C6198,1304
FUN_001c6198,0x001C6198,0x001C6248,176
FUN_001c6248,0x001C6248,0x001C62F0,168
FUN_001c62f8,0x001C62F8,0x001C635C,100
FUN_001c6360,0x001C6360,0x001C63E0,128
FUN_001c63e0,0x001C63E0,0x001C646C,140
FUN_001c6470,0x001C6470,0x001C664C,476
FUN_001c6650,0x001C6650,0x001C6808,440
FUN_001c6808,0x001C6808,0x001C696C,356
FUN_001c6970,0x001C6970,0x001C6B50,480
FUN_001c6b50,0x001C6B50,0x001C6C74,292
FUN_001c6c78,0x001C6C78,0x001C6D50,216
FUN_001c6d50,0x001C6D50,0x001C6DC0,112
FUN_001c6dc0,0x001C6DC0,0x001C6E90,208
FUN_001c6e90,0x001C6E90,0x001C6F0C,124
FUN_001c6f18,0x001C6F18,0x001C6F9C,132
FUN_001c6fa0,0x001C6FA0,0x001C6FF8,88
FUN_001c6ff8,0x001C6FF8,0x001C7198,416
FUN_001c7198,0x001C7198,0x001C72C0,296
FUN_001c72c0,0x001C72C0,0x001C75D4,788
FUN_001c75d8,0x001C75D8,0x001C7784,428
FUN_001c7788,0x001C7788,0x001C7898,272
FUN_001c7898,0x001C7898,0x001C79F4,348
FUN_001c79f8,0x001C79F8,0x001C7A80,136
FUN_001c7a80,0x001C7A80,0x001C7B34,180
FUN_001c7b40,0x001C7B40,0x001C7BB8,120
FUN_001c7bb8,0x001C7BB8,0x001C7BF8,64
FUN_001c7bf8,0x001C7BF8,0x001C7C14,28
FUN_001c7c18,0x001C7C18,0x001C7C70,88
FUN_001c7c70,0x001C7C70,0x001C7EB0,576
FUN_001c7eb0,0x001C7EB0,0x001C7FC8,280
FUN_001c7fc8,0x001C7FC8,0x001C8020,88
FUN_001c8020,0x001C8020,0x001C812C,268
FUN_001c8130,0x001C8130,0x001C81B8,136
FUN_001c81b8,0x001C81B8,0x001C824C,148
FUN_001c8250,0x001C8250,0x001C82F0,160
FUN_001c82f0,0x001C82F0,0x001C83A4,180
FUN_001c83b0,0x001C83B0,0x001C8424,116
FUN_001c8428,0x001C8428,0x001C8564,316
FUN_001c8568,0x001C8568,0x001C8588,32
FUN_001c8588,0x001C8588,0x001C8600,120
FUN_001c8600,0x001C8600,0x001C865C,92
FUN_001c8660,0x001C8660,0x001C86C8,104
FUN_001c86c8,0x001C86C8,0x001C86E8,32
FUN_001c86e8,0x001C86E8,0x001C8ABC,980
FUN_001c8ac0,0x001C8AC0,0x001C8BE8,296
FUN_001c8be8,0x001C8BE8,0x001C8D00,280
FUN_001c8d00,0x001C8D00,0x001C8EF8,504
FUN_001c8ef8,0x001C8EF8,0x001C8FC0,200
FUN_001c8fc0,0x001C8FC0,0x001C910C,332
FUN_001c9110,0x001C9110,0x001C92C0,432
FUN_001c92c0,0x001C92C0,0x001C94B4,500
FUN_001c94b8,0x001C94B8,0x001C9700,584
FUN_001c9700,0x001C9700,0x001C99D4,724
FUN_001c99d8,0x001C99D8,0x001C9B24,332
FUN_001c9b28,0x001C9B28,0x001CA050,1320
FUN_001ca050,0x001CA050,0x001CA144,244
FUN_001ca148,0x001CA148,0x001CA284,316
FUN_001ca288,0x001CA288,0x001CA378,240
FUN_001ca378,0x001CA378,0x001CA4F8,384
FUN_001ca4f8,0x001CA4F8,0x001CA588,144
REC_001ca590,0x001CA590,0x001CA5D4,68
FUN_001ca5d8,0x001CA5D8,0x001CA680,168
FUN_001ca680,0x001CA680,0x001CA728,168
FUN_001ca728,0x001CA728,0x001CA778,80
FUN_001ca778,0x001CA778,0x001CA7E4,108
FUN_001ca7e8,0x001CA7E8,0x001CA880,152
FUN_001ca880,0x001CA880,0x001CA988,264
GetSFXMatrixByTag__24CDeathSpawnEffectManagerUiR11RwMatrixTagPv,0x001CA988,0x001CAA10,136
FUN_001caa70,0x001CAA70,0x001CAA94,36
FUN_001caa98,0x001CAA98,0x001CAC94,508
FUN_001cac98,0x001CAC98,0x001CAD5C,196
FUN_001cad60,0x001CAD60,0x001CADD0,112
FUN_001cadd0,0x001CADD0,0x001CAE44,116
FUN_001cae48,0x001CAE48,0x001CAEE8,160
FUN_001caee8,0x001CAEE8,0x001CAF64,124
FUN_001caf68,0x001CAF68,0x001CAFD4,108
FUN_001cafd8,0x001CAFD8,0x001CB110,312
FUN_001cb118,0x001CB118,0x001CB2B4,412
FUN_001cb2b8,0x001CB2B8,0x001CB52C,628
FUN_001cb530,0x001CB530,0x001CB620,240
FUN_001cb620,0x001CB620,0x001CB76C,332
FUN_001cb770,0x001CB770,0x001CB8C8,344
FUN_001cb8c8,0x001CB8C8,0x001CBC4C,900
FUN_001cbc50,0x001CBC50,0x001CBE84,564
FUN_001cbe88,0x001CBE88,0x001CC02C,420
FUN_001cc030,0x001CC030,0x001CC144,276
FUN_001cc148,0x001CC148,0x001CC310,456
FUN_001cc310,0x001CC310,0x001CC3B0,160
FUN_001cc3b0,0x001CC3B0,0x001CC468,184
FUN_001cc470,0x001CC470,0x001CC558,232
FUN_001cc558,0x001CC558,0x001CC5F0,152
FUN_001cc5f0,0x001CC5F0,0x001CC6BC,204
FUN_001cc6c0,0x001CC6C0,0x001CC71C,92
FUN_001cc720,0x001CC720,0x001CC750,48
FUN_001cc750,0x001CC750,0x001CC800,176
FUN_001cc800,0x001CC800,0x001CC9E4,484
FUN_001cc9e8,0x001CC9E8,0x001CCAA8,192
FUN_001ccaa8,0x001CCAA8,0x001CCB58,176
FUN_001ccb58,0x001CCB58,0x001CCC7C,292
FUN_001ccc80,0x001CCC80,0x001CD060,992
FUN_001cd060,0x001CD060,0x001CD320,704
FUN_001cd320,0x001CD320,0x001CD3D8,184
FUN_001cd3e0,0x001CD3E0,0x001CD444,100
FUN_001cd448,0x001CD448,0x001CD4BC,116
FUN_001cd4c0,0x001CD4C0,0x001CD500,64
FUN_001cd500,0x001CD500,0x001CD648,328
FUN_001cd648,0x001CD648,0x001CD840,504
FUN_001cd840,0x001CD840,0x001CD910,208
FUN_001cd910,0x001CD910,0x001CD980,112
FUN_001cd980,0x001CD980,0x001CD9FC,124
FUN_001cda00,0x001CDA00,0x001CDAA0,160
FUN_001cdaa0,0x001CDAA0,0x001CDB1C,124
FUN_001cdb28,0x001CDB28,0x001CDB8C,100
FUN_001cdb90,0x001CDB90,0x001CDBE4,84
FUN_001cdbe8,0x001CDBE8,0x001CDC94,172
FUN_001cdc98,0x001CDC98,0x001CDCD0,56
FUN_001cdcd0,0x001CDCD0,0x001CDFDC,780
FUN_001cdfe0,0x001CDFE0,0x001CE0EC,268
FUN_001ce0f0,0x001CE0F0,0x001CE2AC,444
FUN_001ce2b0,0x001CE2B0,0x001CE6F0,1088
FUN_001ce6f0,0x001CE6F0,0x001CEB90,1184
FUN_001ceb90,0x001CEB90,0x001CEC40,176
FUN_001cec40,0x001CEC40,0x001CECE0,160
FUN_001cece8,0x001CECE8,0x001CED50,104
FUN_001ced50,0x001CED50,0x001CED80,48
FUN_001ced80,0x001CED80,0x001CEDF4,116
FUN_001cedf8,0x001CEDF8,0x001CEE94,156
FUN_001cee98,0x001CEE98,0x001CF048,432
FUN_001cf048,0x001CF048,0x001CF1EC,420
FUN_001cf1f0,0x001CF1F0,0x001CF2F4,260
FUN_001cf2f8,0x001CF2F8,0x001CF380,136
FUN_001cf380,0x001CF380,0x001CF40C,140
FUN_001cf410,0x001CF410,0x001CF4B0,160
FUN_001cf4b0,0x001CF4B0,0x001CF564,180
FUN_001cf570,0x001CF570,0x001CF5D4,100
FUN_001cf5d8,0x001CF5D8,0x001CF62C,84
FUN_001cf630,0x001CF630,0x001CF6E0,176
FUN_001cf6e0,0x001CF6E0,0x001CF718,56
FUN_001cf718,0x001CF718,0x001CF7D8,192
FUN_001cf828,0x001CF828,0x001CF854,44
FUN_001cf858,0x001CF858,0x001CF8B8,96
FUN_001cf8b8,0x001CF8B8,0x001CF944,140
FUN_001cf948,0x001CF948,0x001CF998,80
FUN_001cf998,0x001CF998,0x001CFA08,112
FUN_001cfa60,0x001CFA60,0x001CFAEC,140
FUN_001cfba0,0x001CFBA0,0x001CFCA8,264
FUN_001cfca8,0x001CFCA8,0x001CFEA4,508
FUN_001cfea8,0x001CFEA8,0x001CFF5C,180
FUN_001cff60,0x001CFF60,0x001D009C,316
FUN_001d00a0,0x001D00A0,0x001D0350,688
__static_initialization_and_destruction_0,0x001D0350,0x001D03B0,96
FUN_001d03b0,0x001D03B0,0x001D0458,168
FUN_001d0458,0x001D0458,0x001D04A8,80
FUN_001d04a8,0x001D04A8,0x001D04F8,80
FUN_001d04f8,0x001D04F8,0x001D0518,32
FUN_001d0518,0x001D0518,0x001D0538,32
FUN_001d0538,0x001D0538,0x001D0590,88
FUN_001d05e8,0x001D05E8,0x001D0640,88
FUN_001d0698,0x001D0698,0x001D06F0,88
FUN_001d0748,0x001D0748,0x001D07A0,88
FUN_001d07f8,0x001D07F8,0x001D0850,88
FUN_001d08a8,0x001D08A8,0x001D0900,88
FUN_001d0958,0x001D0958,0x001D09B0,88
FUN_001d0a08,0x001D0A08,0x001D0A60,88
FUN_001d0ab8,0x001D0AB8,0x001D0B10,88
FUN_001d0b68,0x001D0B68,0x001D0BC0,88
FUN_001d0c18,0x001D0C18,0x001D0C20,8
FUN_001d0c20,0x001D0C20,0x001D0C28,8
FUN_001d0c28,0x001D0C28,0x001D0CFC,212
FUN_001d0d00,0x001D0D00,0x001D0D58,88
FUN_001d0dd8,0x001D0DD8,0x001D0E30,88
FUN_001d0eb0,0x001D0EB0,0x001D0F44,148
FUN_001d0f48,0x001D0F48,0x001D0FAC,100
FUN_001d0fb0,0x001D0FB0,0x001D0FE8,56
FUN_001d0fe8,0x001D0FE8,0x001D1020,56
FUN_001d1020,0x001D1020,0x001D1078,88
FUN_001d1078,0x001D1078,0x001D10E0,104
FUN_001d10e0,0x001D10E0,0x001D1194,180
FUN_001d1198,0x001D1198,0x001D12A8,272
FUN_001d12a8,0x001D12A8,0x001D1578,720
FUN_001d1578,0x001D1578,0x001D1648,208
FUN_001d1648,0x001D1648,0x001D174C,260
FUN_001d1750,0x001D1750,0x001D186C,284
FUN_001d1870,0x001D1870,0x001D1AA4,564
FUN_001d1aa8,0x001D1AA8,0x001D1FE4,1340
REC_001d1ff8,0x001D1FF8,0x001D20EC,244
FUN_001d20f8,0x001D20F8,0x001D2170,120
FUN_001d2170,0x001D2170,0x001D218C,28
FUN_001d2190,0x001D2190,0x001D21AC,28
FUN_001d21b0,0x001D21B0,0x001D21E8,56
FUN_001d21e8,0x001D21E8,0x001D25DC,1012
FUN_001d25e0,0x001D25E0,0x001D281C,572
FUN_001d2820,0x001D2820,0x001D2AF0,720
FUN_001d2af0,0x001D2AF0,0x001D2BE0,240
__static_initialization_and_destruction_0,0x001D2BE0,0x001D2C40,96
FUN_001d2c40,0x001D2C40,0x001D2C4C,12
FUN_001d2c50,0x001D2C50,0x001D2C6C,28
FUN_001d2c70,0x001D2C70,0x001D2CA0,48
FUN_001d2ca0,0x001D2CA0,0x001D2CEC,76
FUN_001d2cf0,0x001D2CF0,0x001D2D00,16
FUN_001d2d08,0x001D2D08,0x001D2D48,64
FUN_001d2d48,0x001D2D48,0x001D2D98,80
FUN_001d2d98,0x001D2D98,0x001D2DA4,12
FUN_001d2db0,0x001D2DB0,0x001D2DCC,28
FUN_001d2de8,0x001D2DE8,0x001D2E18,48
FUN_001d2e18,0x001D2E18,0x001D2E6C,84
FUN_001d2e70,0x001D2E70,0x001D2E8C,28
FUN_001d2e90,0x001D2E90,0x001D2F08,120
AutoLoad__8LoadSavePCcPFRQ28LoadSave5eModeRQ28LoadSave6eEventPv_bPv,0x001D2F10,0x001D2F60,80
Save__8LoadSavePCcPviPFRQ28LoadSave5eModeRQ28LoadSave6eEventPv_bT2,0x001D2F60,0x001D2FBC,92
FUN_001d2fd8,0x001D2FD8,0x001D3028,80
FUN_001d3028,0x001D3028,0x001D3078,80
FUN_001d3078,0x001D3078,0x001D30C4,76
FUN_001d30d0,0x001D30D0,0x001D3190,192
FUN_001d3190,0x001D3190,0x001D3250,192
FUN_001d3250,0x001D3250,0x001D32E4,148
FUN_001d32e8,0x001D32E8,0x001D3350,104
FUN_001d3360,0x001D3360,0x001D33D8,120
FUN_001d33d8,0x001D33D8,0x001D33F8,32
FUN_001d33f8,0x001D33F8,0x001D3418,32
FUN_001d3418,0x001D3418,0x001D3574,348
FUN_001d3578,0x001D3578,0x001D3954,988
FUN_001d3958,0x001D3958,0x001D3AD0,376
FUN_001d3ad0,0x001D3AD0,0x001D3BD0,256
FUN_001d3bd0,0x001D3BD0,0x001D3C8C,188
FUN_001d3c90,0x001D3C90,0x001D3F98,776
FUN_001d3f98,0x001D3F98,0x001D40E4,332
FUN_001d40e8,0x001D40E8,0x001D5284,4508
FUN_001d5288,0x001D5288,0x001D5578,752
FUN_001d5578,0x001D5578,0x001D59F8,1152
FUN_001d59f8,0x001D59F8,0x001D5BC8,464
Init__8LoadSavev,0x001D5BC8,0x001D5C30,104
FUN_001d5c30,0x001D5C30,0x001D5D18,232
FUN_001d5d18,0x001D5D18,0x001D5DC8,176
FUN_001d5dc8,0x001D5DC8,0x001D5DF0,40
FUN_001d5df0,0x001D5DF0,0x001D5E18,40
Delete__Q28LoadSave9CLoadSavePCc,0x001D5E18,0x001D5F04,236
FUN_001d5f08,0x001D5F08,0x001D5F38,48
FUN_001d5f38,0x001D5F38,0x001D5FC8,144
FUN_001d5fc8,0x001D5FC8,0x001D5FEC,36
FUN_001d5ff0,0x001D5FF0,0x001D6014,36
FUN_001d6020,0x001D6020,0x001D612C,268
FUN_001d6130,0x001D6130,0x001D61AC,124
AddCmd__Q28LoadSave9CLoadSaveQ38LoadSave9CLoadSave4eCmdPCcPvii,0x001D61B0,0x001D6250,160
FUN_001d6258,0x001D6258,0x001D6314,188
FUN_001d6318,0x001D6318,0x001D6398,128
FUN_001d6398,0x001D6398,0x001D641C,132
FUN_001d6428,0x001D6428,0x001D6464,60
GetIconSysFilename__Q28LoadSave9CLoadSavePCcPc,0x001D6468,0x001D64A8,64
GetIconSysFilename__Q28LoadSave9CLoadSavePCcPc,0x001D64A8,0x001D64E8,64
FUN_001d64e8,0x001D64E8,0x001D64F0,8
FUN_001d64f8,0x001D64F8,0x001D653C,68
FUN_001d6540,0x001D6540,0x001D657C,60
RecieveResponse__Q28LoadSave9CLoadSaveUi,0x001D6580,0x001D65D4,84
FUN_001d65d8,0x001D65D8,0x001D65E8,16
FUN_001d65e8,0x001D65E8,0x001D65F8,16
FUN_001d65f8,0x001D65F8,0x001D6604,12
FUN_001d6618,0x001D6618,0x001D6628,16
FUN_001d6628,0x001D6628,0x001D6634,12
FUN_001d6640,0x001D6640,0x001D6724,228
FUN_001d6728,0x001D6728,0x001D6744,28
FUN_001d6748,0x001D6748,0x001D6810,200
__static_initialization_and_destruction_0,0x001D6810,0x001D6884,116
MakeNew__24CEnemySpecificPlayerAnimRCQ23RWS16CAttributePacket,0x001D6888,0x001D68CC,68
FUN_001d68d8,0x001D68D8,0x001D6930,88
FUN_001d6930,0x001D6930,0x001D69B0,128
FUN_001d69b0,0x001D69B0,0x001D69CC,28
FUN_001d69d0,0x001D69D0,0x001D69EC,28
FUN_001d6a40,0x001D6A40,0x001D6A64,36
FUN_001d6a68,0x001D6A68,0x001D6A88,32
FUN_001d6a88,0x001D6A88,0x001D6AA8,32
FUN_001d6aa8,0x001D6AA8,0x001D6B6C,196
SetPaused__Q33RWS8MainLoop5Logicv,0x001D6B70,0x001D6C34,196
FUN_001d6c38,0x001D6C38,0x001D72E4,1708
FUN_001d72e8,0x001D72E8,0x001D7414,300
FUN_001d7418,0x001D7418,0x001D7574,348
FUN_001d7580,0x001D7580,0x001D758C,12
FUN_001d7590,0x001D7590,0x001D75B4,36
SetTargetTimeModifier__Q33RWS8MainLoop5Logicff,0x001D75B8,0x001D7608,80
FUN_001d7608,0x001D7608,0x001D7624,28
FUN_001d7628,0x001D7628,0x001D7638,16
FUN_001d7638,0x001D7638,0x001D7644,12
FUN_001d7678,0x001D7678,0x001D76AC,52
FUN_001d76b8,0x001D76B8,0x001D76C4,12
FUN_001d76c8,0x001D76C8,0x001D76E8,32
FUN_001d76e8,0x001D76E8,0x001D7708,32
FUN_001d7710,0x001D7710,0x001D78DC,460
FUN_001d78e0,0x001D78E0,0x001D7E0C,1324
FUN_001d7e10,0x001D7E10,0x001D7ED0,192
FUN_001d7ed0,0x001D7ED0,0x001D7FA0,208
memcpy,0x001D7FA8,0x001D8064,188
FUN_001d8068,0x001D8068,0x001D8074,12
NewEntityCreatedCB__Q33RWS8MainLoop6Systemv,0x001D8080,0x001D80D0,80
StartSystem__Q33RWS8MainLoop6SystemR17RwChunkHeaderInfoP8RwStream,0x001D80D0,0x001D812C,92
StopSystem__Q33RWS8MainLoop6SystemR17RwChunkHeaderInfoP8RwStream,0x001D8130,0x001D818C,92
FUN_001d8190,0x001D8190,0x001D81C0,48
FUN_001d81c0,0x001D81C0,0x001D81D4,20
FUN_001d81d8,0x001D81D8,0x001D8278,160
FUN_001d8278,0x001D8278,0x001D82B0,56
REC_001d82c8,0x001D82C8,0x001D82F0,40
FUN_001d82f0,0x001D82F0,0x001D82FC,12
FUN_001d8300,0x001D8300,0x001D8338,56
FUN_001d8338,0x001D8338,0x001D8358,32
FUN_001d8358,0x001D8358,0x001D8378,32
DefaultState__Q33RWS8MainLoop6Renderv,0x001D8378,0x001D848C,276
FUN_001d8490,0x001D8490,0x001D85C4,308
FUN_001d85c8,0x001D85C8,0x001D8698,208
FUN_001d8698,0x001D8698,0x001D86A4,12
FUN_001d86a8,0x001D86A8,0x001D86B4,12
FUN_001d86b8,0x001D86B8,0x001D86C0,8
FUN_001d86c0,0x001D86C0,0x001D874C,140
FUN_001d8750,0x001D8750,0x001D875C,12
FUN_001d8760,0x001D8760,0x001D876C,12
FUN_001d8770,0x001D8770,0x001D87A8,56
FUN_001d87b0,0x001D87B0,0x001D8810,96
FUN_001d8810,0x001D8810,0x001D8838,40
FUN_001d8838,0x001D8838,0x001D8844,12
FUN_001d8848,0x001D8848,0x001D88C8,128
FUN_001d88c8,0x001D88C8,0x001D88D8,16
FUN_001d88d8,0x001D88D8,0x001D88F8,32
FUN_001d88f8,0x001D88F8,0x001D8918,32
AttachPlugins__Q23RWS7StartUpv,0x001D8918,0x001D89A0,136
FUN_001d89a0,0x001D89A0,0x001D89D8,56
RegisterImageLoaders__Q23RWS7StartUpv,0x001D89D8,0x001D8A3C,100
FUN_001d8a48,0x001D8A48,0x001D8BE8,416
SelectVideoMode__Q23RWS7StartUpRiT1iUiUi,0x001D8BF0,0x001D8ED4,740
TimerHandler__Q33RWS4Time86_GLOBAL__N_e__p4_helene1667_GhostRider_code_game_System_toolkits_time_gftime_cppFxqaaai,0x001D8ED8,0x001D8F30,88
Open__Q23RWS4Timev,0x001D8F30,0x001D8F9C,108
GetTime__Q23RWS4Timev,0x001D8FA8,0x001D9050,168
FUN_001d9070,0x001D9070,0x001D91D8,360
FUN_001d91d8,0x001D91D8,0x001D92A4,204
AudioInit__Q33RWS8RwsAudio86_GLOBAL__N_e__p4_helene1667_GhostRider_code_game_System_toolkits_audio_audio_cppTWdaaav,0x001D92A8,0x001D938C,228
FUN_001d9390,0x001D9390,0x001D9408,120
Open__Q23RWS8RwsAudiov,0x001D9410,0x001D9474,100
FUN_001d9480,0x001D9480,0x001D9504,132
FUN_001d9508,0x001D9508,0x001D9540,56
FadeEnvironment__Q23RWS8RwsAudioiUi,0x001D9540,0x001D95CC,140
FadeOutputObject__Q23RWS8RwsAudioff,0x001D95D0,0x001D966C,156
FindWave__Q23RWS8RwsAudioPCc,0x001D9670,0x001D96EC,124
FindDictionaryId__Q23RWS8RwsAudioPCc,0x001D96F0,0x001D9760,112
FUN_001d9760,0x001D9760,0x001D9798,56
AllocateVirtualVoice__Q23RWS8RwsAudiov,0x001D9798,0x001D97DC,68
FreeVirtualVoice__Q23RWS8RwsAudioP15RwaVirtualVoice,0x001D97E0,0x001D9844,100
StopAllVirtualVoices__Q23RWS8RwsAudiov,0x001D9848,0x001D9898,80
FadeVirtualVoice__Q23RWS8RwsAudioffPC15RwaVirtualVoice,0x001D9898,0x001D9940,168
FUN_001d9940,0x001D9940,0x001D994C,12
FUN_001d9950,0x001D9950,0x001D995C,12
FUN_001d9960,0x001D9960,0x001D996C,12
FUN_001d9978,0x001D9978,0x001D9980,8
FUN_001d9980,0x001D9980,0x001D9A38,184
FUN_001d9a38,0x001D9A38,0x001D9C4C,532
FUN_001d9c50,0x001D9C50,0x001D9D14,196
InitAudioLoaders__3RWSv,0x001D9D18,0x001D9DE8,208
FUN_001d9de8,0x001D9DE8,0x001D9FB8,464
__static_initialization_and_destruction_0,0x001D9FC0,0x001DA0A8,232
FUN_001da0a8,0x001DA0A8,0x001DA0D8,48
FUN_001da0f0,0x001DA0F0,0x001DA120,48
FUN_001da140,0x001DA140,0x001DA15C,28
Load__Q23RWS12AudioHandlerPCcN21P8RwStreamUiRUi,0x001DA178,0x001DA25C,228
___Q33RWS16CSoundBankLoader17CResourceInternal,0x001DA260,0x001DA2A8,72
FUN_001da2b0,0x001DA2B0,0x001DA344,148
FUN_001da348,0x001DA348,0x001DA47C,308
FUN_001da480,0x001DA480,0x001DA510,144
_S_refill__t24__default_alloc_template2b0i0Ui,0x001DA510,0x001DA5AC,156
FUN_001da5b0,0x001DA5B0,0x001DA5D0,32
FUN_001da5d0,0x001DA5D0,0x001DA5F0,32
FUN_001da5f0,0x001DA5F0,0x001DA6E4,244
HandleSystemCommands__6AtomicR8RpAtomicRCQ23RWS16CAttributePacket,0x001DA6F8,0x001DA7FC,260
FUN_001da800,0x001DA800,0x001DA8A0,160
FUN_001da8a0,0x001DA8A0,0x001DA8C4,36
FUN_001da8d8,0x001DA8D8,0x001DA9D0,248
FUN_001da9d0,0x001DA9D0,0x001DAA8C,188
FUN_001daa90,0x001DAA90,0x001DAAC0,48
RemoveChildFrame__5FrameP7RwFramePv,0x001DAAC0,0x001DAB70,176
Destroy__5LightP7RpLight,0x001DAB70,0x001DABFC,140
Destroy__5LightRQ25Light9CSmartPtr,0x001DAC00,0x001DAC9C,156
HandleSystemCommands__5LightR7RpLightRCQ23RWS16CAttributePacket,0x001DACA0,0x001DAD38,152
ClimaxT1AnimationCreate__FP8RpAtomic,0x001DAD38,0x001DB0E4,940
ClimaxT1AnimationPrimeMaterials__FP8RpAtomicP17ClimaxT1Animation,0x001DB0E8,0x001DB278,400
ClimaxT1AnimationDestroy__FP17ClimaxT1Animation,0x001DB278,0x001DB418,416
ClimaxT1AtomicBindAnimations__FP8RpAtomiciP6RtDictT2,0x001DB418,0x001DB670,600
ClimaxT1AtomicApplyAnimations__FP8RpAtomic,0x001DB670,0x001DB898,552
ClimaxT1ClumpBindAnimations__FP7RpClumpiP6RtDictT2,0x001DB8B0,0x001DB904,84
REC_001db928,0x001DB928,0x001DB958,48
FUN_001db958,0x001DB958,0x001DB980,40
ClimaxT1AtomicAnimationsSetCMTime__FP8RpAtomicf,0x001DB980,0x001DBA20,160
FUN_001dba20,0x001DBA20,0x001DBA50,48
FUN_001dba50,0x001DBA50,0x001DBA7C,44
ClimaxT1AtomicAnimationsSetCMTime__FP8RpAtomicf,0x001DBA80,0x001DBB20,160
FUN_001dbb20,0x001DBB20,0x001DBB58,56
FUN_001dbb58,0x001DBB58,0x001DBB84,44
ClimaxT1AtomicAnimationsAddTime__FP8RpAtomicf,0x001DBB88,0x001DBC78,240
FUN_001dbc78,0x001DBC78,0x001DBCB0,56
ClimaxT1ClumpAnimationsAddTime__FP7RpClumpf,0x001DBCB0,0x001DBD1C,108
ClimaxT1AtomicAnimationsAddTime__FP8RpAtomicf,0x001DBD20,0x001DBE10,240
FUN_001dbe10,0x001DBE10,0x001DBE3C,44
ClimaxT1AtomicAnimationsSetCMTime__FP8RpAtomicf,0x001DBE40,0x001DBEE0,160
FUN_001dbee0,0x001DBEE0,0x001DBF0C,44
ClimaxT1AtomicAnimationsSetCMTime__FP8RpAtomicf,0x001DBF10,0x001DBFB0,160
FUN_001dbfb0,0x001DBFB0,0x001DBFEC,60
FUN_001dbff0,0x001DBFF0,0x001DC028,56
FUN_001dc028,0x001DC028,0x001DC060,56
ClimaxT1AtomicCheck,0x001DC060,0x001DC144,228
ClimaxT1AtomicDataCopier__FPvPCvii,0x001DC148,0x001DC274,300
FUN_001dc278,0x001DC278,0x001DC384,268
FUN_001dc388,0x001DC388,0x001DC4A8,288
FUN_001dc4a8,0x001DC4A8,0x001DC5BC,276
FUN_001dc5c0,0x001DC5C0,0x001DC71C,348
ClimaxT1RenderAlphaPass,0x001DC720,0x001DC89C,380
FUN_001dc8a0,0x001DC8A0,0x001DCA20,384
ClimaxT1AtomicConfigureAlpha,0x001DCA20,0x001DCAEC,204
AlphaSortList__Fv,0x001DCAF0,0x001DCC6C,380
FUN_001dcc70,0x001DCC70,0x001DCC90,32
FUN_001dcc90,0x001DCC90,0x001DCCB4,36
FUN_001dcce0,0x001DCCE0,0x001DCD00,32
CSimpleAnimationVisCB__FP8RpAtomicPv,0x001DCD10,0x001DCD50,64
hasBlendOpsCB__FP10RpMaterialPv,0x001DCD50,0x001DCDD0,128
FUN_001dcdd0,0x001DCDD0,0x001DCE68,152
FUN_001dce70,0x001DCE70,0x001DCEA8,56
ClimaxT1SetTrailCB,0x001DCEA8,0x001DCEF4,76
ClimaxT1SetTrailCB,0x001DCEF8,0x001DCF44,76
ClimaxT1SetTrailCB,0x001DCF48,0x001DCF94,76
FUN_001dcf98,0x001DCF98,0x001DD008,112
FUN_001dd008,0x001DD008,0x001DD014,12
FUN_001dd018,0x001DD018,0x001DD0B0,152
FUN_001dd0b0,0x001DD0B0,0x001DD0D4,36
FUN_001dd0d8,0x001DD0D8,0x001DD16C,148
FUN_001dd170,0x001DD170,0x001DD204,148
FUN_001dd208,0x001DD208,0x001DD29C,148
FUN_001dd2a0,0x001DD2A0,0x001DD35C,188
FUN_001dd360,0x001DD360,0x001DD408,168
FUN_001dd408,0x001DD408,0x001DD4E0,216
AlphaSortExtractRecurse__FP8RpAtomic,0x001DD4E0,0x001DD564,132
ClimaxT1AtomicDataConstructor__FPvii,0x001DD568,0x001DD610,168
ClimaxT1AtomicDataDestructor__FPvii,0x001DD610,0x001DD654,68
ClimaxT1AtomicDataReadStream__FP8RwStreamiPvii,0x001DD658,0x001DD740,232
ClimaxT1AtomicDataWriteStream__FP8RwStreamiPCvii,0x001DD740,0x001DD7C0,128
ClimaxT1ClumpPluginAttach,0x001DD7D8,0x001DD840,104
ClimaxT1ClumpConfigureAlpha,0x001DD840,0x001DD8BC,124
FUN_001dd908,0x001DD908,0x001DD938,48
ClimaxT1EntryDestroy__FPv,0x001DD958,0x001DD9BC,100
FUN_001dd9c8,0x001DD9C8,0x001DD9E8,32
ClimaxT1EntryStreamRead__FP8RwStream,0x001DD9E8,0x001DDAA8,192
ClimaxT1EntryStreamWrite__FPCvP8RwStream,0x001DDAA8,0x001DDB34,140
ClimaxT1DictionaryPluginAttach,0x001DDB38,0x001DDB98,96
FUN_001ddb98,0x001DDB98,0x001DDBB4,28
ClimaxT1DictionarySchemaGetAnimation,0x001DDBB8,0x001DDC1C,100
ClimaxT1DictionaryGetAnimation,0x001DDC20,0x001DDC60,64
ClimaxT1DictionaryGlobalDataConstructor__FPvii,0x001DDC68,0x001DDCD4,108
FUN_001ddcd8,0x001DDCD8,0x001DDD08,48
ClimaxT1AtomicGetWorldSpaceBounds__FP8RpAtomicP8wbCBData,0x001DDD10,0x001DE2B0,1440
ClimaxT1EffectPluginAttach,0x001DE2B0,0x001DE330,128
ClimaxT1EffectBuildUVAnimMaterialsList4W,0x001DE330,0x001DE3A0,112
ClimaxT1EffectBuildUVAnimMaterialsList4C,0x001DE3A0,0x001DE3FC,92
ClimaxT1EffectAddUVAnimTime,0x001DE418,0x001DE47C,100
ClimaxT1EffectUVAnimUpdate,0x001DE488,0x001DE4DC,84
wbCB__FP8RpAtomicPv,0x001DE510,0x001DE564,84
ClimaxT1ClumpGetWorldSpaceBounds,0x001DE568,0x001DE5AC,68
FUN_001de5b0,0x001DE5B0,0x001DE5D8,40
FUN_001de5d8,0x001DE5D8,0x001DE600,40
AddUVAnimationMaterialToListLv0__FP10RpMaterialPv,0x001DE600,0x001DE684,132
FUN_001de688,0x001DE688,0x001DE6C4,60
FUN_001de6c8,0x001DE6C8,0x001DE6FC,52
ClimaxT1FrameUpdateCB__FP7RwFramePv,0x001DE758,0x001DEE14,1724
ClimaxT1FrameUpdate,0x001DEE18,0x001DF698,2176
FUN_001df6c8,0x001DF6C8,0x001DF760,152
ClimaxT1FrameHasFacingFrames,0x001DF760,0x001DF7A8,72
ClimaxT1FrameDataConstructor__FPvii,0x001DF7B0,0x001DF80C,92
ClimaxT1FrameDataCopier__FPvPCvii,0x001DF818,0x001DF870,88
ClimaxT1FrameDataReadStream__FP8RwStreamiPvii,0x001DF870,0x001DF930,192
ClimaxT1FrameDataWriteStream__FP8RwStreamiPCvii,0x001DF930,0x001DF9DC,172
ClimaxT1FrameHasFacingFramesCB__FP7RwFramePv,0x001DF9E8,0x001DFA40,88
FUN_001dfa50,0x001DFA50,0x001DFA64,20
ClimaxT1GeometryUpdate,0x001DFA68,0x001DFAB0,72
FUN_001dfab0,0x001DFAB0,0x001DFB48,152
ClimaxT1GeometryDataReadStream__FP8RwStreamiPvii,0x001DFB90,0x001DFBEC,92
ClimaxT1GeometryDataWriteStream__FP8RwStreamiPCvii,0x001DFBF0,0x001DFCB8,200
ClimaxT1KeyFrameStreamReadCB__FP8RwStreamP15RtAnimAnimation,0x001DFCC0,0x001DFE24,356
ClimaxT1KeyFrameStreamWriteCB__FPC15RtAnimAnimationP8RwStream,0x001DFE28,0x001DFF90,360
FUN_001dffa0,0x001DFFA0,0x001E0038,152
ClimaxT1KeyFrameApply__FPvT0,0x001E0038,0x001E00C4,140
ClimaxT1KeyFrameInterpolate__FPvN20fT0,0x001E00C8,0x001E01AC,228
ClimaxT1KeyFrameBlend__FPvN20f,0x001E01B0,0x001E0240,144
ClimaxT1KeyFrameAdd__FPvN20,0x001E0240,0x001E0284,68
ClimaxT1KeyFrameMulRecipCB__FPvT0,0x001E0288,0x001E02E0,88
ClimaxT1MaterialGetUVMatrices,0x001E02E0,0x001E0468,392
FUN_001e0470,0x001E0470,0x001E0484,20
FUN_001e0488,0x001E0488,0x001E049C,20
FUN_001e04a0,0x001E04A0,0x001E04B4,20
FUN_001e04d0,0x001E04D0,0x001E0568,152
ClimaxT1MaterialDataConstructor__FPvii,0x001E0590,0x001E05E4,84
ClimaxT1MaterialDataDestructor__FPvii,0x001E05E8,0x001E0660,120
ClimaxT1MaterialDataCopier__FPvPCvii,0x001E0660,0x001E0740,224
ClimaxT1MaterialDataReadStream__FP8RwStreamiPvii,0x001E0740,0x001E0864,292
ClimaxT1MaterialDataWriteStream__FP8RwStreamiPCvii,0x001E0868,0x001E08EC,132
KeyFrameStreamWrite_F__FPC15RtAnimAnimationP8RwStream,0x001E08F8,0x001E0B4C,596
KeyFrameStreamRead_F__FP8RwStreamP15RtAnimAnimation,0x001E0B50,0x001E0D9C,588
DeCompressAnim_Std__FP15RtAnimAnimationPv,0x001E0DA8,0x001E1210,1128
DeCompressAnim_Full__FP15RtAnimAnimationPv,0x001E1218,0x001E178C,1396
KeyFrameInterpolate_F_Std__FPvN20fT0,0x001E1798,0x001E1A70,728
KeyFrameInterpolate_F_Full__FPvN20fT0,0x001E1A70,0x001E1E10,928
CacheFreeItem__Fv,0x001E1E10,0x001E1F48,312
CacheVMCallback__FPvb,0x001E1F48,0x001E20AC,356
KeyFrameDataLockCB__FP15RtAnimAnimationi,0x001E20B0,0x001E243C,908
CompressedAnimDestroy__FP15RtAnimAnimation,0x001E2440,0x001E264C,524
FUN_001e2650,0x001E2650,0x001E28E4,660
KeyFrameStreamWrite__FPC15RtAnimAnimationP8RwStream,0x001E28E8,0x001E2990,168
KeyFrameStreamRead__FP8RwStreamP15RtAnimAnimation,0x001E2990,0x001E2A74,228
KeyFrameStreamGetSize__FPC15RtAnimAnimation,0x001E2A78,0x001E2AEC,116
FUN_001e2b00,0x001E2B00,0x001E2BEC,236
HAnimFullKeyFrameToMatrix__FPvT0,0x001E2BF0,0x001E2D54,356
HAnimFullKeyFrameBlend__FPvN20f,0x001E2D58,0x001E2F6C,532
HAnimFullKeyFrameMulRecip__FPvT0,0x001E2F70,0x001E3114,420
HAnimFullKeyFrameAdd__FPvN20,0x001E3118,0x001E3294,380
FUN_001e3338,0x001E3338,0x001E3370,56
HAnimFullKeyFrameStreamWrite__FPC15RtAnimAnimationP8RwStream,0x001E3370,0x001E342C,188
HAnimFullKeyFrameStreamRead__FP8RwStreamP15RtAnimAnimation,0x001E3430,0x001E34EC,188
FUN_001e3500,0x001E3500,0x001E3664,356
FUN_001e3668,0x001E3668,0x001E3714,172
FUN_001e3718,0x001E3718,0x001E377C,100
FUN_001e3780,0x001E3780,0x001E37BC,60
FUN_001e37c0,0x001E37C0,0x001E38A4,228
ClimaxS1DataStreamRead,0x001E38B8,0x001E3A6C,436
FUN_001e3a78,0x001E3A78,0x001E3AA8,48
ClimaxS1DataGetSize,0x001E3AA8,0x001E3B4C,164
FUN_001e3b50,0x001E3B50,0x001E3B58,8
FUN_001e3b58,0x001E3B58,0x001E3B70,24
FUN_001e3b70,0x001E3B70,0x001E3B88,24
FUN_001e3b88,0x001E3B88,0x001E3BA0,24
FUN_001e3ba0,0x001E3BA0,0x001E3BB8,24
FUN_001e3bb8,0x001E3BB8,0x001E3BD0,24
FUN_001e3bd0,0x001E3BD0,0x001E3C08,56
FUN_001e3c08,0x001E3C08,0x001E3C24,28
ClimaxTrailKeyFrameStreamReadCB__FP8RwStreamP15RtAnimAnimation,0x001E3C28,0x001E3D44,284
ClimaxTrailKeyFrameStreamWriteCB__FPC15RtAnimAnimationP8RwStream,0x001E3D48,0x001E3E58,272
FUN_001e3e68,0x001E3E68,0x001E3F00,152
FUN_001e3fe0,0x001E3FE0,0x001E41D0,496
FUN_001e41d0,0x001E41D0,0x001E4264,148
FUN_001e4268,0x001E4268,0x001E43E8,384
FUN_001e43e8,0x001E43E8,0x001E45E0,504
FUN_001e45e0,0x001E45E0,0x001E47A4,452
FUN_001e47b0,0x001E47B0,0x001E47BC,12
FUN_001e47c0,0x001E47C0,0x001E47CC,12
FUN_001e47d0,0x001E47D0,0x001E47D8,8
FUN_001e47d8,0x001E47D8,0x001E4814,60
FUN_001e4818,0x001E4818,0x001E4850,56
FUN_001e4850,0x001E4850,0x001E48C0,112
FUN_001e48c0,0x001E48C0,0x001E48F0,48
FUN_001e48f0,0x001E48F0,0x001E48FC,12
FUN_001e4900,0x001E4900,0x001E490C,12
FUN_001e4910,0x001E4910,0x001E4918,8
FUN_001e4918,0x001E4918,0x001E4920,8
FUN_001e4920,0x001E4920,0x001E492C,12
FUN_001e4930,0x001E4930,0x001E493C,12
FUN_001e4940,0x001E4940,0x001E494C,12
FUN_001e4950,0x001E4950,0x001E4958,8
FUN_001e4960,0x001E4960,0x001E4968,8
FUN_001e4968,0x001E4968,0x001E498C,36
FUN_001e4990,0x001E4990,0x001E4AF4,356
FUN_001e4af8,0x001E4AF8,0x001E4CF8,512
FUN_001e4cf8,0x001E4CF8,0x001E5038,832
FBTextureCopyFB__Fii,0x001E5038,0x001E524C,532
CircularBlur__9cPS2Bloom,0x001E5250,0x001E55EC,924
FUN_001e55f0,0x001E55F0,0x001E59FC,1036
FUN_001e5a00,0x001E5A00,0x001E5AB4,180
FUN_001e5ab8,0x001E5AB8,0x001E5E24,876
FUN_001e5e28,0x001E5E28,0x001E5FB0,392
FUN_001e5fc0,0x001E5FC0,0x001E61F0,560
FUN_001e61f0,0x001E61F0,0x001E6204,20
__14cPS2MotionBlurii,0x001E6210,0x001E6358,328
FUN_001e6358,0x001E6358,0x001E6478,288
FUN_001e6478,0x001E6478,0x001E6668,496
FUN_001e6668,0x001E6668,0x001E69EC,900
FUN_001e69f0,0x001E69F0,0x001E6C94,676
FUN_001e6c98,0x001E6C98,0x001E7214,1404
FUN_001e7218,0x001E7218,0x001E7268,80
FUN_001e7268,0x001E7268,0x001E72A4,60
FUN_001e72a8,0x001E72A8,0x001E73E0,312
FUN_001e73e0,0x001E73E0,0x001E73F8,24
FUN_001e73f8,0x001E73F8,0x001E7410,24
GifPacketBegin__Fb,0x001E7410,0x001E745C,76
FUN_001e7460,0x001E7460,0x001E7480,32
FUN_001e7480,0x001E7480,0x001E7728,680
FUN_001e7728,0x001E7728,0x001E7AD0,936
FUN_001e7ad0,0x001E7AD0,0x001E7CC4,500
FUN_001e7cc8,0x001E7CC8,0x001E7CD8,16
ClimaxP1MakeMatrix__FP5RwV3dN20,0x001E7CE0,0x001E7EF0,528
ClimaxP1InitialiseStdEmitter__FP17ParticleX_EmitterP19ParticleX_ContainerP21ParticleX_ParticleSeti,0x001E7EF0,0x001E80BC,460
ClimaxP1UpdateStdEmitter__FP17ParticleX_EmitterP19ParticleX_ContainerP21ParticleX_ParticleSet,0x001E80C0,0x001E8298,472
ClimaxP1UpdateEmitterParticles__FP17ParticleX_EmitterP19ParticleX_ContainerP21ParticleX_ParticleSetP11RwMatrixTagT3P17ClimaxP1ChainItemf,0x001E8298,0x001E86FC,1124
ClimaxP1FnEmitParticlesGeneric__FP21ParticleX_ParticleSetP11RwMatrixTagT1P17ClimaxP1ChainItem,0x001E8700,0x001E89EC,748
ClimaxP1FnEmitParticlesFromBasic__FP21ParticleX_ParticleSetP11RwMatrixTagT1P17ClimaxP1ChainItem,0x001E89F0,0x001E8C40,592
ClimaxP1FnEmitParticlesFromSphere__FP21ParticleX_ParticleSetP11RwMatrixTagT1P17ClimaxP1ChainItem,0x001E8C40,0x001E9024,996
ClimaxP1FnEmitParticlesFromTorus__FP21ParticleX_ParticleSetP11RwMatrixTagT1P17ClimaxP1ChainItem,0x001E9028,0x001E941C,1012
ClimaxP1FnEmitParticlesFromVertex__FP21ParticleX_ParticleSetP11RwMatrixTagT1P17ClimaxP1ChainItem,0x001E9420,0x001E9790,880
ClimaxP1FromParentEmitterGetPositionOfRandomParticle__FP17ClimaxP1ChainItemP5RwV3dT1,0x001E9790,0x001E9954,452
ClimaxP1FnEmitParticlesAsContainers__FP21ParticleX_ParticleSetP11RwMatrixTagT1P17ClimaxP1ChainItem,0x001E9958,0x001E9C90,824
ClimaxP1FieldCacheUpdate__FP17ClimaxP1ChainItemi,0x001E9C90,0x001E9DB0,288
ClimaxP1FieldBindAtomics__FP17ClimaxP1ChainItemPP8RpAtomic,0x001E9DB8,0x001E9E2C,116
ClimaxP1NewtonFieldCompute__FP5RwV3dT0P22ClimaxP1FieldCacheItemi,0x001E9E30,0x001E9EDC,172
FUN_001e9ee0,0x001E9EE0,0x001E9F94,180
ClimaxP1FieldCacheCreate__Fi,0x001E9F98,0x001EA080,232
FUN_001ea080,0x001EA080,0x001EA0B8,56
ClimaxP1CreateChainTemplateR__FP13ClimaxP1EntryiP12ClimaxP1Ints,0x001EA0B8,0x001EA3D4,796
Setup__19ParticleX_Container,0x001EA3D8,0x001EAC4C,2164
Setup_Final__17ParticleX_Emitter,0x001EAC50,0x001EAE78,552
Setup__17ParticleX_Emitter,0x001EAE78,0x001EB6E8,2160
Setup__24ParticleX_Emitter_Sphere,0x001EB6E8,0x001EB82C,324
Setup__23ParticleX_Emitter_Torus,0x001EB830,0x001EB9EC,444
Setup__24ParticleX_Emitter_Vertex,0x001EB9F0,0x001EBB28,312
Setup__15ParticleX_Field,0x001EBB28,0x001EBD6C,580
Destroy__15ParticleXObject,0x001EBD70,0x001EBF94,548
StartEmissions__17ClimaxP1ChainItem,0x001EBF98,0x001EBFEC,84
StopEmissions__17ClimaxP1ChainItem,0x001EBFF0,0x001EC040,80
FUN_001ec048,0x001EC048,0x001EC07C,52
FUN_001ec080,0x001EC080,0x001EC0A8,40
FUN_001ec0a8,0x001EC0A8,0x001EC0DC,52
FUN_001ec0e0,0x001EC0E0,0x001EC100,32
ClimaxP1EntryCreate__Fi,0x001EC100,0x001EC174,116
ClimaxP1EntryDestroy__FP13ClimaxP1Entry,0x001EC178,0x001EC1F8,128
ClimaxP1ChainItemDestroy__FP17ClimaxP1ChainItem,0x001EC1F8,0x001EC288,144
ClimaxP1EntryConstructChainGraphR__FP21ClimaxP1ChainTemplate,0x001EC288,0x001EC398,272
ClimaxP1DictionarySchemaCreateChainGraphFromDict__FiP8RpAtomicP6RtDictPP8RpAtomic,0x001EC3A0,0x001EC510,368
ClimaxP1CreateChainTemplate__FiP13ClimaxP1Entry,0x001EC510,0x001EC560,80
Destroy__21ClimaxP1ChainTemplate,0x001EC560,0x001EC5DC,124
Name__15ParticleXObject,0x001EC5E8,0x001EC67C,148
FUN_001ec690,0x001EC690,0x001EC6C4,52
FUN_001ec6e0,0x001EC6E0,0x001EC714,52
Update__21ParticleX_ParticleSetP11PxDeltaTime,0x001EC720,0x001ECA68,840
EmitAllocNewParticles__21ParticleX_ParticleSeti,0x001ECA68,0x001ECBAC,324
ParticleX_Initialise__Fv,0x001ECBB8,0x001ECC60,168
Create__21ParticleX_ParticleSetP17ClimaxP1ChainItem,0x001ECC68,0x001ECD20,184
Init__21ParticleX_ParticleSet,0x001ECD20,0x001ECD80,96
Destroy__21ParticleX_ParticleSet,0x001ECD80,0x001ECDC4,68
ResetParticles__21ParticleX_ParticleSet,0x001ECDC8,0x001ECE1C,84
ParticlePointerGetByIndex__21ParticleX_ParticleSeti,0x001ECE20,0x001ECE8C,108
BindParticles__16ParticleX_HandleP7RpClumpP6RtDict,0x001ECE90,0x001ED004,372
ClimaxP1AtomicBindItem__FP17ClimaxP1ChainItemPP8RpAtomic,0x001ED010,0x001ED11C,268
InitParticlesCB__FP8RpAtomicPv,0x001ED120,0x001ED21C,252
BindParticlesCB__FP8RpAtomicPv,0x001ED220,0x001ED354,308
FUN_001ed358,0x001ED358,0x001ED36C,20
ClimaxP1AtomicSetTimePXItem__FP17ClimaxP1ChainItemf,0x001ED370,0x001ED404,148
ClimaxP1AtomicResetPXItem__FP17ClimaxP1ChainItem,0x001ED408,0x001ED49C,148
ClimaxP1AtomicUpdatePXItem__FP17ClimaxP1ChainItemP11PxDeltaTime,0x001ED4A0,0x001ED514,116
___16ParticleX_Handle,0x001ED530,0x001ED580,80
StopEmissions__16ParticleX_Handle,0x001ED580,0x001ED5E4,100
StopEmissions__16ParticleX_Handle,0x001ED5E8,0x001ED64C,100
ResetAtomics__16ParticleX_Handle,0x001ED650,0x001ED724,212
UpdateSeparately__16ParticleX_Handleff,0x001ED728,0x001ED84C,292
UpdateAtomics__16ParticleX_Handlef,0x001ED850,0x001ED97C,300
SetTime__16ParticleX_Handlef,0x001ED980,0x001EDA5C,220
ClimaxP1EntryStreamRead__FP8RwStream,0x001EDA70,0x001EDD0C,668
ClimaxP1EffectPluginAttach__Fv,0x001EDD10,0x001EDDF8,232
FUN_001eddf8,0x001EDDF8,0x001EDE2C,52
ClimaxT1AtomicDataDestructor__FPvii,0x001EDE30,0x001EDE74,68
ClimaxP1AtomicDataReadStream__FP8RwStreamiPvii,0x001EDEA8,0x001EDF10,104
FUN_001edf10,0x001EDF10,0x001EDF4C,60
FUN_001edf80,0x001EDF80,0x001EDFBC,60
ClimaxP1EntryStreamGetSize__FPCv,0x001EDFD0,0x001EE050,128
ClimaxT1DictionaryGlobalDataConstructor__FPvii,0x001EE058,0x001EE0C4,108
FUN_001ee0c8,0x001EE0C8,0x001EE0F8,48
FUN_001ee0f8,0x001EE0F8,0x001EE114,28
ClimaxP1ItemImediateRender__FP17ClimaxP1ChainItem,0x001EE118,0x001EE850,1848
ClimaxP1AtomicSetAlphaOpSTD__Fv,0x001EE850,0x001EE898,72
ClimaxP1AtomicSetAlphaOpSTD__Fv,0x001EE898,0x001EE8E0,72
FUN_001ee8e0,0x001EE8E0,0x001EE938,88
FUN_001ee938,0x001EE938,0x001EE99C,100
FUN_001ee9a0,0x001EE9A0,0x001EEA18,120
Initialise__11cDistortion,0x001EEA18,0x001EED20,776
__11cDistortion,0x001EED20,0x001EEE18,248
Render__11cDistortion,0x001EEE18,0x001EF300,1256
___11cDistortion,0x001EF300,0x001EF368,104
FUN_001ef368,0x001EF368,0x001EF390,40
FUN_001ef390,0x001EF390,0x001EF3C8,56
FUN_001ef3c8,0x001EF3C8,0x001EF3E8,32
FUN_001ef3e8,0x001EF3E8,0x001EF3F0,8
FUN_001ef3f0,0x001EF3F0,0x001EF3F8,8
FUN_001ef3f8,0x001EF3F8,0x001EF528,304
FUN_001ef528,0x001EF528,0x001EF8AC,900
FUN_001ef8b8,0x001EF8B8,0x001EF8F4,60
FUN_001ef8f8,0x001EF8F8,0x001EF954,92
FUN_001ef958,0x001EF958,0x001EF960,8
FUN_001ef960,0x001EF960,0x001EFA38,216
FUN_001efa38,0x001EFA38,0x001EFAAC,116
REC_001efab8,0x001EFAB8,0x001EFB3C,132
FUN_001efb40,0x001EFB40,0x001EFBA0,96
FUN_001efba0,0x001EFBA0,0x001EFC14,116
FUN_001efc18,0x001EFC18,0x001EFC2C,20
FUN_001efc30,0x001EFC30,0x001EFC5C,44
FUN_001efc60,0x001EFC60,0x001EFD88,296
FUN_001efd88,0x001EFD88,0x001EFE9C,276
FUN_001efea8,0x001EFEA8,0x001EFF1C,116
FUN_001eff20,0x001EFF20,0x001EFF74,84
FUN_001eff78,0x001EFF78,0x001EFF94,28
FUN_001eff98,0x001EFF98,0x001EFFB4,28
RWFlipEquivelent__6SyncFXv,0x001EFFB8,0x001F0168,432
FUN_001f0168,0x001F0168,0x001F0678,1296
FUN_001f0678,0x001F0678,0x001F0B80,1288
FUN_001f0b80,0x001F0B80,0x001F0B8C,12
FUN_001f0b90,0x001F0B90,0x001F0B98,8
FUN_001f0b98,0x001F0B98,0x001F0BC8,48
FUN_001f0bd8,0x001F0BD8,0x001F0C30,88
FUN_001f0c30,0x001F0C30,0x001F0CD4,164
FUN_001f0cd8,0x001F0CD8,0x001F0E90,440
FUN_001f0e90,0x001F0E90,0x001F0F94,260
FUN_001f0f98,0x001F0F98,0x001F1074,220
FUN_001f1080,0x001F1080,0x001F1160,224
FUN_001f1160,0x001F1160,0x001F11E0,128
FUN_001f11e0,0x001F11E0,0x001F134C,364
FUN_001f1358,0x001F1358,0x001F1480,296
FUN_001f1480,0x001F1480,0x001F176C,748
FUN_001f1770,0x001F1770,0x001F18BC,332
FUN_001f18c0,0x001F18C0,0x001F1A98,472
FUN_001f1a98,0x001F1A98,0x001F1C8C,500
FUN_001f1ca0,0x001F1CA0,0x001F2278,1496
FUN_001f2288,0x001F2288,0x001F2330,168
FUN_001f2338,0x001F2338,0x001F2364,44
FUN_001f2368,0x001F2368,0x001F23D8,112
FUN_001f23d8,0x001F23D8,0x001F2428,80
FUN_001f2428,0x001F2428,0x001F2468,64
FUN_001f2468,0x001F2468,0x001F24FC,148
FUN_001f2500,0x001F2500,0x001F2560,96
FUN_001f2560,0x001F2560,0x001F260C,172
FUN_001f2610,0x001F2610,0x001F266C,92
REC_001f2688,0x001F2688,0x001F301C,2452
FUN_001f3020,0x001F3020,0x001F302C,12
FUN_001f3030,0x001F3030,0x001F3044,20
FUN_001f3048,0x001F3048,0x001F31D4,396
FUN_001f31d8,0x001F31D8,0x001F3318,320
FUN_001f3318,0x001F3318,0x001F3550,568
FUN_001f3550,0x001F3550,0x001F35E8,152
FUN_001f3600,0x001F3600,0x001F361C,28
FUN_001f3620,0x001F3620,0x001F362C,12
FUN_001f3640,0x001F3640,0x001F3660,32
FUN_001f3660,0x001F3660,0x001F36D8,120
FUN_001f36d8,0x001F36D8,0x001F36E8,16
FindString__6LocalePCcb,0x001F36E8,0x001F3750,104
FUN_001f3758,0x001F3758,0x001F37E0,136
FUN_001f37f0,0x001F37F0,0x001F37FC,12
FUN_001f3800,0x001F3800,0x001F3860,96
FUN_001f3860,0x001F3860,0x001F386C,12
FUN_001f3870,0x001F3870,0x001F3978,264
FUN_001f3978,0x001F3978,0x001F3A80,264
FUN_001f3a80,0x001F3A80,0x001F3C50,464
FUN_001f3c68,0x001F3C68,0x001F4020,952
FUN_001f4040,0x001F4040,0x001F40F0,176
FUN_001f40f8,0x001F40F8,0x001F41FC,260
REC_001f4218,0x001F4218,0x001F42AC,148
FUN_001f42b0,0x001F42B0,0x001F42F4,68
FUN_001f42f8,0x001F42F8,0x001F4334,60
FUN_001f4338,0x001F4338,0x001F43F8,192
FUN_001f43f8,0x001F43F8,0x001F4428,48
FUN_001f4428,0x001F4428,0x001F4444,28
FUN_001f4448,0x001F4448,0x001F45AC,356
FUN_001f45b0,0x001F45B0,0x001F4778,456
FUN_001f4778,0x001F4778,0x001F4964,492
FUN_001f4970,0x001F4970,0x001F49C0,80
FUN_001f49c0,0x001F49C0,0x001F4A0C,76
FUN_001f4a10,0x001F4A10,0x001F4A38,40
FUN_001f4a38,0x001F4A38,0x001F4A80,72
FUN_001f4a80,0x001F4A80,0x001F4B30,176
FUN_001f4b30,0x001F4B30,0x001F4BC4,148
FUN_001f4bc8,0x001F4BC8,0x001F4C28,96
FUN_001f4c28,0x001F4C28,0x001F4C4C,36
FUN_001f4c58,0x001F4C58,0x001F4C80,40
FUN_001f4c80,0x001F4C80,0x001F4CA8,40
FUN_001f4ca8,0x001F4CA8,0x001F4CD0,40
FUN_001f4cd0,0x001F4CD0,0x001F4CF8,40
FUN_001f4cf8,0x001F4CF8,0x001F4D1C,36
FUN_001f4d20,0x001F4D20,0x001F4D44,36
FUN_001f4d48,0x001F4D48,0x001F4D6C,36
FUN_001f4d70,0x001F4D70,0x001F4D94,36
FUN_001f4d98,0x001F4D98,0x001F4DBC,36
FUN_001f4dc0,0x001F4DC0,0x001F4DE4,36
FUN_001f4de8,0x001F4DE8,0x001F4E0C,36
FUN_001f4e10,0x001F4E10,0x001F4E34,36
FUN_001f4e40,0x001F4E40,0x001F4E64,36
FUN_001f4e70,0x001F4E70,0x001F4E94,36
FUN_001f4e98,0x001F4E98,0x001F4EBC,36
FUN_001f4ec0,0x001F4EC0,0x001F4EE4,36
FUN_001f4ee8,0x001F4EE8,0x001F4F0C,36
FUN_001f4f10,0x001F4F10,0x001F4F34,36
FUN_001f4f38,0x001F4F38,0x001F4F80,72
FUN_001f4f80,0x001F4F80,0x001F4FF4,116
FUN_001f4ff8,0x001F4FF8,0x001F5070,120
FUN_001f5070,0x001F5070,0x001F5120,176
FUN_001f5120,0x001F5120,0x001F5188,104
FUN_001f5188,0x001F5188,0x001F52E4,348
FUN_001f52e8,0x001F52E8,0x001F53DC,244
FUN_001f53e0,0x001F53E0,0x001F546C,140
FUN_001f5470,0x001F5470,0x001F553C,204
FUN_001f5540,0x001F5540,0x001F55B4,116
FUN_001f55c0,0x001F55C0,0x001F5674,180
FUN_001f5678,0x001F5678,0x001F571C,164
FUN_001f5728,0x001F5728,0x001F598C,612
FUN_001f5990,0x001F5990,0x001F5C90,768
FUN_001f5c90,0x001F5C90,0x001F5D9C,268
FUN_001f5da0,0x001F5DA0,0x001F5E70,208
FUN_001f5e70,0x001F5E70,0x001F6004,404
FUN_001f6008,0x001F6008,0x001F6138,304
FUN_001f6138,0x001F6138,0x001F6178,64
FUN_001f6178,0x001F6178,0x001F61B0,56
FUN_001f61b0,0x001F61B0,0x001F6254,164
psInstallFileSystem__3RWSv,0x001F6258,0x001F62C4,108
_start,0x001F62D0,0x001F6490,448
FUN_001f6490,0x001F6490,0x001F6498,8
PrePluginAttachRegisterPipeLines__Q23RWS9Pipelinesv,0x001F64A0,0x001F65F4,340
FUN_001f65f8,0x001F65F8,0x001F6944,844
__do_global_dtors,0x001F6948,0x001F699C,84
__do_global_ctors,0x001F69A0,0x001F6A50,176
FUN_001f6a50,0x001F6A50,0x001F6A70,32
FUN_001f6a70,0x001F6A70,0x001F6AA0,48
__fixunssfdi,0x001F6AA0,0x001F6B94,244
__floatdidf,0x001F6B98,0x001F6C30,152
__floatdisf,0x001F6C30,0x001F6D10,224
__udivdi3,0x001F6D18,0x001F72E8,1488
__pack_d,0x001F72E8,0x001F7414,300
__unpack_d,0x001F7418,0x001F74B4,156
_fpadd_parts,0x001F74B8,0x001F76F8,576
dpadd,0x001F76F8,0x001F7750,88
dpsub,0x001F7750,0x001F77B4,100
dpmul,0x001F77B8,0x001F7A60,680
dpdiv,0x001F7A60,0x001F7BC8,360
__fpcmp_parts_d,0x001F7BC8,0x001F7CDC,276
dpcmp,0x001F7CE0,0x001F7D2C,76
litodp,0x001F7D30,0x001F7DE8,184
dptoli,0x001F7DE8,0x001F7E7C,148
dptoul,0x001F7E80,0x001F7F20,160
FUN_001f7f20,0x001F7F20,0x001F7F4C,44
dptofp,0x001F7F50,0x001F7FA4,84
__pack_f,0x001F7FA8,0x001F80B4,268
__unpack_f,0x001F80B8,0x001F8148,144
fptoui,0x001F8178,0x001F8210,152
FUN_001f8210,0x001F8210,0x001F823C,44
fptodp,0x001F8240,0x001F8280,64
FUN_001f8280,0x001F8280,0x001F82F8,120
FUN_001f82f8,0x001F82F8,0x001F8420,296
FUN_001f8420,0x001F8420,0x001F8498,120
FUN_001f8498,0x001F8498,0x001F850C,116
FUN_001f8510,0x001F8510,0x001F8520,16
FUN_001f8520,0x001F8520,0x001F8544,36
FUN_001f8548,0x001F8548,0x001F8574,44
new_eh_context,0x001F8580,0x001F85D4,84
FUN_001f85d8,0x001F85D8,0x001F85FC,36
FUN_001f8600,0x001F8600,0x001F8628,40
FUN_001f8628,0x001F8628,0x001F8650,40
eh_context_static,0x001F8650,0x001F86B8,104
FUN_001f86b8,0x001F86B8,0x001F86E0,40
FUN_001f86e0,0x001F86E0,0x001F8858,376
__sjpopnthrow,0x001F8858,0x001F8970,280
__eh_rtime_match,0x001F8970,0x001F89B8,72
old_find_exception_handler,0x001F89C8,0x001F8AA0,216
find_exception_handler,0x001F8AA0,0x001F8BE4,324
get_reg_addr,0x001F8BE8,0x001F8C70,136
copy_reg,0x001F8C70,0x001F8CEC,124
next_stack_level,0x001F8CF0,0x001F8D7C,140
FUN_001f8d80,0x001F8D80,0x001F8D88,8
throw_helper,0x001F8D88,0x001F90B8,816
__throw,0x001F90B8,0x001F9294,476
__rethrow,0x001F9298,0x001F947C,484
__muldi3,0x001F9480,0x001F94E0,96
FUN_001f94e0,0x001F94E0,0x001F94F8,24
FUN_001f94f8,0x001F94F8,0x001F9518,32
FUN_001f9528,0x001F9528,0x001F9564,60
FUN_001f9568,0x001F9568,0x001F9588,32
FUN_001f9588,0x001F9588,0x001F95C0,56
FUN_001f95c0,0x001F95C0,0x001F95E8,40
FUN_001f95e8,0x001F95E8,0x001F9604,28
__cplus_type_matcher,0x001F9608,0x001F9674,108
__cp_push_exception,0x001F9678,0x001F9708,144
__cp_pop_exception,0x001F9708,0x001F97CC,196
FUN_001f97d0,0x001F97D0,0x001F9800,48
__check_eh_spec,0x001F9800,0x001F9994,404
__throw_bad_cast,0x001F99B8,0x001F9AEC,308
__throw_bad_cast,0x001F9A38,0x001F9AEC,180
REC_001f9ab8,0x001F9AB8,0x001F9AEC,52
FUN_001f9af0,0x001F9AF0,0x001F9B18,40
FUN_001f9b18,0x001F9B18,0x001F9B48,48
__tf9bad_alloc,0x001F9B60,0x001F9BB0,80
FUN_001f9bb0,0x001F9BB0,0x001F9BE0,48
__tf9exception,0x001F9BF8,0x001F9C38,64
decode_uleb128,0x001F9C38,0x001F9C7C,68
decode_sleb128,0x001F9C80,0x001F9CD0,80
fde_merge,0x001F9CD0,0x001F9DCC,252
end_fde_sort,0x001F9DD0,0x001FA034,612
count_fdes,0x001FA038,0x001FA080,72
add_fdes,0x001FA080,0x001FA108,136
frame_init,0x001FA108,0x001FA244,316
find_fde,0x001FA248,0x001FA32C,228
extract_cie_info,0x001FA330,0x001FA434,260
execute_cfa_insn,0x001FA438,0x001FA7D0,920
FUN_001fa7d0,0x001FA7D0,0x001FA7F8,40
__deregister_frame_info,0x001FA7F8,0x001FA870,120
__frame_state_for,0x001FA870,0x001FAA48,472
fde_split,0x001FAA48,0x001FABBC,372
__tf9bad_alloc,0x001FABF0,0x001FAC40,80
FUN_001fac40,0x001FAC40,0x001FAC70,48
FUN_001fac70,0x001FAC70,0x001FACA0,48
__eq__C9type_infoRC9type_info,0x001FACA0,0x001FACE0,64
FUN_001face0,0x001FACE0,0x001FAD04,36
FUN_001fad08,0x001FAD08,0x001FAD28,32
FUN_001fad28,0x001FAD28,0x001FAD44,28
FUN_001fad48,0x001FAD48,0x001FAD74,44
dcast__C14__si_type_infoRC9type_infoiPvPC9type_infoT3,0x001FAD78,0x001FAE0C,148
dcast__C17__class_type_infoRC9type_infoiPvPC9type_infoT3,0x001FAE10,0x001FAFE8,472
__tf9bad_alloc,0x001FB008,0x001FB058,80
FUN_001fb058,0x001FB058,0x001FB074,28
__tf9bad_alloc,0x001FB098,0x001FB0E8,80
FUN_001fb0e8,0x001FB0E8,0x001FB104,28
__tf9bad_alloc,0x001FB120,0x001FB170,80
FUN_001fb170,0x001FB170,0x001FB18C,28
FUN_001fb190,0x001FB190,0x001FB1C0,48
__tf9bad_alloc,0x001FB1D8,0x001FB228,80
FUN_001fb228,0x001FB228,0x001FB258,48
__tf9bad_alloc,0x001FB270,0x001FB2C0,80
FUN_001fb2c0,0x001FB2C0,0x001FB2E0,32
__tf9exception,0x001FB300,0x001FB340,64
FUN_001fb340,0x001FB340,0x001FB364,36
__throw_type_match_rtti,0x001FB368,0x001FB830,1224
__is_pointer__FPv,0x001FB830,0x001FB880,80
__dynamic_cast,0x001FB948,0x001FB9F4,172
FUN_001fb9f8,0x001FB9F8,0x001FBA2C,52
__tf9bad_alloc,0x001FBDB0,0x001FBE00,80
FUN_001fbe00,0x001FBE00,0x001FBE1C,28
__tf9bad_alloc,0x001FBE20,0x001FBE70,80
FUN_001fbe70,0x001FBE70,0x001FBE8C,28
__tf9bad_alloc,0x001FBE90,0x001FBEE0,80
FUN_001fbee0,0x001FBEE0,0x001FBEFC,28
__tf9bad_alloc,0x001FBF00,0x001FBF50,80
FUN_001fbf50,0x001FBF50,0x001FBF6C,28
__tf9bad_alloc,0x001FBF70,0x001FBFC0,80
FUN_001fbfc0,0x001FBFC0,0x001FBFDC,28
__tf9bad_alloc,0x001FBFE0,0x001FC030,80
FUN_001fc030,0x001FC030,0x001FC04C,28
__tf9bad_alloc,0x001FC050,0x001FC0A0,80
FUN_001fc0a0,0x001FC0A0,0x001FC0BC,28
DeleteEntity__Q23RWS113_GLOBAL__N_e__p4_helene1667_GhostRider_code_game_RWSFrameWork_attributehandler_attributehandlerstrfuncs_cpp10aaaaR17RwChunkHeaderInfoP8RwStream,0x001FC0C0,0x001FC150,144
FUN_001fc150,0x001FC150,0x001FC170,32
UpdateEntityAttributes__Q23RWS113_GLOBAL__N_e__p4_helene1667_GhostRider_code_game_RWSFrameWork_attributehandler_attributehandlerstrfuncs_cpp10aaaaR17RwChunkHeaderInfoP8RwStream,0x001FC170,0x001FC208,152
CreateEntity__Q23RWS113_GLOBAL__N_e__p4_helene1667_GhostRider_code_game_RWSFrameWork_attributehandler_attributehandlerstrfuncs_cpp10aaaaR17RwChunkHeaderInfoP8RwStream,0x001FC208,0x001FC27C,116
HandleProfilerMessages__3RWSR17RwChunkHeaderInfoP8RwStream,0x001FC280,0x001FC2C4,68
RegisterStreamChunkHandlers__Q23RWS17CAttributeHandler,0x001FC2C8,0x001FC344,124
ReprocessAttributePacket__Q23RWS16CAttributePacket,0x001FC350,0x001FC410,192
SkipToNextAttributeCommand__Q23RWS25CAttributeCommandIteratorb,0x001FC410,0x001FC4B8,168
Clone__CQ23RWS16CAttributePacket,0x001FC4B8,0x001FC554,156
FUN_001fc560,0x001FC560,0x001FC6CC,364
GetInstanceId__CQ23RWS16CAttributePacket,0x001FC730,0x001FC7D8,168
FUN_001fc7e0,0x001FC7E0,0x001FC7EC,12
FUN_001fc7f0,0x001FC7F0,0x001FC824,52
CreateEntity__CQ23RWS16CAttributePacketP8RwStream,0x001FC828,0x001FC928,256
RegisterForDelete__Q23RWS17CAttributeHandler,0x001FC930,0x001FC988,88
FUN_001fc990,0x001FC990,0x001FCA90,256
RegisterClassName__Q23RWS17CAttributeHandlerPCc,0x001FCA98,0x001FCB7C,228
ReferenceClassName__Q23RWS17CAttributeHandlerPCc,0x001FCB80,0x001FCC3C,188
__tcf_0,0x001FCC40,0x001FCCB8,120
GetNameToPtrMap__3RWSv,0x001FCCB8,0x001FCD7C,196
RegisterNewClass__Q23RWS13CClassFactoryPCc,0x001FCD88,0x001FCF34,428
FUN_001fcf38,0x001FCF38,0x001FD130,504
GetClass__Q23RWS13CClassFactoryPCc,0x001FD130,0x001FD1D0,160
Purge__Q23RWS13CClassFactoryb,0x001FD1D0,0x001FD820,1616
___Q33RWS13CClassFactory10CRegistrar,0x001FD820,0x001FD96C,332
find__t8_Rb_tree5ZPCcZt4pair2ZCPCcZPQ23RWS10SClassInfoZt10_Select1st1Zt4pair2ZCPCcZPQ23RWS10SClassInfoZQ23RWS8cstrlessZt9allocator1ZPQ23RWS10SClassInfoRCPCc,0x001FD978,0x001FDA20,168
_M_insert__t8_Rb_tree5ZPCcZt4pair2ZCPCcZPQ23RWS10SClassInfoZt10_Select1st1Zt4pair2ZCPCcZPQ23RWS10SClassInfoZQ23RWS8cstrlessZt9allocator1ZPQ23RWS10SClassInfoP18_Rb_tree_node_baseT1RCt4pair2ZCPCcZPQ23RWS10SClassInfo,0x001FDA20,0x001FDDB0,912
insert_unique__t8_Rb_tree5ZPCcZt4pair2ZCPCcZPQ23RWS10SClassInfoZt10_Select1st1Zt4pair2ZCPCcZPQ23RWS10SClassInfoZQ23RWS8cstrlessZt9allocator1ZPQ23RWS10SClassInfoRCt4pair2ZCPCcZPQ23RWS10SClassInfo,0x001FDDB0,0x001FDF50,416
REC_001fdf58,0x001FDF58,0x001FDF80,40
FUN_001fdf88,0x001FDF88,0x001FE0A4,284
CreateInstance__Q23RWS13CClassFactoryPCcPCQ23RWS16CAttributePacketT1PvPFPQ23RWS17CAttributeHandlerPv_vT4,0x001FE0B0,0x001FE178,200
FUN_001fe178,0x001FE178,0x001FE204,140
FUN_001fe208,0x001FE208,0x001FE22C,36
FUN_001fe230,0x001FE230,0x001FE260,48
FUN_001fe260,0x001FE260,0x001FE298,56
__Q33RWS13CClassFactory10CRegistrarPCcPFRCQ23RWS16CAttributePacket_PQ23RWS17CAttributeHandlerUi,0x001FE298,0x001FE320,136
_M_erase__t8_Rb_tree5ZPCcZt4pair2ZCPCcZPQ23RWS10SClassInfoZt10_Select1st1Zt4pair2ZCPCcZPQ23RWS10SClassInfoZQ23RWS8cstrlessZt9allocator1ZPQ23RWS10SClassInfoPt13_Rb_tree_node1Zt4pair2ZCPCcZPQ23RWS10SClassInfo,0x001FE328,0x001FE394,108
FindFirstResource__Q23RWS15CSystemCommandsRCQ23RWS16CAttributePacket,0x001FE398,0x001FE424,140
FindFirstResourceOfType__Q23RWS15CSystemCommandsRCQ23RWS16CAttributePacketPCc,0x001FE428,0x001FE510,232
FUN_001fe518,0x001FE518,0x001FE62C,276
FUN_001fe638,0x001FE638,0x001FE670,56
FUN_001fe670,0x001FE670,0x001FE68C,28
UpdateFrame__Q23RWS15CSystemCommandsR7RwFramePC11RwMatrixTag,0x001FE690,0x001FE744,180
REC_001fe760,0x001FE760,0x001FE780,32
RegisterMsg__Q23RWS13CEventHandlerRQ23RWS8CEventIdPCcT2,0x001FE780,0x001FEBF8,1144
UnRegisterMsg__Q23RWS13CEventHandlerRQ23RWS8CEventId,0x001FEBF8,0x001FED20,296
UnLinkMsg__Q23RWS13CEventHandlerRQ23RWS8CEventId,0x001FED20,0x001FEDC8,168
LinkMsgToEventHandler__Q23RWS13CEventHandlerPQ23RWS13CEventHandlerRQ23RWS8CEventIdPCcUs,0x001FEDC8,0x001FEF70,424
__static_initialization_and_destruction_0,0x001FEF70,0x001FF068,248
FUN_001ff088,0x001FF088,0x001FF09C,20
FUN_001ff0a0,0x001FF0A0,0x001FF0C4,36
FUN_001ff0d0,0x001FF0D0,0x001FF0E4,20
Open__Q23RWS13CEventHandlerUiUi,0x001FF0E8,0x001FF17C,148
QueueMsg__Q23RWS13CEventHandlerRCQ23RWS4CMsgPv,0x001FF188,0x001FF1D4,76
FlushQueuedMessages__Q23RWS13CEventHandler,0x001FF1D8,0x001FF278,160
___Q23RWS13CEventHandler,0x001FF278,0x001FF350,216
FUN_001ff350,0x001FF350,0x001FF380,48
DeleteEventHandlers__Q23RWS13CEventHandlerRCQ23RWS8CEventId,0x001FF388,0x001FF3F8,112
FUN_001ff3f8,0x001FF3F8,0x001FF428,48
IsLinked__Q23RWS13CEventHandlerRQ23RWS8CEventId,0x001FF428,0x001FF470,72
ReplaceRegisteredMsg__Q23RWS13CEventHandlerRQ23RWS8CEventIdPCcT2,0x001FF470,0x001FF4BC,76
ReplaceLinkedMsg__Q23RWS13CEventHandlerRQ23RWS8CEventIdPCcT2,0x001FF4C0,0x001FF544,132
_SendMsg__3RWSRQ23RWS4CMsg,0x001FF550,0x001FF5F4,164
ProcessPendingUnlinks__Q23RWS13CEventHandlerPQ23RWS10CLinkedMsg,0x001FF5F8,0x001FF650,88
InitMemHandler__Q23RWS10CLinkedMsgUiUi,0x001FF670,0x001FF6B0,64
__nw__Q23RWS15CRegisteredMsgsUi,0x001FF6B0,0x001FF704,84
__dl__Q23RWS15CRegisteredMsgsPv,0x001FF710,0x001FF750,64
InitMemHandler__Q23RWS10CLinkedMsgUiUi,0x001FF750,0x001FF790,64
__nw__Q23RWS15CRegisteredMsgsUi,0x001FF790,0x001FF7E4,84
__dl__Q23RWS15CRegisteredMsgsPv,0x001FF7F0,0x001FF830,64
PluginAttach__Q23RWS22RpAtomicToEventHandlerv,0x001FF868,0x001FF8B0,72
FUN_001ff8b0,0x001FF8B0,0x001FF8C4,20
FUN_001ff8d0,0x001FF8D0,0x001FF8F0,32
FUN_001ff8f0,0x001FF8F0,0x001FF910,32
SendTestEvent__Q23RWS105_GLOBAL__N_e__p4_helene1667_GhostRider_code_game_RWSFrameWork_eventhandler_eventhandlerstrfuncs_cppfbDaaaR17RwChunkHeaderInfoP8RwStream,0x001FF910,0x001FF9C8,184
FUN_001ff9c8,0x001FF9C8,0x001FF9EC,36
__tcf_0,0x001FF9F8,0x001FFA70,120
ProcessStream__Q23RWS14CStreamHandlerP8RwStream,0x001FFA70,0x001FFB8C,284
RegisterStreamChunkHandlers__Q23RWS14CStreamHandler,0x001FFB90,0x001FFC38,168
find__t8_Rb_tree5ZUiZt4pair2ZCUiZPFR17RwChunkHeaderInfoP8RwStream_vZt10_Select1st1Zt4pair2ZCUiZPFR17RwChunkHeaderInfoP8RwStream_vZt4less1ZUiZt9allocator1ZPFR17RwChunkHeaderInfoP8RwStream_vRCUi,0x001FFC40,0x001FFCA8,104
_M_insert__t8_Rb_tree5ZUiZt4pair2ZCUiZPFR17RwChunkHeaderInfoP8RwStream_vZt10_Select1st1Zt4pair2ZCUiZPFR17RwChunkHeaderInfoP8RwStream_vZt4less1ZUiZt9allocator1ZPFR17RwChunkHeaderInfoP8RwStream_vP18_Rb_tree_node_baseT1RCt4pair2ZCUiZPFR17RwChunkHeaderInfoP8RwStream_v,0x001FFCA8,0x00200038,912
insert_unique__t8_Rb_tree5ZUiZt4pair2ZCUiZPFR17RwChunkHeaderInfoP8RwStream_vZt10_Select1st1Zt4pair2ZCUiZPFR17RwChunkHeaderInfoP8RwStream_vZt4less1ZUiZt9allocator1ZPFR17RwChunkHeaderInfoP8RwStream_vRCt4pair2ZCUiZPFR17RwChunkHeaderInfoP8RwStream_v,0x00200038,0x0020018C,340
__Q23RWS14CStreamHandler,0x002001A0,0x00200230,144
RegisterChunkHandler__Q23RWS14CStreamHandlerUiPFR17RwChunkHeaderInfoP8RwStream_v,0x00200238,0x002002D8,160
VersionNumber__Q23RWS99_GLOBAL__N_e__p4_helene1667_GhostRider_code_game_RWSFrameWork_streamhandler_streamhandler_cpp3oiaaaR17RwChunkHeaderInfoP8RwStream,0x002002D8,0x00200334,92
_M_erase__t8_Rb_tree5ZPCcZt4pair2ZCPCcZPQ23RWS10SClassInfoZt10_Select1st1Zt4pair2ZCPCcZPQ23RWS10SClassInfoZQ23RWS8cstrlessZt9allocator1ZPQ23RWS10SClassInfoPt13_Rb_tree_node1Zt4pair2ZCPCcZPQ23RWS10SClassInfo,0x00200348,0x002003B4,108
FUN_002003b8,0x002003B8,0x00200458,160
FUN_00200458,0x00200458,0x0020051C,196
FUN_00200520,0x00200520,0x0020076C,588
FUN_00200770,0x00200770,0x00200834,196
CreateAtomicFromResource__Q23RWS16CResourceHandlerRCQ23RWS16CAttributePacketPQ23RWS13CEventHandler,0x00200838,0x00200974,316
FUN_00200988,0x00200988,0x00200A38,176
FUN_00200a38,0x00200A38,0x00200AD0,152
REC_00200ad8,0x00200AD8,0x00200B88,176
FUN_00200b88,0x00200B88,0x00200C68,224
FUN_00200c68,0x00200C68,0x00200CF4,140
FUN_00200cf8,0x00200CF8,0x00200D5C,100
FUN_00200d60,0x00200D60,0x00200ED8,376
ExtractAtomic_CB__3RWSP8RpAtomicPv,0x00200ED8,0x00200F28,80
CreateClumpFromResource__Q23RWS16CResourceHandlerPCQ23RWS9CResourcePCcPQ23RWS13CEventHandler,0x00200F28,0x00201024,252
FUN_00201030,0x00201030,0x00201060,48
FUN_00201060,0x00201060,0x00201080,32
FUN_00201080,0x00201080,0x002010A8,40
FUN_002010a8,0x002010A8,0x002010EC,68
LoadResource__Q23RWS16CResourceManagerPCcPCQ23RWS7RWSGUIDT1PcP8RwStreamUi,0x00201100,0x00201390,656
Purge__Q23RWS16CResourceManager,0x00201390,0x00201510,384
Load__Q23RWS16CResourceManagerPCcPCQ23RWS7RWSGUIDT1N21,0x00201518,0x002016A8,400
__Q23RWS9CResource,0x002016B8,0x00201744,140
___Q23RWS9CResource,0x00201748,0x002017DC,148
SetId__Q23RWS9CResourceRCQ23RWS7RWSGUID,0x002017E0,0x00201860,128
FUN_00201860,0x00201860,0x00201884,36
HashList_Remove__Q23RWS9CResource,0x00201888,0x002018E4,92
FUN_002018e8,0x002018E8,0x00201904,28
DumpResource__Q23RWS16CResourceManagerPCQ23RWS9CResourceb,0x00201910,0x00201980,112
PurgeItem__Q23RWS16CResourceManagerRQ23RWS17CResourceIterator,0x00201980,0x002019E0,96
FindById__Q23RWS16CResourceManagerPCQ23RWS7RWSGUIDPPCcPUiT2,0x002019E0,0x00201ABC,220
FUN_00201ac0,0x00201AC0,0x00201AF4,52
UnLoadAsset__Q23RWS110_GLOBAL__N_e__p4_helene1667_GhostRider_code_game_RWSFrameWork_resourcemanager_resourcemanagerstrfunc_cppnBTaaaR17RwChunkHeaderInfoP8RwStream,0x00201AF8,0x00201B78,128
LoadAsset__Q23RWS110_GLOBAL__N_e__p4_helene1667_GhostRider_code_game_RWSFrameWork_resourcemanager_resourcemanagerstrfunc_cppnBTaaaR17RwChunkHeaderInfoP8RwStream,0x00201B78,0x00201C5C,228
LoadEmbeddedAsset__Q23RWS110_GLOBAL__N_e__p4_helene1667_GhostRider_code_game_RWSFrameWork_resourcemanager_resourcemanagerstrfunc_cppnBTaaaR17RwChunkHeaderInfoP8RwStream,0x00201C60,0x00201D50,240
RegisterStreamChunkHandlers__Q23RWS16CResourceManager,0x00201D50,0x00201D94,68
FUN_00201da0,0x00201DA0,0x0020203C,668
FUN_00202048,0x00202048,0x00202064,28
Instance__Q22AI14CBattleManager,0x00202080,0x002020D4,84
__11CMemHandler,0x002020D8,0x002021A4,204
FUN_002021a8,0x002021A8,0x002021CC,36
FUN_002021d8,0x002021D8,0x00202204,44
FUN_00202208,0x00202208,0x00202210,8
FUN_00202230,0x00202230,0x00202238,8
FUN_00202250,0x00202250,0x00202310,192
FUN_00202310,0x00202310,0x002023D0,192
FUN_002023d0,0x002023D0,0x0020243C,108
FUN_00202440,0x00202440,0x002024AC,108
FUN_002024b0,0x002024B0,0x0020257C,204
FUN_00202580,0x00202580,0x0020264C,204
FUN_00202660,0x00202660,0x00202720,192
FUN_00202720,0x00202720,0x0020278C,108
FUN_00202790,0x00202790,0x002027B4,36
RWSCalloc__FUiUiUi,0x002027B8,0x0020281C,100
MemHandlerCleanUp__Fi,0x00202820,0x0020286C,76
REC_00202880,0x00202880,0x002028A4,36
__15CMicroAllocatorPvi,0x002028A8,0x00202B14,620
Report__15CMicroAllocator,0x00202B18,0x00202BA0,136
Alloc__15CMicroAllocatori,0x00202BA0,0x00202C50,176
Free__15CMicroAllocatorPv,0x00202C50,0x00202D1C,204
StatMem__15CMicroAllocatorPv,0x00202D20,0x00202DA4,132
MicroAllocatorNewPage__15CMicroAllocatorPQ215CMicroAllocator20StMicroAllocClassRec,0x00202DA8,0x00202E64,188
FUN_00202e68,0x00202E68,0x00202E70,8
Alloc__15CTurboAllocatori,0x00202E70,0x00203014,420
Report__15CTurboAllocator,0x00203018,0x002030D0,184
__15CTurboAllocatorPvi,0x002030D0,0x002031F0,288
CAlloc__15CTurboAllocatori,0x002031F8,0x0020325C,100
Free__15CTurboAllocatorPv,0x00203260,0x00203368,264
StatMem__15CTurboAllocatorPv,0x00203368,0x002033F0,136
AllocNewTrackers__15CTurboAllocator,0x002033F0,0x0020344C,92
CleanUp__15CTurboAllocator,0x00203450,0x0020350C,188
FUN_00203510,0x00203510,0x00203534,36
FUN_00203538,0x00203538,0x0020355C,36
FUN_00203560,0x00203560,0x00203568,8
FUN_00203568,0x00203568,0x00203570,8
FUN_00203570,0x00203570,0x00203578,8
FUN_00203578,0x00203578,0x002037B0,568
FUN_002037b0,0x002037B0,0x00203800,80
GenerateUIntIdFromString__3RWSPCc,0x00203800,0x00203848,72
FUN_00203848,0x00203848,0x00203A34,492
FUN_00203a38,0x00203A38,0x00203B2C,244
FUN_00203b30,0x00203B30,0x00203D54,548
FUN_00203d58,0x00203D58,0x00203EBC,356
FUN_00203ec0,0x00203EC0,0x00203F98,216
FUN_00203f98,0x00203F98,0x00204078,224
FUN_00204078,0x00204078,0x002041F8,384
FUN_002041f8,0x002041F8,0x002043DC,484
FUN_002043e0,0x002043E0,0x0020449C,188
FUN_002044a0,0x002044A0,0x00204620,384
FUN_00204620,0x00204620,0x002046DC,188
FUN_002046e0,0x002046E0,0x002047A0,192
___Q33RWS12AssetTracker15CAttributeAsset,0x002047A0,0x002047F8,88
CreateInstance__Q33RWS12AssetTracker15CAttributeAssetPCcPv,0x00204808,0x00204870,104
Dump__Q33RWS12AssetTracker15CAttributeAsset,0x00204870,0x002048C0,80
FUN_002048c0,0x002048C0,0x00204958,152
SetName__Q33RWS12AssetTracker10CAssetListPCc,0x00204958,0x002049A4,76
FUN_002049b0,0x002049B0,0x00204A54,164
FUN_00204a60,0x00204A60,0x00204A90,48
FUN_00204a90,0x00204A90,0x00204AC0,48
FUN_00204ac0,0x00204AC0,0x00204BBC,252
FUN_00204bc0,0x00204BC0,0x00204BC8,8
FUN_00204bc8,0x00204BC8,0x00204CD8,272
FUN_00204cd8,0x00204CD8,0x00204D88,176
FUN_00204d88,0x00204D88,0x00204DAC,36
FUN_00204db0,0x00204DB0,0x00204DEC,60
FUN_00204df0,0x00204DF0,0x00204DF8,8
FUN_00204df8,0x00204DF8,0x00204E28,48
___Q33RWS12AssetTracker15CAttributeAsset,0x00204E28,0x00204E80,88
FUN_00204e98,0x00204E98,0x00204EC0,40
FUN_00204ec0,0x00204EC0,0x00204EE0,32
FUN_00204ee0,0x00204EE0,0x00204F00,32
FUN_00204f00,0x00204F00,0x002050B8,440
FUN_002050b8,0x002050B8,0x002051FC,324
FUN_00205200,0x00205200,0x00205390,400
FUN_00205398,0x00205398,0x002054D8,320
FUN_002054d8,0x002054D8,0x002055C4,236
FUN_002055c8,0x002055C8,0x002056C0,248
FUN_002056c0,0x002056C0,0x002057A0,224
FUN_002057b8,0x002057B8,0x00205818,96
FUN_00205818,0x00205818,0x0020582C,20
FUN_00205830,0x00205830,0x00205938,264
FUN_00205960,0x00205960,0x002059D4,116
Init__Q23RWS10FileSystemv,0x002059E8,0x00205A3C,84
FUN_00205a40,0x00205A40,0x00205AFC,188
FUN_00205b00,0x00205B00,0x00205C00,256
FUN_00205c00,0x00205C00,0x00205CE8,232
FUN_00205ce8,0x00205CE8,0x00205DCC,228
SetRootPath__Q23RWS10FileSystemPCc,0x00205DD0,0x00205E34,100
FUN_00205e40,0x00205E40,0x00205E58,24
FUN_00205e58,0x00205E58,0x00205E84,44
FUN_00205e88,0x00205E88,0x00205EB8,48
FixPath__Q23RWS10FileSystemPc,0x00205EB8,0x00205EF8,64
FUN_00205ef8,0x00205EF8,0x00205FBC,196
FUN_00205fc0,0x00205FC0,0x00206050,144
FUN_00206058,0x00206058,0x00206084,44
FUN_00206088,0x00206088,0x0020610C,132
FUN_00206110,0x00206110,0x0020611C,12
FUN_00206120,0x00206120,0x0020613C,28
FUN_00206148,0x00206148,0x00206154,12
IsEOF__Q23RWS10FileSystemP8RwStream,0x00206158,0x002061F0,152
FUN_002061f0,0x002061F0,0x00206268,120
FUN_00206268,0x00206268,0x00206328,192
FUN_00206328,0x00206328,0x002063C0,152
FUN_002063c0,0x002063C0,0x002063E8,40
FUN_002063e8,0x002063E8,0x00206448,96
FUN_00206448,0x00206448,0x002064F8,176
FUN_002064f8,0x002064F8,0x002065A8,176
FUN_002065a8,0x002065A8,0x002065C8,32
FUN_002065c8,0x002065C8,0x002065E8,32
FUN_002065e8,0x002065E8,0x002066E8,256
FUN_002066e8,0x002066E8,0x002066F4,12
FUN_002066f8,0x002066F8,0x00206718,32
FUN_00206718,0x00206718,0x00206734,28
FUN_00206738,0x00206738,0x00206770,56
FUN_00206770,0x00206770,0x00206958,488
FUN_00206960,0x00206960,0x00206B38,472
FUN_00206b38,0x00206B38,0x00206B40,8
FUN_00206b48,0x00206B48,0x00206CC4,380
FUN_00206cc8,0x00206CC8,0x00206CEC,36
FUN_00206cf0,0x00206CF0,0x00206D14,36
FUN_00206d20,0x00206D20,0x00206E44,292
CopyString__Q23RWS5UtilsPCci,0x00206E48,0x00206ED0,136
CopyString__Q23RWS5UtilsPCci,0x00206ED0,0x00206F58,136
FUN_00206f58,0x00206F58,0x00206F84,44
FUN_00206f98,0x00206F98,0x00207024,140
GetChildFrameHierarchy__FP7RwFramePv,0x00207028,0x00207080,88
FUN_00207080,0x00207080,0x002070B0,48
FUN_002070b0,0x002070B0,0x002070D8,40
FUN_002070d8,0x002070D8,0x002070FC,36
FUN_00207128,0x00207128,0x00207164,60
default_decompress_parms,0x00207170,0x0020738C,540
jpeg_CreateDecompress,0x00207390,0x002074D4,324
FUN_002074d8,0x002074D8,0x002074F4,28
jpeg_read_header,0x002074F8,0x002075BC,196
jpeg_finish_decompress,0x002075C0,0x002076CC,268
jpeg_consume_input,0x002076E0,0x002077E0,256
jpeg_start_decompress,0x002077E8,0x00207940,344
jpeg_read_scanlines,0x00207948,0x00207A4C,260
output_pass_setup,0x00207A58,0x00207B78,288
initial_setup,0x00207B78,0x00207E44,716
per_scan_setup,0x00207E48,0x0020806C,548
start_input_pass,0x00208070,0x00208258,488
jinit_input_controller,0x00208258,0x002082D0,120
consume_markers,0x002082D0,0x002083F0,288
reset_input_controller,0x00208408,0x0020846C,100
get_sof,0x00208470,0x002088B4,1092
get_sos,0x002088B8,0x00208CA0,1000
get_dht,0x00208CA0,0x00209108,1128
get_dqt,0x00209108,0x00209458,848
get_dri,0x00209458,0x002095D0,376
examine_app0,0x002095D0,0x002098E8,792
get_interesting_appn,0x002098E8,0x00209BB8,720
next_marker,0x00209BC0,0x00209D58,408
read_markers,0x00209D58,0x0020A2C4,1388
jpeg_resync_to_restart,0x0020A2C8,0x0020A460,408
jinit_marker_reader,0x0020A468,0x0020A530,200
skip_variable,0x0020A530,0x0020A648,280
read_restart_marker,0x0020A648,0x0020A704,188
jpeg_calc_output_dimensions,0x0020A730,0x0020AAFC,972
master_selection,0x0020AB00,0x0020AFD4,1236
prepare_for_output_pass,0x0020AFD8,0x0020B1CC,500
jinit_master_decompress,0x0020B1D0,0x0020B22C,92
finish_output_pass,0x0020B230,0x0020B274,68
build_ycc_rgb_table,0x0020B278,0x0020B3B0,312
h2v1_merged_upsample,0x0020B3B0,0x0020B580,464
h2v2_merged_upsample,0x0020B580,0x0020B810,656
jinit_merged_upsampler,0x0020B810,0x0020B8D8,200
merged_2v_upsample,0x0020B8F0,0x0020BA08,280
merged_1v_upsample,0x0020BA08,0x0020BA68,96
start_pass_phuff_decoder,0x0020BA68,0x0020BD8C,804
decode_mcu_DC_first,0x0020BD90,0x0020C0D0,832
decode_mcu_AC_first,0x0020C0D0,0x0020C42C,860
decode_mcu_DC_refine,0x0020C430,0x0020C604,468
decode_mcu_AC_refine,0x0020C608,0x0020CB7C,1396
jinit_phuff_decoder,0x0020CB80,0x0020CC50,208
jinit_d_post_controller,0x0020CC50,0x0020CD48,248
start_pass_dpost,0x0020CD48,0x0020CE7C,308
post_process_1pass,0x0020CE80,0x0020CF24,164
post_process_prepass,0x0020CF28,0x0020D038,272
post_process_2pass,0x0020D038,0x0020D144,268
h2v2_fancy_upsample,0x0020D148,0x0020D2F0,424
jinit_upsampler,0x0020D2F0,0x0020D5C0,720
sep_upsample,0x0020D5D8,0x0020D764,396
int_upsample,0x0020D778,0x0020D89C,292
h2v1_upsample,0x0020D8A0,0x0020D91C,124
h2v2_upsample,0x0020D920,0x0020D9F8,216
h2v1_fancy_upsample,0x0020D9F8,0x0020DAE8,240
jpeg_std_error,0x0020DAE8,0x0020DB58,112
FUN_0020db58,0x0020DB58,0x0020DBAC,84
emit_message,0x0020DBB0,0x0020DC28,120
format_message,0x0020DC28,0x0020DD3C,276
alloc_small,0x0020DD58,0x0020DF70,536
alloc_sarray,0x0020DF70,0x0020E1A0,560
FUN_0020e1a0,0x0020E1A0,0x0020E3D8,568
realize_virt_arrays,0x0020E3D8,0x0020E6F8,800
do_sarray_io,0x0020E6F8,0x0020E858,352
do_barray_io,0x0020E858,0x0020E9B8,352
access_virt_sarray,0x0020E9B8,0x0020EBE4,556
FUN_0020ebe8,0x0020EBE8,0x0020EE1C,564
free_pool,0x0020EE20,0x0020EFC0,416
jinit_memory_mgr,0x0020EFC0,0x0020F18C,460
alloc_large,0x0020F190,0x0020F2D0,320
request_virt_sarray,0x0020F2D0,0x0020F39C,204
request_virt_sarray,0x0020F3A0,0x0020F46C,204
self_destruct,0x0020F470,0x0020F4D8,104
FUN_0020f4d8,0x0020F4D8,0x0020F4F4,28
FUN_0020f4f8,0x0020F4F8,0x0020F514,28
FUN_0020f518,0x0020F518,0x0020F534,28
FUN_0020f538,0x0020F538,0x0020F554,28
FUN_0020f558,0x0020F558,0x0020F560,8
FUN_0020f560,0x0020F560,0x0020F594,52
FUN_0020f598,0x0020F598,0x0020F5A0,8
FUN_0020f5a0,0x0020F5A0,0x0020F5A8,8
select_ncolors,0x0020F5A8,0x0020F754,428
create_colormap,0x0020F758,0x0020F9A8,592
create_colorindex,0x0020F9A8,0x0020FBE4,572
create_odither_tables,0x0020FBE8,0x0020FDD8,496
quantize_fs_dither,0x0020FDD8,0x00210000,552
start_pass_1_quant,0x00210000,0x002101C0,448
jinit_1pass_quantizer,0x002101C0,0x0021031C,348
color_quantize,0x00210320,0x002103D0,176
color_quantize3,0x002103D0,0x00210480,176
quantize_ord_dither,0x00210480,0x002105D8,344
quantize3_ord_dither,0x002105D8,0x00210724,332
FUN_00210730,0x00210730,0x00210764,52
update_box,0x00210768,0x00210C74,1292
median_cut,0x00210C78,0x00210EA0,552
compute_color,0x00210EA0,0x002110FC,604
find_nearby_colors,0x00211100,0x002113EC,748
fill_inverse_cmap,0x002113F0,0x002116DC,748
pass2_fs_dither,0x002116E0,0x00211A50,880
start_pass_2_quant,0x00211A50,0x00211CC0,624
jinit_2pass_quantizer,0x00211CC0,0x00211F64,676
prescan_quantize,0x00211F68,0x00212010,168
pass2_no_dither,0x00212010,0x00212134,292
finish_pass1,0x00212138,0x00212258,288
FUN_00212270,0x00212270,0x00212290,32
FUN_00212290,0x00212290,0x002122C0,48
jcopy_sample_rows,0x002122C0,0x00212334,116
FUN_00212338,0x00212338,0x00212360,40
FUN_00212360,0x00212360,0x00212380,32
jpeg_RW_src,0x00212380,0x00212440,192
fill_input_buffer,0x00212450,0x0021250C,188
skip_input_data,0x00212510,0x00212654,324
inflateInit2_,0x00212660,0x002127DC,380
updatewindow,0x002127E0,0x00212938,344
inflate,0x00212938,0x002143AC,6772
inflateEnd,0x002143B8,0x00214424,108
FUN_00214438,0x00214438,0x0021445C,36
inflate_table,0x00214460,0x00214A94,1588
FUN_00214aa0,0x00214AA0,0x00214ABC,28
FUN_00214ac0,0x00214AC0,0x00214ADC,28
FUN_00214ae0,0x00214AE0,0x00214B80,160
FUN_00214b80,0x00214B80,0x00214E04,644
FUN_00214e08,0x00214E08,0x00214F44,316
FUN_00214f48,0x00214F48,0x00215084,316
FUN_00215088,0x00215088,0x0021518C,260
FUN_00215190,0x00215190,0x002158B0,1824
FUN_002158b0,0x002158B0,0x00215EC0,1552
FUN_00215ec0,0x00215EC0,0x002161DC,796
FUN_002161e0,0x002161E0,0x00216740,1376
FUN_00216740,0x00216740,0x00216B48,1032
FUN_00216b48,0x00216B48,0x00216D34,492
FUN_00216d38,0x00216D38,0x00216E90,344
FUN_00216e90,0x00216E90,0x00216F50,192
FUN_00216f68,0x00216F68,0x00216F88,32
FUN_00216f88,0x00216F88,0x00216FC8,64
FUN_00216fd0,0x00216FD0,0x00216FE0,16
FUN_00216fe0,0x00216FE0,0x00216FEC,12
FUN_00216ff0,0x00216FF0,0x0021704C,92
FUN_00217058,0x00217058,0x00217084,44
FUN_00217088,0x00217088,0x002170B4,44
FUN_002170b8,0x002170B8,0x00217154,156
FUN_00217158,0x00217158,0x00217234,220
FUN_00217238,0x00217238,0x00217254,28
FUN_00217258,0x00217258,0x00217358,256
FUN_00217378,0x00217378,0x002174D4,348
FUN_002174d8,0x002174D8,0x0021762C,340
FUN_00217630,0x00217630,0x002176E4,180
FUN_002176f0,0x002176F0,0x002177C8,216
FUN_002177c8,0x002177C8,0x002177E4,28
FUN_002177e8,0x002177E8,0x00217810,40
FUN_00217828,0x00217828,0x0021786C,68
FUN_00217880,0x00217880,0x002178C8,72
FUN_002178d8,0x002178D8,0x00217920,72
FUN_00217920,0x00217920,0x00217974,84
FUN_00217978,0x00217978,0x002179E8,112
FUN_002179e8,0x002179E8,0x00217A90,168
FUN_00217a90,0x00217A90,0x00217B38,168
FUN_00217b38,0x00217B38,0x00217BE0,168
FUN_00217be0,0x00217BE0,0x00217C88,168
FUN_00217c88,0x00217C88,0x00217D38,176
FUN_00217d38,0x00217D38,0x00217D58,32
FUN_00217d58,0x00217D58,0x00217D78,32
StreamRead__12CollisionBSPP8RwStream,0x00217D78,0x00217F9C,548
FUN_00217fa0,0x00217FA0,0x00218504,1380
CastRayRecurseNode__12CollisionBSPiPQ212CollisionBSP5StRay,0x00218508,0x00218788,640
CastRay__12CollisionBSPP5RwV3dT1PQ212CollisionBSP14StIntersection,0x00218788,0x00218970,488
FUN_00218978,0x00218978,0x002189B0,56
___12CollisionBSP,0x002189B0,0x00218A20,112
AddWorldSector__19CollisionBSPBuilderP13RpWorldSector,0x00218A28,0x00218C6C,580
CreateBSP__19CollisionBSPBuilder,0x00218C70,0x00219030,960
RecurseFace__19CollisionBSPBuilderPQ219CollisionBSPBuilder9StBSPNodePQ214CcBSP_FaceList4Facei,0x00219030,0x00219258,552
BuildBSPTableLeaf__19CollisionBSPBuilderPQ219CollisionBSPBuilder9StBSPNodePUcPUs,0x00219258,0x002193D0,376
BuildBSPTableNode__19CollisionBSPBuilderPQ219CollisionBSPBuilder9StBSPNodePUcPUs,0x002193D0,0x0021957C,428
BuildVolDivNode__19CollisionBSPBuilderP14CcBSP_FaceListi,0x00219580,0x00219950,976
BuildDirectNode__19CollisionBSPBuilderP14CcBSP_FaceListi,0x00219950,0x00219BA4,596
__19CollisionBSPBuilder,0x00219BA8,0x00219C5C,180
___19CollisionBSPBuilder,0x00219C60,0x00219CF0,144
FUN_00219cf0,0x00219CF0,0x00219D20,48
FUN_00219d20,0x00219D20,0x00219D54,52
BuildBSPTables__19CollisionBSPBuilderPQ219CollisionBSPBuilder9StBSPNode,0x00219D58,0x00219DD8,128
RefVertex__11CVertexListP5RwV3d,0x00219DE0,0x00219F34,340
CalcPlane__Q214CcBSP_FaceList4FaceP10CPlaneList,0x00219F38,0x0021A360,1064
CalculateArea__Q214CcBSP_FaceList4Face,0x0021A360,0x0021A4B8,344
ClasifyPlane__Q214CcBSP_FaceList4FacePCQ210CPlaneList7StPlane,0x0021A4B8,0x0021A694,476
ClipByPlane__Q214CcBSP_FaceList4FacePCQ210CPlaneList7StPlane,0x0021A698,0x0021A984,748
SplitListByPlane__14CcBSP_FaceListPCQ210CPlaneList7StPlaneRP14CcBSP_FaceListT2b,0x0021A988,0x0021AC7C,756
GeomTypes_Start__Fv,0x0021AC80,0x0021ACE8,104
FUN_0021ace8,0x0021ACE8,0x0021AD24,60
FUN_0021ad28,0x0021AD28,0x0021AD5C,52
FUN_0021ad60,0x0021AD60,0x0021AD70,16
FUN_0021ad70,0x0021AD70,0x0021AD94,36
RefPlane__10CPlaneListP5RwV3df,0x0021AD98,0x0021AECC,308
FUN_0021aed0,0x0021AED0,0x0021AED8,8
__11CVertexList,0x0021AED8,0x0021AF18,64
FUN_0021af18,0x0021AF18,0x0021AF3C,36
FUN_0021af40,0x0021AF40,0x0021AF4C,12
FUN_0021af50,0x0021AF50,0x0021AF60,16
Copy__Q214CcBSP_FaceList4Face,0x0021AF60,0x0021B04C,236
InsertVertex__Q214CcBSP_FaceList4FaceRC5RwV3di,0x0021B050,0x0021B0F4,164
GetVertex__Q214CcBSP_FaceList4Facei,0x0021B0F8,0x0021B138,64
FUN_0021b138,0x0021B138,0x0021B160,40
FUN_0021b160,0x0021B160,0x0021B170,16
___14CcBSP_FaceList,0x0021B170,0x0021B1D8,104
FUN_0021b1d8,0x0021B1D8,0x0021B204,44
RemoveFace__14CcBSP_FaceListPQ214CcBSP_FaceList4Face,0x0021B208,0x0021B290,136
Copy__14CcBSP_FaceList,0x0021B290,0x0021B3E0,336
FUN_0021b3e0,0x0021B3E0,0x0021B410,48
SortFromSize__14CcBSP_FaceList,0x0021B410,0x0021B504,244
NewFace__14CcBSP_FaceList,0x0021B508,0x0021B548,64
FUN_0021b548,0x0021B548,0x0021B578,48
FUN_0021b578,0x0021B578,0x0021B5A4,44
FUN_0021b5a8,0x0021B5A8,0x0021B5D8,48
RpGeometryGetData__FP10RpGeometry,0x0021B5D8,0x0021B64C,116
__13cGeometryData,0x0021B650,0x0021B690,64
PluginObjectCopy__13cGeometryDataPvPCvii,0x0021B6A8,0x0021B6E8,64
PluginObjectDestructor__13cGeometryDataPvii,0x0021B6E8,0x0021B730,72
PluginDataChunkReadCallBack__13cGeometryDataP8RwStreamiPvii,0x0021B730,0x0021B8A0,368
PluginDataChunkWriteCallBack__13cGeometryDataP8RwStreamiPCvii,0x0021B8A0,0x0021B990,240
FUN_0021b9b8,0x0021B9B8,0x0021B9C8,16
Release__13cGeometryData,0x0021B9C8,0x0021BA20,88
GeometryDataPluginAttach__Fv,0x0021BA20,0x0021BAA8,136
GeometryDataBuild__FP13cGeometryDataP10RpGeometry,0x0021BAA8,0x0021BFBC,1300
FUN_0021bfc0,0x0021BFC0,0x0021BFD4,20
Alloc__14CHeapAllocatori,0x0021BFD8,0x0021C064,140
AllocTop__14CHeapAllocatori,0x0021C068,0x0021C0FC,148
Return__14CHeapAllocatorPvi,0x0021C100,0x0021C1D4,212
FUN_0021c1d8,0x0021C1D8,0x0021C208,48
FUN_0021c208,0x0021C208,0x0021C238,48
FUN_0021c238,0x0021C238,0x0021C268,48
FUN_0021c268,0x0021C268,0x0021C298,48
jpeg_abort,0x0021C298,0x0021C30C,116
jpeg_destroy,0x0021C310,0x0021C350,64
decompress_onepass,0x0021C350,0x0021C680,816
consume_data,0x0021C680,0x0021C8F4,628
decompress_data,0x0021C8F8,0x0021CB48,592
smoothing_ok,0x0021CB48,0x0021CC98,336
decompress_smooth_data,0x0021CC98,0x0021D4CC,2100
jinit_d_coef_controller,0x0021D4D0,0x0021D67C,428
start_input_pass,0x0021D680,0x0021D6CC,76
start_output_pass,0x0021D6D0,0x0021D73C,108
build_ycc_rgb_table,0x0021D748,0x0021D880,312
jinit_color_deconverter,0x0021D880,0x0021DAF0,624
ycc_rgb_convert,0x0021DAF0,0x0021DC4C,348
null_convert,0x0021DC50,0x0021DCE4,148
FUN_0021dce8,0x0021DCE8,0x0021DD18,48
gray_rgb_convert,0x0021DD18,0x0021DD84,108
ycck_cmyk_convert,0x0021DD88,0x0021DF10,392
start_pass,0x0021DF18,0x0021E2B4,924
jinit_inverse_dct,0x0021E2B8,0x0021E380,200
start_pass_huff_decoder,0x0021E380,0x0021E528,424
jpeg_make_d_derived_tbl,0x0021E528,0x0021E8FC,980
jpeg_huff_decode,0x0021E900,0x0021ECEC,1004
decode_mcu,0x0021ECF0,0x0021FA20,3376
jinit_huff_decoder,0x0021FA20,0x0021FA90,112
jpeg_fill_bit_buffer,0x0021FA90,0x0021FC34,420
make_funny_pointers,0x0021FC38,0x0021FDA4,364
set_wraparound_pointers,0x0021FDA8,0x0021FED4,300
process_data_context_main,0x0021FED8,0x00220180,680
jinit_d_main_controller,0x00220180,0x002203A8,552
start_pass_main,0x002203A8,0x00220450,168
process_data_simple_main,0x00220450,0x00220508,184
FUN_00220508,0x00220508,0x00220540,56
jpeg_idct_float,0x00220540,0x00220A4C,1292
jpeg_idct_ifast,0x00220A50,0x00221018,1480
jpeg_idct_islow,0x00221018,0x00221868,2128
jpeg_idct_4x4,0x00221868,0x00221E04,1436
jpeg_idct_2x2,0x00221E08,0x00222140,824
adler32,0x00222180,0x002224D4,852
crc32_little,0x002224E0,0x00222960,1152
FUN_00222968,0x00222968,0x00222990,40
inflate_fast,0x00222998,0x00222F58,1472
RwBBoxCalculate,0x00222F58,0x00223048,240
FUN_00223048,0x00223048,0x00223080,56
FUN_00223088,0x00223088,0x002230C0,56
FUN_002230d0,0x002230D0,0x0022310C,60
FUN_00223120,0x00223120,0x0022346C,844
FUN_00223470,0x00223470,0x002234A8,56
RwTextureStreamGetSize,0x002234A8,0x00223504,92
FUN_00223508,0x00223508,0x002235FC,244
RwTextureStreamRead,0x00223600,0x0022383C,572
REC_00223860,0x00223860,0x00223888,40
FUN_00223888,0x00223888,0x00223B60,728
FUN_00223b68,0x00223B68,0x00223C18,176
FUN_00223c18,0x00223C18,0x002244FC,2276
CameraBuildPerspViewMatrix,0x00224500,0x002246D8,472
FUN_002246d8,0x002246D8,0x00224C30,1368
FUN_00224c30,0x00224C30,0x00224E04,468
CameraSync,0x00224E08,0x00224E74,108
FUN_00224e78,0x00224E78,0x00224ED0,88
CameraEndUpdate,0x00224ED0,0x00224F28,88
CameraBeginUpdate,0x00224F28,0x00224F88,96
FUN_00224f88,0x00224F88,0x00225000,120
REC_00225008,0x00225008,0x00225094,140
FUN_00225098,0x00225098,0x002250B8,32
FUN_002250b8,0x002250B8,0x002250D8,32
RwCameraSetViewOffset,0x002250D8,0x00225120,72
FUN_00225120,0x00225120,0x00225160,64
FUN_00225160,0x00225160,0x002251A0,64
FUN_002251a0,0x002251A0,0x002252A0,256
FUN_002252a0,0x002252A0,0x002252D4,52
FUN_002252d8,0x002252D8,0x00225308,48
FUN_00225308,0x00225308,0x00225388,128
RwCameraSetViewWindow,0x00225388,0x002253EC,100
RpAtomicRegisterPlugin,0x002253F0,0x00225434,68
FUN_00225440,0x00225440,0x002254A0,96
FUN_002254a0,0x002254A0,0x002255B0,272
CorePluginAttach,0x002255B8,0x002257A4,492
FUN_002257a8,0x002257A8,0x002257CC,36
FUN_002257d0,0x002257D0,0x00225804,52
FUN_00225808,0x00225808,0x002258A4,156
_rwDeviceSystemRequest,0x002258A8,0x002259AC,260
FUN_002259b0,0x002259B0,0x002259B8,8
FUN_002259b8,0x002259B8,0x002259C4,12
FUN_002259c8,0x002259C8,0x00225A04,60
FUN_00225a08,0x00225A08,0x00225A2C,36
FUN_00225a30,0x00225A30,0x00225A6C,60
FUN_00225a70,0x00225A70,0x00225AB4,68
FUN_00225ac0,0x00225AC0,0x00225AF4,52
FUN_00225af8,0x00225AF8,0x00225B34,60
FUN_00225b38,0x00225B38,0x00225B7C,68
FUN_00225b80,0x00225B80,0x00225BBC,60
FUN_00225bc0,0x00225BC0,0x00225BF4,52
FUN_00225c18,0x00225C18,0x00225C9C,132
FUN_00225ca0,0x00225CA0,0x00225D4C,172
FUN_00225d50,0x00225D50,0x00225DAC,92
FUN_00225db0,0x00225DB0,0x00225E7C,204
RwEngineTerm,0x00225E80,0x00225EC4,68
RwEngineInit,0x00225EC8,0x00226000,312
FUN_00226000,0x00226000,0x0022600C,12
FUN_00226010,0x00226010,0x002260A8,152
FUN_002260a8,0x002260A8,0x00226120,120
FUN_00226120,0x00226120,0x0022617C,92
FUN_00226180,0x00226180,0x002262D4,340
_rwFrameCloneAndLinkClones,0x002262D8,0x0022631C,68
FUN_00226320,0x00226320,0x00226368,72
FUN_00226370,0x00226370,0x00226380,16
FUN_00226380,0x00226380,0x00226474,244
FUN_00226478,0x00226478,0x002264D4,92
FUN_002264e0,0x002264E0,0x00226578,152
FUN_00226578,0x00226578,0x002265C4,76
FUN_002265c8,0x002265C8,0x00226620,88
FUN_00226620,0x00226620,0x00226668,72
FUN_00226668,0x00226668,0x002266C4,92
FUN_002266c8,0x002266C8,0x002266E8,32
FUN_002266e8,0x002266E8,0x00226754,108
RwFrameGetLTM,0x00226758,0x00226798,64
FUN_00226798,0x00226798,0x002267A0,8
FUN_002267a0,0x002267A0,0x002267FC,92
FUN_00226800,0x00226800,0x00226898,152
FUN_00226898,0x00226898,0x0022691C,132
RwFrameForAllChildren,0x00226920,0x0022698C,108
FUN_00226990,0x00226990,0x002269C4,52
FUN_002269d0,0x002269D0,0x00226A04,52
FUN_00226a08,0x00226A08,0x00226A3C,52
FUN_00226a40,0x00226A40,0x00226ABC,124
RpAtomicRegisterPlugin,0x00226AC0,0x00226B04,68
FUN_00226b08,0x00226B08,0x00226B2C,36
REC_00226b40,0x00226B40,0x00226D0C,460
FUN_00226d10,0x00226D10,0x00226E6C,348
FUN_00226e70,0x00226E70,0x00226F58,232
FUN_00226f60,0x00226F60,0x00226FDC,124
FUN_00226fe0,0x00226FE0,0x00227084,164
FUN_00227088,0x00227088,0x002270F8,112
FUN_002270f8,0x002270F8,0x00227208,272
RwImageFreePixels,0x00227208,0x00227254,76
FUN_00227260,0x00227260,0x00227370,272
FUN_00227370,0x00227370,0x002275CC,604
FUN_002275d0,0x002275D0,0x002276BC,236
FUN_002276c0,0x002276C0,0x002276DC,28
FUN_002276e0,0x002276E0,0x00227898,440
ImageAttempRead,0x00227898,0x002278F0,88
RwImageRead,0x002278F0,0x00227A14,292
FUN_00227a18,0x00227A18,0x00227AF4,220
FUN_00227af8,0x00227AF8,0x00227B28,48
FUN_00227b28,0x00227B28,0x00227CC8,416
FUN_00227cd0,0x00227CD0,0x00227D84,180
FUN_00227d88,0x00227D88,0x00227E60,216
FUN_00227e60,0x00227E60,0x00228024,452
FUN_00228028,0x00228028,0x002280A4,124
FUN_002280c8,0x002280C8,0x002281FC,308
FUN_00228208,0x00228208,0x0022835C,340
RwImageSetFromRaster,0x00228360,0x002283C4,100
RwRasterSetFromImage,0x002283C8,0x0022842C,100
RwImageFindRasterFormat,0x00228430,0x002284D4,164
FUN_002284f0,0x002284F0,0x0022852C,60
RwRasterRenderFast,0x00228530,0x00228570,64
RwRasterUnlockPalette,0x00228570,0x002285B8,72
FUN_002285b8,0x002285B8,0x0022862C,116
FUN_00228630,0x00228630,0x002286A4,116
RpAtomicRegisterPlugin,0x002286A8,0x002286EC,68
FUN_002286f0,0x002286F0,0x00228728,56
FUN_00228728,0x00228728,0x00228798,112
RwRasterGetNumLevels,0x00228798,0x002287E8,80
RwRasterShowRaster,0x002287E8,0x0022884C,100
FUN_00228850,0x00228850,0x002288EC,156
FUN_002288f0,0x002288F0,0x002289F4,260
RwRasterLock,0x002289F8,0x00228A38,64
FUN_00228a38,0x00228A38,0x00228AB0,120
REC_00228ab8,0x00228AB8,0x00228BA4,236
FUN_00228ba8,0x00228BA8,0x00228F00,856
FUN_00228f00,0x00228F00,0x00229190,656
FUN_00229190,0x00229190,0x0022938C,508
RwImageCreateResample,0x00229390,0x002294A4,276
FrameSyncHierarchyRecurse,0x002294A8,0x0022956C,196
FrameSyncHierarchyRecurseNoLTM,0x00229570,0x002295F8,136
FUN_002295f8,0x002295F8,0x002296F0,248
FUN_002296f0,0x002296F0,0x00229758,104
FrameSyncHierarchyLTMRecurse,0x00229758,0x002297DC,132
FUN_002297e0,0x002297E0,0x0022984C,108
FUN_00229850,0x00229850,0x0022987C,44
FUN_00229880,0x00229880,0x00229908,136
FUN_00229908,0x00229908,0x00229A00,248
FUN_00229a00,0x00229A00,0x00229C08,520
FUN_00229c08,0x00229C08,0x00229F28,800
FUN_00229f28,0x00229F28,0x0022A19C,628
FUN_0022a1a0,0x0022A1A0,0x0022A728,1416
FUN_0022a728,0x0022A728,0x0022A774,76
FUN_0022a778,0x0022A778,0x0022AA50,728
FUN_0022aa50,0x0022AA50,0x0022AAFC,172
FUN_0022ab00,0x0022AB00,0x0022AB88,136
FUN_0022ab88,0x0022AB88,0x0022AC18,144
FUN_0022ac18,0x0022AC18,0x0022AC38,32
FUN_0022ac40,0x0022AC40,0x0022AC60,32
FUN_0022ac68,0x0022AC68,0x0022AC88,32
FUN_0022ac88,0x0022AC88,0x0022ACA4,28
FUN_0022aca8,0x0022ACA8,0x0022ACC8,32
FUN_0022acc8,0x0022ACC8,0x0022ACE4,28
FUN_0022acf8,0x0022ACF8,0x0022ADDC,228
FUN_0022ade0,0x0022ADE0,0x0022AE84,164
RwTexDictionaryForAllTextures,0x0022AE88,0x0022AEF8,112
FUN_0022aef8,0x0022AEF8,0x0022AF6C,116
FUN_0022af70,0x0022AF70,0x0022AFFC,140
FUN_0022b000,0x0022B000,0x0022B038,56
RwTextureSetName,0x0022B038,0x0022B0D4,156
RwTextureSetName,0x0022B0D8,0x0022B174,156
FUN_0022b178,0x0022B178,0x0022B1CC,84
FUN_0022b1d0,0x0022B1D0,0x0022B204,52
FUN_0022b208,0x0022B208,0x0022B27C,116
FUN_0022b280,0x0022B280,0x0022B2A0,32
FUN_0022b2a0,0x0022B2A0,0x0022B2BC,28
FUN_0022b2c0,0x0022B2C0,0x0022B304,68
FUN_0022b308,0x0022B308,0x0022B418,272
RpAtomicRegisterPlugin,0x0022B418,0x0022B45C,68
FUN_0022b478,0x0022B478,0x0022B498,32
FUN_0022b4a0,0x0022B4A0,0x0022B4C0,32
FUN_0022b4c8,0x0022B4C8,0x0022B500,56
FUN_0022b500,0x0022B500,0x0022B63C,316
REC_0022b650,0x0022B650,0x0022B7D8,392
_rwObjectHasFrameSetFrame,0x0022B7D8,0x0022B844,108
FUN_0022b848,0x0022B848,0x0022B878,48
FUN_0022b878,0x0022B878,0x0022B8AC,52
FUN_0022b8b0,0x0022B8B0,0x0022B8E4,52
FUN_0022b8e8,0x0022B8E8,0x0022B90C,36
FUN_0022b910,0x0022B910,0x0022BA94,388
FUN_0022ba98,0x0022BA98,0x0022BBE4,332
FUN_0022bbe8,0x0022BBE8,0x0022BD34,332
FUN_0022bd38,0x0022BD38,0x0022BE68,304
FUN_0022be68,0x0022BE68,0x0022BF80,280
FUN_0022bf80,0x0022BF80,0x0022BFB0,48
FUN_0022bfb0,0x0022BFB0,0x0022C030,128
FUN_0022c030,0x0022C030,0x0022C118,232
FUN_0022c120,0x0022C120,0x0022C2D8,440
FUN_0022c2d8,0x0022C2D8,0x0022C49C,452
FUN_0022c4a0,0x0022C4A0,0x0022C4D8,56
FUN_0022c4d8,0x0022C4D8,0x0022C70C,564
FUN_0022c710,0x0022C710,0x0022C778,104
FUN_0022c778,0x0022C778,0x0022C90C,404
FUN_0022c910,0x0022C910,0x0022CA84,372
FUN_0022ca88,0x0022CA88,0x0022CBBC,308
FUN_0022cbc0,0x0022CBC0,0x0022CC38,120
FUN_0022cc40,0x0022CC40,0x0022CCE8,168
GetIndex,0x0022CCE8,0x0022CD2C,68
FUN_0022cd30,0x0022CD30,0x0022CFFC,716
FUN_0022d000,0x0022D000,0x0022D3F0,1008
FUN_0022d3f0,0x0022D3F0,0x0022D4D8,232
FUN_0022d4d8,0x0022D4D8,0x0022D574,156
FUN_0022d578,0x0022D578,0x0022D5B0,56
FUN_0022d5b0,0x0022D5B0,0x0022D68C,220
FUN_0022d690,0x0022D690,0x0022DC54,1476
FUN_0022dc58,0x0022DC58,0x0022DF08,688
FUN_0022df08,0x0022DF08,0x0022DF10,8
FUN_0022df18,0x0022DF18,0x0022E34C,1076
FUN_0022e350,0x0022E350,0x0022E610,704
FUN_0022e610,0x0022E610,0x0022E820,528
FUN_0022e828,0x0022E828,0x0022E8E8,192
FUN_0022e8e8,0x0022E8E8,0x0022EA70,392
FUN_0022ea70,0x0022EA70,0x0022EB88,280
FUN_0022eb88,0x0022EB88,0x0022F184,1532
FUN_0022f188,0x0022F188,0x0022F724,1436
FUN_0022f728,0x0022F728,0x0022F8B0,392
FUN_0022f8b0,0x0022F8B0,0x0022F9A4,244
FUN_0022f9a8,0x0022F9A8,0x0022FC58,688
FUN_0022fc58,0x0022FC58,0x0022FE8C,564
FUN_0022fe90,0x0022FE90,0x0022FFC4,308
FUN_0022ffc8,0x0022FFC8,0x00230164,412
_rwDMAUnhookPrimitive,0x00230168,0x002301FC,148
FUN_00230200,0x00230200,0x002304F8,760
_rwDMADmaClose,0x002304F8,0x00230540,72
FUN_00230540,0x00230540,0x00230568,40
FUN_00230568,0x00230568,0x002310A4,2876
FUN_002310a8,0x002310A8,0x002314D4,1068
FUN_002314d8,0x002314D8,0x002316F0,536
FUN_002316f0,0x002316F0,0x002317A0,176
FUN_002317a0,0x002317A0,0x002317F4,84
FUN_002317f8,0x002317F8,0x00231808,16
FUN_00231808,0x00231808,0x00231818,16
FUN_00231830,0x00231830,0x002318C0,144
REC_002318c8,0x002318C8,0x00231940,120
skyWriteTexCB,0x00231940,0x00231998,88
FUN_002319b8,0x002319B8,0x0023246C,2740
FUN_00232470,0x00232470,0x002326D0,608
FUN_002326d0,0x002326D0,0x00232B44,1140
FUN_00232b48,0x00232B48,0x00232FC4,1148
SkyRasterShowRaster,0x00232FD0,0x00233064,148
FUN_00233078,0x00233078,0x00233454,988
FUN_00233458,0x00233458,0x00234634,4572
FUN_00234638,0x00234638,0x002346CC,148
FUN_002346d0,0x002346D0,0x00235E94,6084
REC_00235ea0,0x00235EA0,0x002361D8,824
FUN_002361d8,0x002361D8,0x00236324,332
FUN_00236328,0x00236328,0x0023656C,580
FUN_00236570,0x00236570,0x00236880,784
FUN_00236880,0x00236880,0x00236AE4,612
FUN_00236ae8,0x00236AE8,0x00236E0C,804
FUN_00236e10,0x00236E10,0x00237600,2032
FUN_00237600,0x00237600,0x00237810,528
SkyRasterLockPalette,0x00237810,0x002378C4,180
FUN_002378c8,0x002378C8,0x002379CC,260
FUN_00237a30,0x00237A30,0x00237A50,32
FUN_00237a50,0x00237A50,0x00237CB0,608
FUN_00237cb0,0x00237CB0,0x00237FD4,804
FUN_00237fd8,0x00237FD8,0x00238058,128
FUN_00238058,0x00238058,0x00238140,232
FUN_00238140,0x00238140,0x00238380,576
FUN_00238390,0x00238390,0x0023840C,124
FUN_00238410,0x00238410,0x002385C0,432
FUN_002385c0,0x002385C0,0x00238700,320
FUN_00238700,0x00238700,0x00238710,16
FUN_00238710,0x00238710,0x002387AC,156
FUN_002387b0,0x002387B0,0x002387C4,20
FUN_002387c8,0x002387C8,0x002387D0,8
FUN_002387d0,0x002387D0,0x00238898,200
FUN_00238898,0x00238898,0x00238944,172
FUN_00238948,0x00238948,0x00238CB4,876
FUN_00238cb8,0x00238CB8,0x00238CC0,8
FUN_00238cc0,0x00238CC0,0x00238D10,80
FUN_00238d10,0x00238D10,0x00238E00,240
FUN_00238e00,0x00238E00,0x00238E30,48
FUN_00238e30,0x00238E30,0x00238E40,16
FUN_00238e40,0x00238E40,0x00238E68,40
FUN_00238e68,0x00238E68,0x00238E70,8
FUN_00238e70,0x00238E70,0x00238E98,40
FUN_00238e98,0x00238E98,0x002394FC,1636
skyCustomModeIsOk,0x00239500,0x00239854,852
FUN_00239858,0x00239858,0x0023A584,3372
FUN_0023a588,0x0023A588,0x0023A6E4,348
FUN_0023a6e8,0x0023A6E8,0x0023A6F4,12
FUN_0023a6f8,0x0023A6F8,0x0023A730,56
FUN_0023a738,0x0023A738,0x0023A7B4,124
FUN_0023a7b8,0x0023A7B8,0x0023A8E8,304
FUN_0023a8e8,0x0023A8E8,0x0023A908,32
FUN_0023a908,0x0023A908,0x0023A964,92
FUN_0023a968,0x0023A968,0x0023AAC0,344
FUN_0023aac0,0x0023AAC0,0x0023AC28,360
FUN_0023ac28,0x0023AC28,0x0023AD00,216
FUN_0023ad00,0x0023AD00,0x0023AD08,8
FUN_0023ad10,0x0023AD10,0x0023B478,1896
matrixASMMult,0x0023B478,0x0023B4EC,116
vectorASMMultPointSingle,0x0023B4F0,0x0023B54C,92
vectorASMMultPoints,0x0023B550,0x0023B5E0,144
vectorASMMultVectorSingle,0x0023B5E0,0x0023B634,84
vectorASMMultVectors,0x0023B638,0x0023B6C0,136
FUN_0023b6c0,0x0023B6C0,0x0023B738,120
FUN_0023b738,0x0023B738,0x0023B788,80
FUN_0023b788,0x0023B788,0x0023BA78,752
FUN_0023ba78,0x0023BA78,0x0023BBFC,388
FUN_0023bc00,0x0023BC00,0x0023BDA0,416
FUN_0023bda0,0x0023BDA0,0x0023BF2C,396
FUN_0023bf30,0x0023BF30,0x0023C190,608
unScaledSpriteClip,0x0023C190,0x0023C2D0,320
scaledSpriteClip,0x0023C2D0,0x0023C4B4,484
FUN_0023c4b8,0x0023C4B8,0x0023C500,72
FUN_0023c500,0x0023C500,0x0023C8B8,952
FUN_0023c8b8,0x0023C8B8,0x0023E214,6492
FUN_0023e218,0x0023E218,0x0023F894,5756
FUN_0023f898,0x0023F898,0x00240850,4024
_rwSkyRGBToPixel,0x00240888,0x0024097C,244
_rwSkyPixelToRGB,0x00240980,0x00240A68,232
FUN_00240a68,0x00240A68,0x00240AE8,128
FUN_00240ae8,0x00240AE8,0x00240C2C,324
FUN_00240c30,0x00240C30,0x00241678,2632
FUN_00241678,0x00241678,0x002418CC,596
FUN_002418d0,0x002418D0,0x002419B0,224
FUN_002419b0,0x002419B0,0x00241C00,592
FUN_00241c00,0x00241C00,0x00242060,1120
_rwSkyRasterSetImage,0x00242060,0x00242170,272
FUN_00242360,0x00242360,0x002425B0,592
FUN_002425b0,0x002425B0,0x00242628,120
FUN_00242628,0x00242628,0x00242690,104
FUN_00242690,0x00242690,0x002426F8,104
FUN_002426f8,0x002426F8,0x00242760,104
FUN_00242760,0x00242760,0x00242AFC,924
FUN_00242b00,0x00242B00,0x00242C68,360
SkyIm2DRenderLine,0x00242C68,0x00242CBC,84
FUN_00242cc0,0x00242CC0,0x00242E84,452
SkyIm2DRenderTriangle,0x00242E88,0x00242EE4,92
FUN_00242ee8,0x00242EE8,0x0024310C,548
FUN_00243110,0x00243110,0x00243334,548
FUN_00243338,0x00243338,0x0024355C,548
FUN_002437f8,0x002437F8,0x00243AB8,704
FUN_00243ab8,0x00243AB8,0x00243D50,664
SkyIm2DRenderPrimitive,0x00243D50,0x00243DC0,112
FUN_00243dc0,0x00243DC0,0x00244008,584
FUN_00244008,0x00244008,0x00244250,584
FUN_00244520,0x00244520,0x00244808,744
FUN_00244808,0x00244808,0x00244AD0,712
SkyIm2DRenderIndexedPrimitive,0x00244AD0,0x00244B38,104
_rwSkyOverloadPipelines,0x00244B38,0x00244B88,80
FUN_00244b88,0x00244B88,0x00244B90,8
FUN_00244b90,0x00244B90,0x00244F58,968
FUN_00244f58,0x00244F58,0x00245108,432
FUN_00245108,0x00245108,0x002451F8,240
FUN_002451f8,0x002451F8,0x002453F8,512
FUN_002453f8,0x002453F8,0x00245664,620
FUN_00245668,0x00245668,0x00245930,712
FUN_00245930,0x00245930,0x00245938,8
FUN_00245940,0x00245940,0x002461A8,2152
FUN_002461a8,0x002461A8,0x002466E4,1340
FUN_002466e8,0x002466E8,0x002467E8,256
FUN_002467e8,0x002467E8,0x00246918,304
FUN_00246920,0x00246920,0x00246C4C,812
FUN_00246c50,0x00246C50,0x00246D24,212
FUN_00246d28,0x00246D28,0x00247170,1096
FUN_00247170,0x00247170,0x00247374,516
FUN_00247378,0x00247378,0x00247664,748
FUN_00247670,0x00247670,0x00247714,164
FUN_00247718,0x00247718,0x00247990,632
FUN_002479b8,0x002479B8,0x002479DC,36
FUN_002479e0,0x002479E0,0x00247A58,120
FUN_00247a80,0x00247A80,0x00247A8C,12
FUN_00247a90,0x00247A90,0x00247B5C,204
FUN_00247b60,0x00247B60,0x00247BC0,96
FUN_00247bc0,0x00247BC0,0x00247BC8,8
FUN_00247bc8,0x00247BC8,0x00247BF4,44
FUN_00247bf8,0x00247BF8,0x00247CD8,224
FUN_00247cd8,0x00247CD8,0x002480BC,996
FUN_002480c0,0x002480C0,0x0024832C,620
FUN_00248338,0x00248338,0x0024836C,52
FUN_00248370,0x00248370,0x0024841C,172
FUN_00248420,0x00248420,0x00248470,80
FUN_00248470,0x00248470,0x00248614,420
FUN_00248618,0x00248618,0x002487D0,440
FUN_00248920,0x00248920,0x0024897C,92
FUN_00248980,0x00248980,0x00248CBC,828
FUN_00248cc0,0x00248CC0,0x00248CD8,24
FUN_00248cd8,0x00248CD8,0x00248D44,108
FUN_00248d48,0x00248D48,0x00248E08,192
FUN_00248e08,0x00248E08,0x00248E3C,52
FUN_00248e40,0x00248E40,0x00248E68,40
FUN_00248e68,0x00248E68,0x00248E70,8
FUN_00248e70,0x00248E70,0x00248E78,8
FUN_00248e78,0x00248E78,0x00248EDC,100
FUN_00248ee8,0x00248EE8,0x00248FA4,188
FUN_00248fa8,0x00248FA8,0x002493CC,1060
FUN_002493d0,0x002493D0,0x002493D8,8
FUN_00249400,0x00249400,0x002494D0,208
FUN_002494d0,0x002494D0,0x00249560,144
FUN_00249560,0x00249560,0x00249618,184
FUN_00249618,0x00249618,0x0024971C,260
FUN_00249720,0x00249720,0x00249764,68
FUN_00249768,0x00249768,0x002497C8,96
FUN_002497c8,0x002497C8,0x002497F0,40
FUN_002497f0,0x002497F0,0x002498E0,240
FUN_002498e0,0x002498E0,0x00249A58,376
_rxHeapReset,0x00249A68,0x00249B14,172
FUN_00249b18,0x00249B18,0x00249BA8,144
FUN_00249ba8,0x00249BA8,0x00249C8C,228
FUN_00249c90,0x00249C90,0x00249DEC,348
FUN_00249e08,0x00249E08,0x00249E10,8
FUN_00249e10,0x00249E10,0x00249E18,8
FUN_00249e18,0x00249E18,0x00249E20,8
FUN_00249e20,0x00249E20,0x00249E28,8
ChunkIsComplex,0x00249E28,0x00249E6C,68
_rwStreamReadChunkHeader,0x00249E70,0x00249F94,292
_rwStreamWriteVersionedChunkHeader,0x00249F98,0x00249FF0,88
FUN_00249ff0,0x00249FF0,0x0024A134,324
RwStreamWriteReal,0x0024A138,0x0024A1D0,152
FUN_0024a1d0,0x0024A1D0,0x0024A1F8,40
FUN_0024a1f8,0x0024A1F8,0x0024A220,40
RwStreamReadInt32,0x0024A220,0x0024A270,80
RwStreamReadInt32,0x0024A270,0x0024A2C0,80
RwStreamReadInt32,0x0024A2C0,0x0024A310,80
FUN_0024a310,0x0024A310,0x0024A38C,124
FUN_0024a430,0x0024A430,0x0024A49C,108
FUN_0024a4a0,0x0024A4A0,0x0024A4E4,68
FUN_0024a4e8,0x0024A4E8,0x0024A524,60
FUN_0024a528,0x0024A528,0x0024A62C,260
FUN_0024a630,0x0024A630,0x0024A638,8
_rwSListGetNewEntry,0x0024A638,0x0024A73C,260
_rwSListGetNewEntries,0x0024A740,0x0024A85C,284
FUN_0024a860,0x0024A860,0x0024A870,16
FUN_0024a870,0x0024A870,0x0024A88C,28
_rwSListDestroy,0x0024A890,0x0024A8F8,104
FUN_0024a8f8,0x0024A8F8,0x0024A900,8
_rwSListToArray,0x0024A900,0x0024A97C,124
FUN_0024a980,0x0024A980,0x0024A994,20
FUN_0024a998,0x0024A998,0x0024A9A0,8
FUN_0024a9a0,0x0024A9A0,0x0024A9B8,24
MatrixMultiply,0x0024A9B8,0x0024AC14,604
FUN_0024ac18,0x0024AC18,0x0024B144,1324
FUN_0024b148,0x0024B148,0x0024B23C,244
FUN_0024b240,0x0024B240,0x0024B478,568
FUN_0024b480,0x0024B480,0x0024B4AC,44
FUN_0024b4b0,0x0024B4B0,0x0024B4D0,32
_rwMatrixDeterminant,0x0024B4D0,0x0024B54C,124
_rwMatrixOrthogonalError,0x0024B550,0x0024B5E4,148
_rwMatrixNormalError,0x0024B5E8,0x0024B690,168
FUN_0024b690,0x0024B690,0x0024B740,176
FUN_0024b740,0x0024B740,0x0024B7B8,120
REC_0024b7c0,0x0024B7C0,0x0024B880,192
FUN_0024b880,0x0024B880,0x0024B8B4,52
FUN_0024b8b8,0x0024B8B8,0x0024B8EC,52
FUN_0024b8f0,0x0024B8F0,0x0024BA14,292
FUN_0024ba18,0x0024BA18,0x0024BA34,28
RwMatrixMultiply,0x0024BA38,0x0024BAB8,128
FUN_0024bab8,0x0024BAB8,0x0024BAD4,28
FUN_0024bad8,0x0024BAD8,0x0024BC8C,436
FUN_0024bc90,0x0024BC90,0x0024BDB4,292
FUN_0024bdb8,0x0024BDB8,0x0024BE58,160
FUN_0024be58,0x0024BE58,0x0024C094,572
FUN_0024c098,0x0024C098,0x0024C254,444
FUN_0024c258,0x0024C258,0x0024C34C,244
FUN_0024c358,0x0024C358,0x0024C394,60
FUN_0024c398,0x0024C398,0x0024C428,144
FUN_0024c428,0x0024C428,0x0024C430,8
FUN_0024c430,0x0024C430,0x0024C4BC,140
FUN_0024c4c0,0x0024C4C0,0x0024C518,88
FUN_0024c518,0x0024C518,0x0024C6D8,448
FUN_0024c6d8,0x0024C6D8,0x0024C6FC,36
FUN_0024c700,0x0024C700,0x0024C71C,28
FUN_0024c720,0x0024C720,0x0024C7DC,188
FUN_0024c7e0,0x0024C7E0,0x0024C818,56
REC_0024c820,0x0024C820,0x0024C9D0,432
FUN_0024c9d0,0x0024C9D0,0x0024CA00,48
FUN_0024ca00,0x0024CA00,0x0024CB1C,284
FUN_0024cb20,0x0024CB20,0x0024CC08,232
FUN_0024cc08,0x0024CC08,0x0024CD90,392
FUN_0024cd90,0x0024CD90,0x0024CDF8,104
FUN_0024cdf8,0x0024CDF8,0x0024CE14,28
FUN_0024ce18,0x0024CE18,0x0024CE34,28
FUN_0024ce38,0x0024CE38,0x0024CE54,28
FUN_0024ce58,0x0024CE58,0x0024CEF4,156
FUN_0024cef8,0x0024CEF8,0x0024CF14,28
FUN_0024cf18,0x0024CF18,0x0024CF24,12
FUN_0024cf28,0x0024CF28,0x0024D020,248
FUN_0024d020,0x0024D020,0x0024D084,100
FUN_0024d088,0x0024D088,0x0024D11C,148
FUN_0024d120,0x0024D120,0x0024D1C4,164
FUN_0024d1c8,0x0024D1C8,0x0024D254,140
FUN_0024d258,0x0024D258,0x0024D3F8,416
FUN_0024d400,0x0024D400,0x0024D4C4,196
REC_0024d4d0,0x0024D4D0,0x0024D558,136
FUN_0024d558,0x0024D558,0x0024D5B8,96
FUN_0024d5b8,0x0024D5B8,0x0024D604,76
FUN_0024d608,0x0024D608,0x0024D710,264
FUN_0024d710,0x0024D710,0x0024D7D0,192
FUN_0024d7d0,0x0024D7D0,0x0024D808,56
FUN_0024d808,0x0024D808,0x0024D8E0,216
FUN_0024d8e0,0x0024D8E0,0x0024DA6C,396
FUN_0024da70,0x0024DA70,0x0024DC48,472
FUN_0024dc48,0x0024DC48,0x0024DD6C,292
FUN_0024dd70,0x0024DD70,0x0024DE80,272
FUN_0024de80,0x0024DE80,0x0024DF38,184
FUN_0024df38,0x0024DF38,0x0024DF78,64
FUN_0024df78,0x0024DF78,0x0024DFB0,56
FUN_0024dfb0,0x0024DFB0,0x0024DFE8,56
FUN_0024dfe8,0x0024DFE8,0x0024E178,400
FUN_0024e178,0x0024E178,0x0024E1E8,112
_rwPluginRegistryGetSize,0x0024E1E8,0x0024E25C,116
FUN_0024e260,0x0024E260,0x0024E364,260
_rwPluginRegistrySkipDataChunks,0x0024E368,0x0024E40C,164
_rwPluginRegistryOpen,0x0024E410,0x0024E45C,76
FUN_0024e460,0x0024E460,0x0024E4B0,80
FUN_0024e4b0,0x0024E4B0,0x0024E5EC,316
FUN_0024e610,0x0024E610,0x0024E640,48
FUN_0024e640,0x0024E640,0x0024E924,740
_rwPluginRegistryInitObject,0x0024E928,0x0024E9C0,152
_rwPluginRegistryDeInitObject,0x0024E9C0,0x0024EA20,96
_rwPluginRegistryCopyObject,0x0024EA20,0x0024EA90,112
VectorMultPoint,0x0024EB50,0x0024EBE8,152
VectorMultVector,0x0024EC88,0x0024ED08,128
_rwVectorSetMultFn,0x0024ED08,0x0024ED60,88
FUN_0024ed60,0x0024ED60,0x0024EDE8,136
FUN_0024ede8,0x0024EDE8,0x0024EE68,128
FUN_0024ee68,0x0024EE68,0x0024EE94,44
FUN_0024ee98,0x0024EE98,0x0024EEB8,32
FUN_0024eeb8,0x0024EEB8,0x0024EF6C,180
FUN_0024ef70,0x0024EF70,0x0024EFB0,64
FUN_0024efb0,0x0024EFB0,0x0024EFF0,64
FUN_0024eff0,0x0024EFF0,0x0024F030,64
FUN_0024f030,0x0024F030,0x0024F070,64
FUN_0024f090,0x0024F090,0x0024F0E4,84
FUN_0024f0e8,0x0024F0E8,0x0024F16C,132
FUN_0024f170,0x0024F170,0x0024F1C4,84
FUN_0024f1c8,0x0024F1C8,0x0024F1D0,8
FUN_0024f1d0,0x0024F1D0,0x0024F288,184
FUN_0024f288,0x0024F288,0x0024F364,220
REC_0024f378,0x0024F378,0x0024F400,136
FUN_0024f400,0x0024F400,0x0024F460,96
StrICmp,0x0024F478,0x0024F4E8,112
StrUpr,0x0024F4E8,0x0024F52C,68
StrUpr,0x0024F530,0x0024F574,68
_rwStringOpen,0x0024F5E0,0x0024F6E4,260
FUN_0024f6e8,0x0024F6E8,0x0024F6F0,8
FUN_0024f6f0,0x0024F6F0,0x0024F728,56
FUN_0024f728,0x0024F728,0x0024F7AC,132
FUN_0024f7b0,0x0024F7B0,0x0024F8BC,268
FUN_0024f8c0,0x0024F8C0,0x0024FA0C,332
FUN_0024fa10,0x0024FA10,0x0024FB20,272
_rwpathisabsolute,0x0024FB20,0x0024FB68,72
FUN_0024fb78,0x0024FB78,0x0024FC9C,292
_rwSkyInitConfigSystem,0x0024FCF0,0x0024FD54,100
FUN_0024fd68,0x0024FD68,0x0024FE08,160
FUN_0024fe08,0x0024FE08,0x0024FE9C,148
REC_0024feb0,0x0024FEB0,0x0024FF88,216
FUN_0024ff88,0x0024FF88,0x0024FFC8,64
FUN_0024ffe8,0x0024FFE8,0x00250080,152
FUN_00250080,0x00250080,0x00250184,260
FUN_00250188,0x00250188,0x002502EC,356
FUN_002502f0,0x002502F0,0x00250500,528
FUN_00250570,0x00250570,0x00250614,164
FUN_00250618,0x00250618,0x00250794,380
FUN_00250798,0x00250798,0x00250848,176
FUN_00250848,0x00250848,0x002509F4,428
FUN_00250a00,0x00250A00,0x00250A30,48
FUN_00250a30,0x00250A30,0x00250A68,56
FUN_00250a68,0x00250A68,0x00250A70,8
FUN_00250a78,0x00250A78,0x00250A8C,20
FUN_00250a90,0x00250A90,0x00250AA4,20
RpHAnimIDGetIndex,0x00250AA8,0x00250AFC,84
FUN_00250b00,0x00250B00,0x00250F8C,1164
FUN_00250f90,0x00250F90,0x002514E8,1368
FUN_002515f8,0x002515F8,0x00251C30,1592
FUN_00252250,0x00252250,0x0025232C,220
FUN_00252330,0x00252330,0x002523EC,188
RpHAnimKeyFrameAdd,0x00252570,0x002526BC,332
REC_002526c8,0x002526C8,0x00252784,188
FUN_002527e0,0x002527E0,0x002528F8,280
FUN_002528f8,0x002528F8,0x00252948,80
FUN_00252948,0x00252948,0x00252A78,304
FUN_00252a78,0x00252A78,0x00252CCC,596
FUN_00252ce0,0x00252CE0,0x00252D60,128
FUN_00252d60,0x00252D60,0x00252DD4,116
RpPVSSetViewPosition,0x00252EC8,0x00252F34,108
FUN_00252f38,0x00252F38,0x00252F70,56
FUN_00253010,0x00253010,0x00253048,56
PVSSectorDestructor,0x00253080,0x002530E4,100
RpPVSHook,0x002530E8,0x00253158,112
RpPVSUnhook,0x00253158,0x002531AC,84
PVSSectorWriteChunk,0x002531F0,0x0025326C,124
PVSSectorReadChunk,0x00253270,0x00253308,152
FUN_00253328,0x00253328,0x00253388,96
FUN_00253388,0x00253388,0x00253410,136
RpPVSPluginAttach,0x00253410,0x002534DC,204
FUN_00253518,0x00253518,0x00253574,92
FUN_00253578,0x00253578,0x002535D4,92
PVSGetNumSectors,0x002535D8,0x00253634,92
_rpPVSWorldGetNumWorldSectors,0x00253638,0x00253694,92
FUN_00253698,0x00253698,0x00253710,120
_rpWriteWorldRights,0x00253710,0x00253774,100
FUN_002537a0,0x002537A0,0x00253818,120
_rpWriteWorldRights,0x00253818,0x0025387C,100
FUN_002538b8,0x002538B8,0x002538C8,16
FUN_002538c8,0x002538C8,0x00253DF8,1328
FUN_00253df8,0x00253DF8,0x0025418C,916
FUN_002541a0,0x002541A0,0x00254678,1240
FUN_002546c8,0x002546C8,0x002546E4,28
FUN_002546e8,0x002546E8,0x00254704,28
FUN_00254708,0x00254708,0x00254780,120
_rpWriteWorldRights,0x00254780,0x002547E4,100
AtomicSync,0x00254838,0x00254880,72
FUN_00254880,0x00254880,0x002548E8,104
ClumpAtomicCloneAndAttach,0x002548E8,0x00254988,160
FUN_00254988,0x00254988,0x00254A08,128
FUN_00254a18,0x00254A18,0x00254BC4,428
DestroyClumpLight,0x00254C18,0x00254C58,64
DestroyClumpLight,0x00254C58,0x00254C98,64
FUN_00254cb0,0x00254CB0,0x00254CD8,40
FUN_00254ce0,0x00254CE0,0x00254F48,616
_rpAtomicResyncInterpolatedSphere,0x00254F48,0x002550B8,368
FUN_002550b8,0x002550B8,0x00255228,368
FUN_00255228,0x00255228,0x002552EC,196
FUN_002552f0,0x002552F0,0x002552FC,12
REC_00255308,0x00255308,0x002553F0,232
_rpClumpRegisterExtensions,0x002553F0,0x00255460,112
FUN_00255460,0x00255460,0x0025548C,44
RpClumpRender,0x002554A8,0x0025552C,132
RpClumpForAllAtomics,0x00255530,0x002555A8,120
RpClumpForAllLights,0x002555A8,0x00255628,128
RpClumpForAllLights,0x00255628,0x002556A8,128
FUN_002556a8,0x002556A8,0x002557CC,292
RpAtomicSetGeometry,0x002557D0,0x00255894,196
FUN_00255898,0x00255898,0x0025591C,132
FUN_00255920,0x00255920,0x00255A1C,252
FUN_00255a20,0x00255A20,0x00255AD0,176
FUN_00255ad0,0x00255AD0,0x00255AF0,32
FUN_00255af0,0x00255AF0,0x00255BA8,184
FUN_00255ba8,0x00255BA8,0x00255C50,168
FUN_00255c50,0x00255C50,0x00255C7C,44
FUN_00255c80,0x00255C80,0x00255CA4,36
FUN_00255ca8,0x00255CA8,0x00255CDC,52
FUN_00255ce0,0x00255CE0,0x00255D14,52
FUN_00255d18,0x00255D18,0x00255D4C,52
FUN_00255d50,0x00255D50,0x00255D84,52
FUN_00255d98,0x00255D98,0x00255DC0,40
FUN_00255dc0,0x00255DC0,0x0025623C,1148
RpAtomicRegisterPlugin,0x00256240,0x00256284,68
RpAtomicRegisterPlugin,0x00256288,0x002562CC,68
FUN_002562d0,0x002562D0,0x00256308,56
FUN_00256308,0x00256308,0x00256330,40
FUN_00256330,0x00256330,0x00256358,40
FUN_00256358,0x00256358,0x0025637C,36
FUN_00256388,0x00256388,0x002563BC,52
FUN_002563c0,0x002563C0,0x00256454,148
FUN_002564a8,0x002564A8,0x00256614,364
FUN_00256618,0x00256618,0x0025685C,580
FUN_00256860,0x00256860,0x0025687C,28
FUN_00256888,0x00256888,0x0025689C,20
RpGeometryTriangleSetMaterial,0x002568A0,0x00256924,132
FUN_00256928,0x00256928,0x00256960,56
FUN_00256960,0x00256960,0x002569E4,132
RpGeometryLock,0x002569E8,0x00256A38,80
RpGeometryUnlock,0x00256A38,0x00256D08,720
FUN_00256d10,0x00256D10,0x00256FCC,700
FUN_00256fd0,0x00256FD0,0x00256FE4,20
FUN_00256fe8,0x00256FE8,0x00257058,112
RpAtomicRegisterPlugin,0x00257058,0x0025709C,68
FUN_002570a0,0x002570A0,0x002570D8,56
FUN_002570d8,0x002570D8,0x002570FC,36
FUN_00257100,0x00257100,0x00257488,904
FUN_00257488,0x00257488,0x002574A4,28
FUN_002574b0,0x002574B0,0x002574EC,60
RpLightSetColor,0x002574F0,0x00257550,96
FUN_00257550,0x00257550,0x00257914,964
FUN_00257918,0x00257918,0x00257990,120
RpAtomicRegisterPlugin,0x00257990,0x002579D4,68
FUN_002579d8,0x002579D8,0x00257A10,56
FUN_00257a20,0x00257A20,0x00257B90,368
FUN_00257b98,0x00257B98,0x00257BF8,96
FUN_00257bf8,0x00257BF8,0x00257CE0,232
FUN_00257ce0,0x00257CE0,0x00257D6C,140
REC_00257d78,0x00257D78,0x00257E04,140
FUN_00257e08,0x00257E08,0x00257E80,120
_rpWriteWorldRights,0x00257E80,0x00257EE4,100
FUN_00257f10,0x00257F10,0x00257F1C,12
FUN_00257f20,0x00257F20,0x00257FAC,140
FUN_00257fb0,0x00257FB0,0x00258028,120
FUN_00258028,0x00258028,0x002580E4,188
FUN_002580e8,0x002580E8,0x0025816C,132
RpMaterialSetTexture,0x00258170,0x002581C8,88
RpAtomicRegisterPlugin,0x002581C8,0x0025820C,68
FUN_00258210,0x00258210,0x00258248,56
FUN_00258250,0x00258250,0x00258278,40
FUN_00258278,0x00258278,0x0025829C,36
FUN_002582a0,0x002582A0,0x00258490,496
FUN_00258490,0x00258490,0x00258520,144
FUN_00258520,0x00258520,0x00258534,20
FUN_00258538,0x00258538,0x00258564,44
FUN_00258568,0x00258568,0x0025857C,20
FUN_00258580,0x00258580,0x00258648,200
FUN_00258648,0x00258648,0x00258748,256
FUN_00258748,0x00258748,0x00258780,56
FUN_00258788,0x00258788,0x00258A24,668
FUN_00258a28,0x00258A28,0x00258A50,40
FUN_00258a50,0x00258A50,0x00258A88,56
FUN_00258a88,0x00258A88,0x00258AAC,36
FUN_00258ab0,0x00258AB0,0x00258AD8,40
FUN_00258ad8,0x00258AD8,0x00258B1C,68
FUN_00258b20,0x00258B20,0x00258C00,224
FUN_00258c00,0x00258C00,0x00258CF4,244
_rpBuildMeshDestroy,0x00258CF8,0x00258D58,96
FUN_00258d58,0x00258D58,0x00258DA4,76
FUN_00258da8,0x00258DA8,0x00258F84,476
FUN_00258f88,0x00258F88,0x00259018,144
FUN_00259018,0x00259018,0x0025906C,84
FUN_00259070,0x00259070,0x002591F4,388
FUN_002591f8,0x002591F8,0x002593E0,488
FUN_002593e0,0x002593E0,0x00259434,84
SortPolygons,0x00259438,0x00259590,344
FUN_00259590,0x00259590,0x00259838,680
FUN_00259838,0x00259838,0x00259938,256
FUN_00259938,0x00259938,0x00259A24,236
FUN_00259a28,0x00259A28,0x00259BBC,404
FUN_00259bc0,0x00259BC0,0x00259C64,164
TriStripMarkTriUsed,0x00259C68,0x00259E00,408
FUN_00259e00,0x00259E00,0x0025A190,912
FUN_0025a190,0x0025A190,0x0025ACA8,2840
FUN_0025aca8,0x0025ACA8,0x0025B0C8,1056
FUN_0025b0c8,0x0025B0C8,0x0025B6E8,1568
FUN_0025b738,0x0025B738,0x0025B758,32
FUN_0025b778,0x0025B778,0x0025B7A0,40
FUN_0025b7a0,0x0025B7A0,0x0025BA5C,700
_rpMeshOptimise,0x0025BA60,0x0025BAFC,156
FUN_0025bb40,0x0025BB40,0x0025BB68,40
RpAtomicRegisterPlugin,0x0025BB70,0x0025BBB4,68
FUN_0025bbb8,0x0025BBB8,0x0025BBF0,56
FUN_0025bbf0,0x0025BBF0,0x0025BC18,40
FUN_0025bc18,0x0025BC18,0x0025BC40,40
FUN_0025bc68,0x0025BC68,0x0025BD18,176
FUN_0025bd18,0x0025BD18,0x0025BD50,56
WorldBuildMeshAtomicSector,0x0025BD50,0x0025C008,696
FUN_0025c008,0x0025C008,0x0025C114,268
FUN_0025c118,0x0025C118,0x0025C320,520
FUN_0025c320,0x0025C320,0x0025C3A0,128
FUN_0025c3a0,0x0025C3A0,0x0025C440,160
FUN_0025c440,0x0025C440,0x0025C4B4,116
_rpWorldForAllGlobalLights,0x0025C4B8,0x0025C538,128
_rpWorldSectorForAllLocalLights,0x0025C538,0x0025C5B8,128
FUN_0025c5c0,0x0025C5C0,0x0025C70C,332
FUN_0025c710,0x0025C710,0x0025C7CC,188
FUN_0025c7d0,0x0025C7D0,0x0025C85C,140
FUN_0025c860,0x0025C860,0x0025C904,164
RpWorldUnlock,0x0025C908,0x0025C9E4,220
FUN_0025c9e8,0x0025C9E8,0x0025CAB8,208
FUN_0025cab8,0x0025CAB8,0x0025CAF4,60
FUN_0025caf8,0x0025CAF8,0x0025CBA8,176
FUN_0025cba8,0x0025CBA8,0x0025CBC4,28
FUN_0025cbc8,0x0025CBC8,0x0025CBD0,8
FUN_0025cbd0,0x0025CBD0,0x0025CE78,680
RpWorldForAllClumps,0x0025CE80,0x0025CF08,136
FUN_0025cf08,0x0025CF08,0x0025CF8C,132
RpWorldForAllWorldSectors,0x0025CF90,0x0025D02C,156
RpAtomicRegisterPlugin,0x0025D030,0x0025D074,68
FUN_0025d078,0x0025D078,0x0025D0B0,56
FUN_0025d0b8,0x0025D0B8,0x0025D208,336
REC_0025d218,0x0025D218,0x0025D30C,244
FUN_0025d310,0x0025D310,0x0025D3B8,168
FUN_0025d3b8,0x0025D3B8,0x0025D400,72
FUN_0025d400,0x0025D400,0x0025D4C8,200
FUN_0025d4c8,0x0025D4C8,0x0025D50C,68
FUN_0025d510,0x0025D510,0x0025D540,48
WorldCameraSync,0x0025D540,0x0025D5C4,132
FUN_0025d628,0x0025D628,0x0025D678,80
FUN_0025d678,0x0025D678,0x0025D6CC,84
FUN_0025d6d0,0x0025D6D0,0x0025D73C,108
FUN_0025d740,0x0025D740,0x0025D7C4,132
FUN_0025d7c8,0x0025D7C8,0x0025D81C,84
FUN_0025d820,0x0025D820,0x0025DA30,528
FUN_0025da30,0x0025DA30,0x0025DA98,104
FUN_0025dad8,0x0025DAD8,0x0025DB18,64
WorldCopyClumpExt,0x0025DB48,0x0025DB88,64
FUN_0025db90,0x0025DB90,0x0025DBE4,84
FUN_0025dbe8,0x0025DBE8,0x0025DE60,632
WorldCopyClumpExt,0x0025DE88,0x0025DEC8,64
FUN_0025dec8,0x0025DEC8,0x0025DEF0,40
FUN_0025def0,0x0025DEF0,0x0025E158,616
FUN_0025e158,0x0025E158,0x0025E188,48
WorldRemoveClumpAtomic,0x0025E188,0x0025E1D0,72
FUN_0025e1d0,0x0025E1D0,0x0025E200,48
WorldRemoveClumpAtomic,0x0025E200,0x0025E248,72
FUN_0025e248,0x0025E248,0x0025E278,48
WorldRemoveClumpAtomic,0x0025E278,0x0025E2C0,72
FUN_0025e2c0,0x0025E2C0,0x0025E2EC,44
readGeometryMesh,0x0025E2F0,0x0025E338,72
FUN_0025e338,0x0025E338,0x0025E358,32
FUN_0025e358,0x0025E358,0x0025E374,28
FUN_0025e378,0x0025E378,0x0025E3A8,48
FUN_0025e3a8,0x0025E3A8,0x0025E3C4,28
FUN_0025e3c8,0x0025E3C8,0x0025E3E4,28
FUN_0025e3e8,0x0025E3E8,0x0025E418,48
FUN_0025e418,0x0025E418,0x0025E434,28
writeSectorMesh,0x0025E438,0x0025E480,72
readSectorMesh,0x0025E480,0x0025E4D4,84
FUN_0025e4d8,0x0025E4D8,0x0025E508,48
_rpWorldObjRegisterExtensions,0x0025E508,0x0025E808,768
RpWorldAddCamera,0x0025E808,0x0025E850,72
FUN_0025e850,0x0025E850,0x0025E878,40
RpWorldAddCamera,0x0025E878,0x0025E8C0,72
FUN_0025e8c0,0x0025E8C0,0x0025E91C,92
FUN_0025e920,0x0025E920,0x0025E930,16
FUN_0025e940,0x0025E940,0x0025EA2C,236
FUN_0025ea30,0x0025EA30,0x0025EB20,240
FUN_0025eb20,0x0025EB20,0x0025EBA0,128
FUN_0025eba0,0x0025EBA0,0x0025EBB0,16
RpWorldAddLight,0x0025EBC0,0x0025EC5C,156
FUN_0025ec60,0x0025EC60,0x0025ECBC,92
FUN_0025ecc0,0x0025ECC0,0x0025ECD0,16
FUN_0025ecd0,0x0025ECD0,0x0025EDD0,256
FUN_0025edd0,0x0025EDD0,0x0025EE40,112
FUN_0025ee40,0x0025EE40,0x0025EF64,292
FUN_0025ef68,0x0025EF68,0x0025F028,192
FUN_0025f028,0x0025F028,0x0025F040,24
FUN_0025f040,0x0025F040,0x0025F058,24
FUN_0025f060,0x0025F060,0x0025F068,8
FUN_0025f068,0x0025F068,0x0025F194,300
FUN_0025f198,0x0025F198,0x0025F1EC,84
FUN_0025f1f0,0x0025F1F0,0x0025F220,48
FUN_0025f220,0x0025F220,0x0025F250,48
FUN_0025f250,0x0025F250,0x0025F280,48
FUN_0025f280,0x0025F280,0x0025F2B4,52
FUN_0025f2b8,0x0025F2B8,0x0025F34C,148
FUN_0025f350,0x0025F350,0x0025F358,8
PS2Im3DFastTransformNodeBody,0x0025F358,0x0025F3AC,84
FUN_0025f3b0,0x0025F3B0,0x0025F3BC,12
FUN_0025f3c0,0x0025F3C0,0x0025F47C,188
FUN_0025f480,0x0025F480,0x0025F584,260
FUN_0025f588,0x0025F588,0x0025F634,172
FUN_0025f648,0x0025F648,0x0025F6D8,144
FUN_0025f6d8,0x0025F6D8,0x0025F768,144
FUN_0025f770,0x0025F770,0x0025F900,400
FUN_0025f900,0x0025F900,0x0025FB70,624
FUN_0025fb70,0x0025FB70,0x0025FBDC,108
FUN_0025fbe8,0x0025FBE8,0x0025FD78,400
FUN_0025fd78,0x0025FD78,0x0025FFF0,632
FUN_0025fff0,0x0025FFF0,0x00260084,148
FUN_00260088,0x00260088,0x00260104,124
FUN_00260108,0x00260108,0x0026013C,52
FUN_00260148,0x00260148,0x00260208,192
FUN_00260208,0x00260208,0x00260210,8
FUN_00260210,0x00260210,0x00260248,56
FUN_00260248,0x00260248,0x00260370,296
FUN_00260370,0x00260370,0x0026038C,28
FUN_00260390,0x00260390,0x002603DC,76
FUN_002603e0,0x002603E0,0x002604D8,248
FUN_002604d8,0x002604D8,0x0026059C,196
FUN_002605a0,0x002605A0,0x002605B8,24
FUN_002605b8,0x002605B8,0x00260800,584
FUN_00260800,0x00260800,0x002608D4,212
FUN_002608d8,0x002608D8,0x00260980,168
RpMeshPS2AllMeshInstanceTestCallBack,0x00260980,0x00260A10,144
FUN_00260a10,0x00260A10,0x00260AF0,224
RpMeshPS2AllInstanceCallBack,0x00260AF0,0x00260B34,68
FUN_00260b38,0x00260B38,0x0026131C,2020
FUN_00261320,0x00261320,0x002622FC,4060
FUN_00262300,0x00262300,0x00262828,1320
_rpWorldSectorPS2AllDoApplyLight,0x00262828,0x0026286C,68
FUN_00262870,0x00262870,0x002628EC,124
FUN_002629a8,0x002629A8,0x00262A80,216
FUN_00262aa0,0x00262AA0,0x00262B04,100
REC_00262b10,0x00262B10,0x00262C48,312
FUN_00262c48,0x00262C48,0x00263624,2524
FUN_00263638,0x00263638,0x00263674,60
_pluginGeometryCopy,0x00263678,0x002636FC,132
_pluginAtomicCopy,0x00263700,0x00263798,152
_pluginGeometryCopy,0x00263798,0x0026381C,132
FUN_00263820,0x00263820,0x002638F0,208
_initSectorMeshCache,0x002638F0,0x00263958,104
FUN_00263958,0x00263958,0x00263A40,232
FUN_00263a40,0x00263A40,0x00263A5C,28
FUN_00263a60,0x00263A60,0x00263AE4,132
FUN_00263ae8,0x00263AE8,0x00263B04,28
FUN_00263b08,0x00263B08,0x00263B8C,132
FUN_00263b90,0x00263B90,0x00263BAC,28
FUN_00263bb0,0x00263BB0,0x00263C34,132
FUN_00263c50,0x00263C50,0x00263C80,48
FUN_00263c80,0x00263C80,0x00264388,1800
FUN_00264388,0x00264388,0x002649C8,1600
FUN_002649c8,0x002649C8,0x002651A0,2008
FUN_002651a0,0x002651A0,0x00265254,180
FUN_00265258,0x00265258,0x002652D8,128
PDSEngineOpen,0x002652D8,0x00265328,80
PDSEngineClose,0x00265328,0x0026536C,68
FUN_00265370,0x00265370,0x002653A0,48
FUN_002653a0,0x002653A0,0x002653D0,48
FUN_002653d0,0x002653D0,0x00265400,48
RpPDSPluginAttach,0x00265400,0x002654E0,224
RpPDSRegisterPipe,0x002654E0,0x0026552C,76
FUN_00265530,0x00265530,0x00265564,52
FUN_00265568,0x00265568,0x00265920,952
FUN_00265920,0x00265920,0x00265944,36
FUN_00265948,0x00265948,0x00265B7C,564
FUN_00265b80,0x00265B80,0x002660A4,1316
FUN_002660a8,0x002660A8,0x00266498,1008
FUN_00266498,0x00266498,0x002664BC,36
FUN_002664c0,0x002664C0,0x002666F4,564
FUN_002666f8,0x002666F8,0x00266C1C,1316
FUN_00266c20,0x00266C20,0x00266CA4,132
RpPDS_G3_Skin_PS2AllInstanceCallBack,0x00266CA8,0x00266D24,124
FUN_00266d28,0x00266D28,0x0026743C,1812
_rpMatFXSyncEffectMatrix,0x00267440,0x00267570,304
FUN_00267570,0x00267570,0x002675F0,128
FUN_002675f0,0x002675F0,0x002679B0,960
FUN_002679b0,0x002679B0,0x002679F4,68
FUN_002679f8,0x002679F8,0x00267AA8,176
FUN_00267aa8,0x00267AA8,0x00267B10,104
PDSRegistrySetup,0x00267B10,0x00267B74,100
PDSRegistryEmpty,0x00267B78,0x00267C0C,148
FUN_00267c10,0x00267C10,0x00267D54,324
FUN_00267d58,0x00267D58,0x00267DF8,160
FUN_00267df8,0x00267DF8,0x00267E30,56
RpPDSSkyMatPipeCreate,0x00267E30,0x00268060,560
RpPDSSkyObjPipeCreate,0x00268060,0x00268124,196
FUN_00268128,0x00268128,0x00268D9C,3188
FUN_00268da0,0x00268DA0,0x0026986C,2764
FUN_00269870,0x00269870,0x0026A3EC,2940
FUN_0026a3f0,0x0026A3F0,0x0026ADF0,2560
FUN_0026adf0,0x0026ADF0,0x0026B904,2836
FUN_0026b908,0x0026B908,0x0026C1E8,2272
FUN_0026c1e8,0x0026C1E8,0x0026C2F0,264
FUN_0026c2f0,0x0026C2F0,0x0026C3E4,244
atanf,0x0026C3E8,0x0026C690,680
ceilf,0x0026C690,0x0026C764,212
cosf,0x0026C768,0x0026C850,232
FUN_0026c850,0x0026C850,0x0026C86C,28
FUN_0026c870,0x0026C870,0x0026C954,228
sinf,0x0026C958,0x0026CA48,240
tanf,0x0026CA48,0x0026CAD0,136
FUN_0026cad0,0x0026CAD0,0x0026CC18,328
FUN_0026cc18,0x0026CC18,0x0026D048,1072
acosf,0x0026D048,0x0026D144,252
acosf,0x0026D148,0x0026D244,252
atan2f,0x0026D248,0x0026D370,296
powf,0x0026D378,0x0026D880,1288
sqrtf,0x0026D880,0x0026D994,276
FUN_0026d9a8,0x0026D9A8,0x0026DE94,1260
FUN_0026de98,0x0026DE98,0x0026EBC0,3368
FUN_0026ebc0,0x0026EBC0,0x0026F0DC,1308
FUN_0026f0e0,0x0026F0E0,0x0026F3E4,772
__ieee754_acosf,0x0026F3E8,0x0026F818,1072
__ieee754_asinf,0x0026F818,0x0026FBB4,924
__ieee754_atan2f,0x0026FBB8,0x0026FEA0,744
__ieee754_powf,0x0026FEA0,0x0027072C,2188
__ieee754_rem_pio2f,0x00270730,0x00270B10,992
__ieee754_sqrtf,0x00270B10,0x00270C48,312
FUN_00270c48,0x00270C48,0x00270E94,588
FUN_00270e98,0x00270E98,0x00271A00,2920
FUN_00271a00,0x00271A00,0x00271BD4,468
__kernel_cosf,0x00271BD8,0x00271D30,344
__kernel_rem_pio2f,0x00271D30,0x0027267C,2380
__kernel_sinf,0x00272680,0x00272784,260
__kernel_tanf,0x00272788,0x00272A1C,660
FUN_00272a28,0x00272A28,0x00272A5C,52
FUN_00272a60,0x00272A60,0x00272A80,32
FUN_00272a80,0x00272A80,0x00272C58,472
FUN_00272c58,0x00272C58,0x00272C90,56
FUN_00272c90,0x00272C90,0x00272CB4,36
rint,0x00272CB8,0x00272EB4,508
FUN_00272eb8,0x00272EB8,0x0027306C,436
FUN_00273070,0x00273070,0x00273094,36
FUN_00273098,0x00273098,0x002730BC,36
scalbnf,0x002730C0,0x00273220,352
FUN_00273220,0x00273220,0x00273264,68
FUN_00273268,0x00273268,0x00273298,48
RtFSManagerFOpen,0x002732A0,0x00273428,392
RtFSManagerGetFileSystemFromFileName,0x00273428,0x00273564,316
RwFopen,0x00273568,0x00273658,240
RwFclose,0x00273658,0x002736B0,88
RwFread,0x002736B0,0x002736FC,76
RwFread,0x00273700,0x0027374C,76
RwFseek,0x00273750,0x00273824,212
FUN_00273828,0x00273828,0x0027384C,36
RwFexist,0x00273850,0x00273894,68
FUN_00273898,0x00273898,0x002738AC,20
RtFSManagerOpen,0x002738B8,0x00273920,104
RtFSManagerRegister,0x00273928,0x002739DC,180
RtFSManagerGetFileSystemFromName,0x002739E0,0x00273A74,148
FUN_00273a78,0x00273A78,0x00273A80,8
RtFSManagerSyncAllFiles,0x00273A80,0x00273B24,164
_rtFSManagerIsNewFSRegistrable,0x00273B28,0x00273B7C,84
FUN_00273b80,0x00273B80,0x00273C38,184
_rtGetFileSystemFromDeviceName,0x00273C38,0x00273CA8,112
_rtFSManagerFOpenOnFS,0x00273CA8,0x00273E48,416
FUN_00273e48,0x00273E48,0x00273E54,12
TkSkyIOPFSystemFOpen,0x00273E58,0x00274054,508
TkSkyIOPFSystemFRead,0x00274058,0x002744E0,1160
TkSkyIOPFSystemSetPosition,0x002744E0,0x002746BC,476
RtSkyIOPFSystemInit,0x002746C0,0x00274B5C,1180
TkSkyIOPFSystemFClose,0x00274B88,0x00274C00,120
TkSkyIOPFSystemFSync,0x00274C10,0x00274C8C,124
TkSkyIOPFSystemAbort,0x00274C90,0x00274D34,164
FUN_00274d38,0x00274D38,0x00274D54,28
TkSkyIOPFSClose,0x00274D70,0x00274E38,200
FUN_00274e38,0x00274E38,0x00274E44,12
TkSkyIOPFSystemCmdReadCompleteHandler,0x00274E48,0x00274F1C,212
TkSkyIOPFSystemCmdErrorHandler,0x00274F20,0x00274F74,84
_rtFSInit,0x00274F78,0x00275150,472
_rtGetFileNameFromDeviceName,0x00275150,0x002751C0,112
_rtFSBuildFileName,0x002751C0,0x00275394,468
_rtFSFileExists,0x00275398,0x002753E4,76
_rtFileSystemTriggerCallBack,0x00275418,0x00275478,96
RtFileSystemSetDeviceName,0x00275478,0x00275514,156
rtFSTriggerFileOutstandingOpCallback,0x00275520,0x002755A8,136
RtAnimAnimationStreamRead,0x002755A8,0x00275938,912
RtAnimInterpolatorSetCurrentAnim,0x00275938,0x00275B08,464
RtAnimInterpolatorSubAnimTime,0x00275B08,0x00275CF8,496
RtAnimInterpolatorAddAnimTime,0x00275CF8,0x00276078,896
FUN_00276088,0x00276088,0x002760BC,52
RtAnimRegisterInterpolationScheme,0x002760C0,0x002762F8,568
RtAnimGetInterpolatorInfo,0x002762F8,0x00276404,268
RtAnimAnimationCreate,0x00276408,0x002765C8,448
FUN_002765c8,0x002765C8,0x002765F0,40
RtAnimAnimationStreamWrite,0x00276600,0x002766D8,216
FUN_002766d8,0x002766D8,0x00276700,40
RtAnimAnimationGetNumNodes,0x00276700,0x00276744,68
RtAnimInterpolatorCreate,0x00276748,0x002767EC,164
FUN_002767f0,0x002767F0,0x00276814,36
FUN_00276818,0x00276818,0x00276824,12
FUN_00276828,0x00276828,0x00276860,56
RtAnimInterpolatorSetCurrentTime,0x00276860,0x002768A8,72
RtAnimInterpolatorBlend,0x002768A8,0x00276958,176
RtAnimInterpolatorCreateSubInterpolator,0x00276958,0x00276A28,208
AnimOpen,0x00276A30,0x00276A84,84
FUN_00276a88,0x00276A88,0x00276AC4,60
RpCollisionPluginAttach,0x00276AC8,0x00276BF0,296
CollisionDataDestructor,0x00276C70,0x00276CB8,72
FUN_00276cc8,0x00276CC8,0x00276CF8,48
CollisionDataStreamWrite,0x00276CF8,0x00276D70,120
CollisionDataStreamRead,0x00276D70,0x00276EF8,392
WorldForAllSectorsIntsecLine,0x00276F38,0x00277284,844
WorldForAllSectorsIntsecSphere,0x00277288,0x00277534,684
WorldForAllAtomicsIntsecLine,0x00277538,0x00277A7C,1348
WorldForAllAtomicsIntsecBBox,0x00277A80,0x00277D40,704
WorldForAllAtomicsIntsecSphere,0x00277D40,0x00278120,992
WorldForAllTriIntsecLine,0x00278120,0x00278B94,2676
WorldForAllTriIntsecBBox,0x00278B98,0x0027934C,1972
WorldForAllTriIntsecSphere,0x00279350,0x00279D2C,2524
SimpleGeomForAllTriIntsecLine,0x00279D30,0x0027A1BC,1164
SimpleGeomForAllTriIntsecBBox,0x0027A1C0,0x0027A3F4,564
GeometryForAllTriIntsecLine,0x0027A3F8,0x0027AF54,2908
GeometryForAllTriIntsecBBox,0x0027AF58,0x0027B5B8,1632
GeometryForAllTriIntsecSphere,0x0027B5B8,0x0027BF58,2464
MorphGeomForAllTriIntsecLine,0x0027BF58,0x0027C5A8,1616
MorphGeomForAllTriIntsecSphere,0x0027C5A8,0x0027C8C4,796
RpWorldForAllWorldSectorIntersections,0x0027C8C8,0x0027CC20,856
RpAtomicForAllIntersections,0x0027CC20,0x0027CEA4,644
RpWorldForAllAtomicIntersections,0x0027CEA8,0x0027CFE8,320
RpCollisionWorldForAllIntersections,0x0027CFE8,0x0027D108,288
FUN_0027d108,0x0027D108,0x0027D22C,292
_rpCollTreeStreamWrite,0x0027D230,0x0027D3CC,412
_rpCollTreeStreamRead,0x0027D3D0,0x0027D67C,684
_rpCollTreeStreamReadPre36001,0x0027D680,0x0027DA74,1012
FUN_0027da78,0x0027DA78,0x0027DA9C,36
FUN_0027daa0,0x0027DAA0,0x0027DACC,44
FUN_0027dae8,0x0027DAE8,0x0027DEBC,980
REC_0027ded0,0x0027DED0,0x0027DF70,160
REC_0027dfb8,0x0027DFB8,0x0027E314,860
FUN_0027e318,0x0027E318,0x0027E52C,532
FUN_0027e548,0x0027E548,0x0027E5B8,112
FUN_0027e5b8,0x0027E5B8,0x0027E6B0,248
FUN_0027e6b0,0x0027E6B0,0x0027E748,152
FUN_0027e748,0x0027E748,0x0027E7E4,156
FUN_0027e7f0,0x0027E7F0,0x0027E814,36
FUN_0027e840,0x0027E840,0x0027E898,88
FUN_0027e8a0,0x0027E8A0,0x0027E9CC,300
FUN_0027e9d0,0x0027E9D0,0x0027EFB4,1508
FUN_0027efb8,0x0027EFB8,0x0027F250,664
FUN_0027f250,0x0027F250,0x0027F400,432
FUN_0027f400,0x0027F400,0x0027F46C,108
FUN_0027f470,0x0027F470,0x0027F494,36
FUN_0027f498,0x0027F498,0x0027F4D0,56
FUN_0027f4d0,0x0027F4D0,0x0027F578,168
FUN_0027f588,0x0027F588,0x0027F5A4,28
FUN_0027f5d8,0x0027F5D8,0x0027F648,112
FUN_0027f648,0x0027F648,0x0027F764,284
FUN_0027f768,0x0027F768,0x0027F7A4,60
FUN_0027f7a8,0x0027F7A8,0x0027F7C8,32
FUN_0027f7c8,0x0027F7C8,0x0027F81C,84
FUN_0027f820,0x0027F820,0x0027F860,64
FUN_0027f860,0x0027F860,0x0027F89C,60
FUN_0027f8a0,0x0027F8A0,0x0027F8A8,8
FUN_0027f8a8,0x0027F8A8,0x0027F8B0,8
FUN_0027f8b0,0x0027F8B0,0x0027F90C,92
MatFXMaterialDataClean,0x0027F920,0x0027FA08,232
MatFXMaterialCopy,0x0027FA08,0x0027FCA0,664
MatFXMaterialStreamWrite,0x0027FCA0,0x0027FF38,664
MatFXMaterialStreamRead,0x0027FF38,0x00280404,1228
MatFXMaterialStreamGetSize,0x00280408,0x00280518,272
_rpMatFXTextureMaskCreate,0x00280518,0x00280984,1132
RpMatFXPluginAttach,0x00280988,0x00280AB8,304
RpMatFXMaterialSetEffects,0x00280AB8,0x00280C1C,356
RpMatFXMaterialSetBumpMapTexture,0x00280C20,0x00280E78,600
RpMatFXAtomicEnableEffects,0x00280E80,0x00280EDC,92
RpMatFXAtomicEnableEffects,0x00280EE0,0x00280F3C,92
FUN_00280f48,0x00280F48,0x00280F68,32
RpMatFXMaterialSetBumpMapFrame,0x00280F68,0x00280FB4,76
RpMatFXMaterialSetBumpMapCoefficient,0x00280FB8,0x0028100C,84
RpMatFXMaterialGetEnvMapTexture,0x00281010,0x00281058,72
RpMatFXMaterialGetBumpMapCoefficient,0x00281058,0x002810A4,76
RpMatFXMaterialSetEnvMapTexture,0x002810A8,0x0028114C,164
RpMatFXMaterialSetBumpMapFrame,0x00281150,0x0028119C,76
RpMatFXMaterialSetEnvMapFrameBufferAlpha,0x002811A0,0x00281210,112
RpMatFXMaterialSetEnvMapCoefficient,0x00281210,0x0028125C,76
RpMatFXMaterialGetEnvMapTexture,0x00281260,0x002812A8,72
RpMatFXMaterialGetEnvMapTexture,0x002812A8,0x002812F0,72
RpMatFXMaterialGetEnvMapTexture,0x002812F0,0x00281338,72
RpMatFXMaterialGetEnvMapCoefficient,0x00281338,0x00281380,72
RpMatFXMaterialSetDualTexture,0x00281380,0x0028143C,188
RpMatFXMaterialSetDualBlendModes,0x00281440,0x002814DC,156
RpMatFXMaterialGetEnvMapTexture,0x002814E0,0x00281528,72
RpMatFXMaterialGetDualBlendModes,0x00281528,0x0028158C,100
RpMatFXMaterialSetUVTransformMatrices,0x00281590,0x002815E4,84
FUN_002815e8,0x002815E8,0x00281654,108
MatFXClose,0x00281658,0x002816BC,100
MatFXOpen,0x002816C0,0x0028175C,156
MatFXMaterialDestructor,0x00281778,0x002817E4,108
FUN_00281840,0x00281840,0x00281870,48
MatFXAtomicStreamRead,0x00281870,0x002818CC,92
FUN_00281940,0x00281940,0x00281970,48
MatFXAtomicStreamRead,0x00281970,0x002819CC,92
_rpMatFXMaterialSkyDualSetBlend,0x002819E8,0x00281AF4,268
_rpMatFXMaterialSkyInitialize,0x00281AF8,0x00281B90,152
_rpMatFXMaterialSkyEnvMapSetBlend,0x00281B90,0x00281BE8,88
FUN_00281be8,0x00281BE8,0x00281BF0,8
FUN_00281bf8,0x00281BF8,0x00281C00,8
FUN_00281c00,0x00281C00,0x00281C08,8
_rpMatFXPipelineAtomicSetup,0x00281C08,0x00281C5C,84
_rpMatFXPipelineWorldSectorSetup,0x00281C60,0x00281CB4,84
FUN_00281cb8,0x00281CB8,0x00281CD4,28
FUN_00281cd8,0x00281CD8,0x002820E4,1036
RpRandom,0x002820F0,0x0028217C,140
FUN_00282180,0x00282180,0x002821BC,60
RpRandomSeed,0x002821C0,0x00282344,388
RandomClose,0x00282348,0x002823A8,96
RandomOpen,0x002823A8,0x0028242C,132
SkinCreate,0x00282430,0x00282A28,1528
SkinGeometryWrite,0x00282A28,0x00282B58,304
SkinGeometryRead,0x00282B58,0x00282CA0,328
SkinAtomicRead,0x00282CA0,0x0028307C,988
RpSkinPluginAttach,0x00283080,0x00283178,248
FUN_00283180,0x00283180,0x00283198,24
FUN_00283198,0x00283198,0x002831AC,20
RpSkinGeometrySetSkin,0x002831B0,0x00283238,136
FUN_00283238,0x00283238,0x0028324C,20
RpSkinDestroy,0x00283258,0x002832C0,104
FUN_002832c0,0x002832C0,0x002832C8,8
FUN_002832c8,0x002832C8,0x002832D0,8
FUN_002832d0,0x002832D0,0x002832D8,8
FUN_002832d8,0x002832D8,0x002832E0,8
SkinOpen,0x002832F0,0x002833DC,236
SkinClose,0x002833E0,0x0028344C,108
SkinGeometryDestructor,0x00283468,0x002834D4,108
SkinAtomicAlways,0x00283538,0x00283608,208
SkinAtomicRights,0x00283608,0x002836A8,160
SkinGeometrySize,0x002836A8,0x00283738,144
_rpSkinInitialize,0x00283748,0x002839D8,656
_rpSkinGeometryNativeWrite,0x002839D8,0x00283B30,344
_rpSkinGeometryNativeRead,0x00283B30,0x00283D08,472
FUN_00283d08,0x00283D08,0x00283D10,8
_rpSkinGeometryNativeSize,0x00283D10,0x00283D60,80
FUN_00283d60,0x00283D60,0x00283D68,8
FUN_00283d68,0x00283D68,0x00283D70,8
_rpSkinPipelinesAttach,0x00283D70,0x00283E3C,204
_rpSkinSplitDataStreamRead,0x00283E40,0x00283FC4,388
_rpSkinSplitDataDestroy,0x00283FD0,0x00284030,96
_rpSkinSplitDataStreamWrite,0x00284030,0x002840E8,184
FUN_002840e8,0x002840E8,0x0028411C,52
_splSetBspline,0x00284120,0x00284354,564
_splBuildCoefficientMatrix,0x00284358,0x00284AB8,1888
_splCreateSpline,0x00284AB8,0x00285A68,4016
SplineOpen,0x00285A68,0x00285C6C,516
RpSplineStreamRead,0x00285C70,0x00285D88,280
RpSplineFindPosition,0x00285D88,0x002861B0,1064
RpSplineCreate,0x002861C0,0x002863CC,524
FUN_002863d0,0x002863D0,0x00286408,56
RpSplineDestroy,0x00286408,0x00286480,120
RpSplineGetNumControlPoints,0x00286480,0x002864E4,100
SplineClose,0x002864F0,0x002865D0,224
UserDataCopy,0x002865D0,0x00286774,420
UserDataStreamRead,0x00286778,0x002869A8,560
UserDataStreamWrite,0x002869A8,0x00286B84,476
UserDataListCopy,0x00286B88,0x00286D38,432
UserDataListGetSize,0x00286D38,0x00286EBC,388
RpUserDataPluginAttach,0x00286ED0,0x0028711C,588
FUN_00287120,0x00287120,0x0028714C,44
RpGeometryGetUserDataArrayCount,0x00287150,0x00287214,196
FUN_00287228,0x00287228,0x00287254,44
RpGeometryGetUserDataArrayCount,0x00287258,0x0028731C,196
FUN_00287340,0x00287340,0x0028736C,44
RpGeometryGetUserDataArrayCount,0x00287370,0x00287434,196
FUN_00287448,0x00287448,0x00287450,8
FUN_00287450,0x00287450,0x00287458,8
FUN_00287458,0x00287458,0x0028746C,20
FUN_00287478,0x00287478,0x0028748C,20
RpUserDataGetFormatSize,0x002874A8,0x002874E8,64
UserDataObjectDestruct,0x00287530,0x00287680,336
FUN_00287680,0x00287680,0x002876B0,48
UserDataObjectStreamRead,0x002876B0,0x0028776C,188
UserDataObjectStreamWrite,0x00287770,0x002878E8,376
FUN_002878e8,0x002878E8,0x00287904,28
_rt2dCTMPush,0x00287938,0x00287A44,268
_rt2dCTMGet,0x00287A48,0x00287BCC,388
FUN_00287be0,0x00287BE0,0x00287C0C,44
_rt2dCTMSet,0x00287C18,0x00287CE8,208
FUN_00287ce8,0x00287CE8,0x00287D04,28
_rt2dGetTolerance,0x00287D18,0x00287DB8,160
Rt2dPathClose,0x00287DC0,0x00288024,612
Bisect2d,0x00288030,0x0028814C,284
Flatten2d,0x00288150,0x002884E8,920
_rt2dSubPathFlatten,0x002884E8,0x002887AC,708
Rt2dPathStreamWrite,0x002887B0,0x00288A10,608
rt2dPathStreamRead_V0x01,0x00288A10,0x00288C84,628
Rt2dPathStreamRead,0x00288C88,0x00288DE4,348
Rt2dPathCreate,0x00288DF0,0x00288E5C,108
Rt2dPathDestroy,0x00288E60,0x00288F08,168
Rt2dPathLock,0x00288F08,0x00289004,252
Rt2dPathUnlock,0x00289008,0x0028906C,100
Rt2dPathStreamGetSize,0x00289070,0x002890F0,128
_rt2dScratchPath,0x00289118,0x00289170,88
_rt2dFlatSubPathExtendBBox,0x00289170,0x002894E4,884
_rt2dPathStreamReadTo,0x002894F8,0x00289568,112
rt2dPathDestruct,0x00289568,0x0028965C,244
_rt2dObjectCopy,0x00289660,0x00289780,288
FUN_002897d8,0x002897D8,0x002897E8,16
FUN_002897e8,0x002897E8,0x002897F8,16
Rt2dObjectCopy,0x002897F8,0x002898B8,192
FUN_002898b8,0x002898B8,0x002898E8,48
_rt2dObjectDestroy,0x002898E8,0x002899A4,188
_rt2dObjectDestruct,0x002899A8,0x00289A2C,132
FUN_00289a30,0x00289A30,0x00289A5C,44
FUN_00289a60,0x00289A60,0x00289A90,48
FUN_00289a90,0x00289A90,0x00289AB0,32
_rt2dObjectBaseStreamWrite,0x00289AB0,0x00289B64,180
_rt2dObjectBaseStreamReadTo,0x00289B68,0x00289C38,208
_rt2dObjectStreamGetSize,0x00289C38,0x00289CBC,132
_rt2dObjectStreamWrite,0x00289CC0,0x00289D44,132
_rt2dObjectStreamReadTo,0x00289D48,0x00289DE8,160
_rt2dObjectRender,0x00289DE8,0x00289E78,144
FUN_00289e98,0x00289E98,0x00289EB4,28
_rt2dPickRegionStreamReadTo,0x00289EB8,0x00289F2C,116
FUN_00289f30,0x00289F30,0x00289F6C,60
_rt2dPickRegionStreamWrite,0x00289F70,0x00289FBC,76
_rt2dPickRegionRender,0x00289FC0,0x0028A05C,156
Rt2dSceneUnlock,0x0028A060,0x0028A6E8,1672
_rt2dSceneRenderChild,0x0028A6E8,0x0028AD4C,1636
_rt2dSceneStreamWrite,0x0028AD50,0x0028B0AC,860
_rt2dSceneStreamGetSize,0x0028B0B0,0x0028B30C,604
_rt2dSceneStreamReadTo,0x0028B310,0x0028BA04,1780
_rt2dSceneResourcePoolFindShapeRep,0x0028BA10,0x0028BA54,68
FUN_0028ba68,0x0028BA68,0x0028BA70,8
Rt2dSceneForAllChildren,0x0028BAA0,0x0028BB2C,140
_rt2dSceneDestruct,0x0028BB38,0x0028BBFC,196
_rt2dSceneCopy,0x0028BC00,0x0028BEA0,672
SceneCountShapeLeaves,0x0028BEA8,0x0028BF18,112
SceneAddChildShapeResourcesToPool,0x0028BF18,0x0028C070,344
FUN_0028c070,0x0028C070,0x0028C094,36
_rt2dSceneAccumulateSizeOfChildCallback,0x0028C098,0x0028C0DC,68
_rt2dSceneStreamReadToChildCallback,0x0028C0E0,0x0028C134,84
ShapeRepCreateGeometry,0x0028C138,0x0028C870,1848
_rt2dShapeRepStreamRead,0x0028C870,0x0028CA3C,460
_rt2dShapeRenderChild,0x0028CA40,0x0028CF18,1240
_rt2dShapeStreamWrite,0x0028CF18,0x0028D1DC,708
_rt2dShapeStreamReadTo,0x0028D1E0,0x0028D494,692
_rt2dShapeRepDestroy,0x0028D498,0x0028D64C,436
FUN_0028d650,0x0028D650,0x0028D660,16
_rt2dShapeDestruct,0x0028D678,0x0028D87C,516
_rt2dShapeStreamGetSize,0x0028D880,0x0028DACC,588
_rt2dShapeRepStreamGetSize,0x0028DAD0,0x0028DCF4,548
_rt2dShapeRepStreamWrite,0x0028DCF8,0x0028DF68,624
_rt2dShapeCopy,0x0028DF68,0x0028DFE8,128
rt2dPointTriClassify,0x0028DFE8,0x0028E2C0,728
rt2dTriPolyFindConvexVert,0x0028E2C0,0x0028E410,336
rt2dTriPolyFindIntrudeVert,0x0028E410,0x0028E564,340
rt2dTriPolySplit,0x0028E568,0x0028E7A0,568
rt2dTriPolyTriangulate,0x0028E7A0,0x0028E974,468
rt2dPathToPoly,0x0028E978,0x0028EC0C,660
_rt2dPathTriangulate,0x0028EC20,0x0028ED5C,316
_rt2dBrushTransformRGBARealDirect,0x0028ED70,0x0028EFB4,580
Rt2dBrushStreamWrite,0x0028EFB8,0x0028F14C,404
rt2dBrushStreamRead_V0x01,0x0028F150,0x0028F328,472
Rt2dBrushCreate,0x0028F330,0x0028F3F8,200
Rt2dBrushDestroy,0x0028F3F8,0x0028F460,104
Rt2dBrushSetRGBA,0x0028F460,0x0028F5B4,340
Rt2dBrushSetUV,0x0028F5B8,0x0028F684,204
Rt2dBrushSetTexture,0x0028F688,0x0028F700,120
FUN_0028f700,0x0028F700,0x0028F730,48
_rt2dBrushStreamReadTo,0x0028F738,0x0028F7E4,172
_rt2dPathFillCreateGeometry,0x0028F7F0,0x0028FFA0,1968
FUN_0028ffa0,0x0028FFA0,0x0028FFC8,40
_rt2dFontDictionaryLookup,0x00290010,0x00290148,312
FUN_00290180,0x00290180,0x002901A0,32
FUN_002901a8,0x002901A8,0x002901B8,16
_rt2dPathStrokeCreateGeometry,0x002901E0,0x00290A70,2192
FUN_00290a70,0x00290A70,0x00290A8C,28
_rt2dObjectStringInitTextString,0x00290A90,0x00290BB8,296
Rt2dObjectStringRender,0x00290BC0,0x00290DD8,536
_rt2dObjectStringStreamReadTo,0x00290DD8,0x00291070,664
_rt2dObjectStringStreamWrite,0x00291070,0x002911D0,352
FUN_002911e8,0x002911E8,0x00291220,56
_rt2dObjectStringDestruct,0x00291238,0x00291298,96
_rt2dObjectStringStreamGetSize,0x00291298,0x0029136C,212
RtIntersectionSphereTriangle,0x00291370,0x00291B6C,2044
RtIntersectionBBoxTriangle,0x00291B70,0x002930E0,5488
RtMipKClumpCalculateKValues,0x002930E8,0x00293178,144
MipKCalculateClumpKValue,0x00293178,0x00293214,156
REC_00293220,0x00293220,0x00293254,52
MipKAddTriangle,0x00293270,0x0029342C,444
MipKSumKValuesForAtomicProcess,0x00293438,0x00293594,348
RtQuatTransformVectors,0x00293598,0x00293710,376
RtQuatConvertFromMatrix,0x00293710,0x00293818,264
RtQuatQueryRotate,0x00293818,0x00293970,344
QuatFromXDiagDomMatrix,0x00293970,0x002939EC,124
QuatFromXDiagDomMatrix,0x002939F0,0x00293A6C,124
QuatFromXDiagDomMatrix,0x00293A70,0x00293AEC,124
scePadInit,0x00293AF0,0x00293C3C,332
_pad_intr_hdr,0x00293C40,0x00293C88,72
scePadInit2,0x00293C88,0x00293D7C,244
_send_to_iop,0x00293D88,0x00293E9C,276
scePadPortOpen,0x00293EA0,0x00294084,484
scePadGetDmaStr,0x00294088,0x002941E0,344
scePadRead,0x002941E0,0x00294254,116
scePadGetState,0x00294258,0x002942D0,120
scePadSetReqState,0x002942D8,0x0029438C,180
scePadGetReqState,0x00294390,0x002943E8,88
scePadInfoMode,0x002943F8,0x0029452C,308
scePadSetMainMode,0x00294530,0x002945E4,180
scePadSetActDirect,0x002945E8,0x002946B0,200
scePadSetActAlign,0x002946B0,0x00294788,216
scePadGetModVersion,0x002947A8,0x0029480C,100
sceGsResetGraph,0x00294818,0x002949A8,400
FUN_002949a8,0x002949A8,0x002949B4,12
FUN_002949b8,0x002949B8,0x00294A20,104
checkModelVersion,0x00294A20,0x00294AC0,160
FUN_00294ac0,0x00294AC0,0x00294AD0,16
sceGsSetDefDispEnv,0x00294AD0,0x00294E44,884
sceGsPutDispEnv,0x00294E48,0x00294F04,188
sceGsSetDefDrawEnv,0x00294F08,0x002950EC,484
sceGsSyncV,0x002950F0,0x00295184,148
FUN_00295188,0x00295188,0x0029549C,788
sceGsSetDefStoreImage,0x002954A0,0x002955E0,320
sceGsExecStoreImage,0x002955E0,0x00295C6C,1676
sceGsSetDefDrawEnv2,0x00295C70,0x00295E50,480
sceGsSwapDBuffDc,0x00295E50,0x00295EAC,92
sceGszbufaddr,0x00295EB0,0x00295F78,200
sceGsPutDrawEnv,0x00295F78,0x00296060,232
cmd_sem_init,0x00296068,0x0029614C,228
cdvd_exit,0x00296150,0x002961F0,160
_sceCd_Poff_Intr,0x002961F0,0x00296244,84
PowerOffCB,0x00296248,0x002962C0,120
FUN_002962c0,0x002962C0,0x002965BC,764
FUN_002965c0,0x002965C0,0x002965DC,28
_sceCd_scmd_prechk,0x002965E0,0x00296738,344
FUN_00296738,0x00296738,0x002967D8,160
sceCdSyncS,0x002967D8,0x00296844,108
_sceCd_scmd_prechk,0x00296848,0x002969A0,344
sceCdInit,0x002969A0,0x00296C88,744
FUN_00296c88,0x00296C88,0x00296EA0,536
FUN_00296ea0,0x00296EA0,0x002970C0,544
FUN_002970c0,0x002970C0,0x00297178,184
sceCdMmode,0x00297178,0x00297248,208
FUN_00297250,0x00297250,0x0029727C,44
FUN_00297280,0x00297280,0x002972B4,52
FUN_002972b8,0x002972B8,0x002972E4,44
FUN_002972f0,0x002972F0,0x00297328,56
FUN_00297328,0x00297328,0x002974B0,392
FUN_002974b8,0x002974B8,0x00297620,360
WaitDma,0x00297620,0x00297690,112
FUN_00297698,0x00297698,0x002976C0,40
FUN_002976c0,0x002976C0,0x002976F4,52
FUN_002976f8,0x002976F8,0x00297720,40
sceDmaReset,0x00297720,0x002977FC,220
sceDmaPutEnv,0x00297800,0x002979D8,472
sceDmaSend,0x002979E0,0x00297A48,104
sceDmaSendN,0x00297A48,0x00297ABC,116
FUN_00297ad0,0x00297AD0,0x00297B08,56
sceDmaPause,0x00297B10,0x00297BA8,152
FUN_00297bb8,0x00297BB8,0x00297BFC,68
__7istreamiP9streambufP7ostream,0x00297CA0,0x00297D84,228
skip_ws__FP9streambuf,0x00297D88,0x00297DF0,104
get__7istreamRc,0x00297DF0,0x00297EB0,192
peek__7istream,0x00297EB0,0x00297F68,184
ignore__7istreamii,0x00297F68,0x0029806C,260
read__7istreamPci,0x00298070,0x00298138,200
sync__7istream,0x00298138,0x002981A0,104
seekg__7istreaml,0x002981A0,0x002981F0,80
seekg__7istreamlQ23ios8seek_dir,0x002981F0,0x00298240,80
tellg__7istream,0x00298240,0x00298298,88
__rs__7istreamRc,0x00298298,0x00298354,188
__rs__7istreamPc,0x00298358,0x002984B8,352
read_int__FR7istreamRUxRi,0x002984B8,0x00298754,668
__rs__7istreamRs,0x00298758,0x002987B4,92
__rs__7istreamRs,0x002987B8,0x00298814,92
__rs__7istreamRi,0x00298818,0x00298874,92
__rs__7istreamRi,0x00298878,0x002988D4,92
__rs__7istreamRl,0x002988D8,0x00298934,92
__rs__7istreamRl,0x00298938,0x00298994,92
__rs__7istreamRl,0x00298998,0x002989F4,92
__rs__7istreamRl,0x002989F8,0x00298A54,92
FUN_00298a58,0x00298A58,0x00298AB8,96
FUN_00298ab8,0x00298AB8,0x00298B60,168
FUN_00298b60,0x00298B60,0x00298C00,160
FUN_00298c00,0x00298C00,0x00298CA0,160
__rs__7istreamP9streambuf,0x00298CA0,0x00298D90,240
__ls__7ostreamc,0x00298D90,0x00298E3C,172
write_int__FR7ostreamUxi,0x00298E40,0x002991DC,924
__ls__7ostreami,0x002991E0,0x0029927C,156
FUN_00299280,0x00299280,0x002992F4,116
FUN_002992f8,0x002992F8,0x00299388,144
FUN_00299388,0x00299388,0x002993F8,112
FUN_002993f8,0x002993F8,0x00299488,144
FUN_00299488,0x00299488,0x002994F8,112
FUN_002994f8,0x002994F8,0x00299610,280
__ls__7ostreamPCc,0x00299610,0x00299790,384
__ls__7ostreamP9streambuf,0x00299790,0x00299870,224
FUN_00299870,0x00299870,0x00299950,224
seekg__7istreaml,0x00299950,0x002999A0,80
seekg__7istreamlQ23ios8seek_dir,0x002999A0,0x002999F0,80
tellg__7istream,0x002999F0,0x00299A48,88
flush__7ostream,0x00299A48,0x00299AA0,88
FUN_00299aa0,0x00299AA0,0x00299ABC,28
ws__FR7istream,0x00299AC0,0x00299B74,180
_skip_ws__7istream,0x00299B78,0x00299BE0,104
FUN_00299be0,0x00299BE0,0x00299C14,52
FUN_00299c18,0x00299C18,0x00299C50,56
write__7ostreamPCci,0x00299C70,0x00299D28,184
do_osfx__7ostream,0x00299D28,0x00299D90,104
__8iostreamiP9streambufP7ostream,0x00299D90,0x00299EF0,352
close__3ios,0x00299EF0,0x00299F50,96
FUN_00299fe8,0x00299FE8,0x0029A004,28
__tf22_IO_ostream_withassign,0x0029A008,0x0029A05C,84
___22_IO_ostream_withassign,0x0029A060,0x0029A13C,220
FUN_0029a140,0x0029A140,0x0029A15C,28
__tf22_IO_ostream_withassign,0x0029A160,0x0029A1B4,84
___22_IO_ostream_withassign,0x0029A1B8,0x0029A294,220
__8iostreami,0x0029A298,0x0029A3B4,284
__tf8iostream,0x0029A3B8,0x0029A414,92
___8iostream,0x0029A418,0x0029A52C,276
FUN_0029a530,0x0029A530,0x0029A54C,28
FUN_0029a550,0x0029A550,0x0029A57C,44
FUN_0029a580,0x0029A580,0x0029A59C,28
FUN_0029a5a0,0x0029A5A0,0x0029A5BC,28
FUN_0029a5c0,0x0029A5C0,0x0029A5DC,28
FUN_0029a5e0,0x0029A5E0,0x0029A5FC,28
unget__7istreamc,0x0029A610,0x0029A668,88
unget__7istream,0x0029A668,0x0029A6B8,80
unget__7istreamc,0x0029A6B8,0x0029A710,88
FUN_0029a718,0x0029A718,0x0029A7B8,160
ipfx1__7istream,0x0029A7C0,0x0029A81C,92
ipfx0__7istream,0x0029A820,0x0029A89C,124
ipfx__7istreami,0x0029A8A0,0x0029A954,180
FUN_0029a958,0x0029A958,0x0029A974,28
FUN_0029a978,0x0029A978,0x0029A994,28
FUN_0029a998,0x0029A998,0x0029A9B4,28
FUN_0029a9b8,0x0029A9B8,0x0029A9D8,32
FUN_0029a9d8,0x0029A9D8,0x0029A9F8,32
FUN_0029a9f8,0x0029A9F8,0x0029AA14,28
FUN_0029aa18,0x0029AA18,0x0029AA38,32
FUN_0029aa38,0x0029AA38,0x0029AA54,28
FUN_0029aa58,0x0029AA58,0x0029AA78,32
__7istreami,0x0029AA78,0x0029AB1C,164
__tf22_IO_ostream_withassign,0x0029AB20,0x0029AB74,84
___7istream,0x0029AB78,0x0029AC18,160
FUN_0029ac28,0x0029AC28,0x0029AC54,44
FUN_0029ac58,0x0029AC58,0x0029AC74,28
FUN_0029ac78,0x0029AC78,0x0029AC94,28
FUN_0029ac98,0x0029AC98,0x0029ACC8,48
FUN_0029acc8,0x0029ACC8,0x0029ACE4,28
FUN_0029ace8,0x0029ACE8,0x0029AD04,28
FUN_0029ad08,0x0029AD08,0x0029AD28,32
FUN_0029ad28,0x0029AD28,0x0029AD44,28
FUN_0029ad48,0x0029AD48,0x0029AD64,28
FUN_0029ad68,0x0029AD68,0x0029AD88,32
FUN_0029ad88,0x0029AD88,0x0029ADA8,32
FUN_0029ada8,0x0029ADA8,0x0029ADC4,28
FUN_0029adc8,0x0029ADC8,0x0029ADE4,28
FUN_0029ade8,0x0029ADE8,0x0029AE04,28
FUN_0029ae08,0x0029AE08,0x0029AE40,56
FUN_0029ae40,0x0029AE40,0x0029AE78,56
FUN_0029ae78,0x0029AE78,0x0029AEB0,56
FUN_0029aeb0,0x0029AEB0,0x0029AEE0,48
FUN_0029aee0,0x0029AEE0,0x0029AF1C,60
FUN_0029af20,0x0029AF20,0x0029AFC0,160
__tf22_IO_ostream_withassign,0x0029AFC0,0x0029B014,84
___7istream,0x0029B018,0x0029B0B8,160
getline__7istreamPcic,0x0029B0B8,0x0029B240,392
get__7istreamPcic,0x0029B240,0x0029B34C,268
_sb_readline__FP9streambufRlc,0x0029B350,0x0029B48C,316
gets__7istreamPPcc,0x0029B490,0x0029B5A4,276
scan__7istreamPCce,0x0029B5A8,0x0029B660,184
vscan__7istreamPCcPc,0x0029B660,0x0029B70C,172
vscan__9streambufPCcPcP3ios,0x0029B710,0x0029B758,72
FUN_0029b758,0x0029B758,0x0029B790,56
sync_with_stdio__3iosi,0x0029B790,0x0029B810,128
FUN_0029b810,0x0029B810,0x0029B82C,28
FUN_0029b830,0x0029B830,0x0029B84C,28
FUN_0029b850,0x0029B850,0x0029B86C,28
FUN_0029b870,0x0029B870,0x0029B88C,28
FUN_0029b890,0x0029B890,0x0029B8B8,40
FUN_0029b8c0,0x0029B8C0,0x0029B8DC,28
FUN_0029b8e8,0x0029B8E8,0x0029B914,44
FUN_0029b918,0x0029B918,0x0029B944,44
ignore__9streambufi,0x0029B948,0x0029B9D0,136
FUN_0029b9d8,0x0029B9D8,0x0029B9F4,28
setbuf__9streambufPci,0x0029B9F8,0x0029BAD4,220
FUN_0029bad8,0x0029BAD8,0x0029BB08,48
FUN_0029bb08,0x0029BB08,0x0029BB24,28
FUN_0029bb28,0x0029BB28,0x0029BB44,28
FUN_0029bb48,0x0029BB48,0x0029BB64,28
FUN_0029bb68,0x0029BB68,0x0029BB84,28
FUN_0029bb88,0x0029BB88,0x0029BBBC,52
___9streambuf,0x0029BBC0,0x0029BC14,84
FUN_0029bc20,0x0029BC20,0x0029BC3C,28
FUN_0029bc40,0x0029BC40,0x0029BC60,32
FUN_0029bc60,0x0029BC60,0x0029BC7C,28
get_column__9streambuf,0x0029BC80,0x0029BCC0,64
FUN_0029bcd0,0x0029BCD0,0x0029BCEC,28
FUN_0029bcf0,0x0029BCF0,0x0029BD0C,28
FUN_0029bd10,0x0029BD10,0x0029BD38,40
FUN_0029bd58,0x0029BD58,0x0029BD80,40
___12streammarker,0x0029BD80,0x0029BDC4,68
FUN_0029bdc8,0x0029BDC8,0x0029BDE4,28
FUN_0029bde8,0x0029BDE8,0x0029BE04,28
FUN_0029be08,0x0029BE08,0x0029BE24,28
FUN_0029be28,0x0029BE28,0x0029BE44,28
FUN_0029bea0,0x0029BEA0,0x0029BEBC,28
FUN_0029bec0,0x0029BEC0,0x0029BEC8,8
___3ios,0x0029BEC8,0x0029BF24,92
__3iosP9streambufP7ostream,0x0029BF28,0x0029BF84,92
init__3iosP9streambufP7ostream,0x0029BF88,0x0029BFD0,72
cur_ptr__7filebuf,0x0029BFF0,0x0029C038,72
__tf9bad_alloc,0x0029C090,0x0029C0E0,80
snextc__9streambuf,0x0029C100,0x0029C180,128
sgetc__9streambuf,0x0029C180,0x0029C1D0,80
FUN_0029c1d0,0x0029C1D0,0x0029C1EC,28
FUN_0029c218,0x0029C218,0x0029C244,44
FUN_0029c248,0x0029C248,0x0029C268,32
FUN_0029c268,0x0029C268,0x0029C290,40
FUN_0029c2b0,0x0029C2B0,0x0029C2D8,40
allocate__9streambuf,0x0029C2D8,0x0029C324,76
FUN_0029c398,0x0029C398,0x0029C3B4,28
FUN_0029c3b8,0x0029C3B8,0x0029C3D4,28
setg__9streambufPcT1T1,0x0029C4B8,0x0029C51C,100
__tf9bad_alloc,0x0029C678,0x0029C6C8,80
FUN_0029c6f8,0x0029C6F8,0x0029C714,28
__tf9bad_alloc,0x0029C8B8,0x0029C908,80
__tf9exception,0x0029C908,0x0029C948,64
__tf9exception,0x0029C948,0x0029C988,64
_IO_un_link,0x0029C988,0x0029C9E8,96
FUN_0029c9e8,0x0029C9E8,0x0029CA18,48
_IO_least_marker,0x0029CA18,0x0029CA5C,68
FUN_0029ca60,0x0029CA60,0x0029CA98,56
FUN_0029ca98,0x0029CA98,0x0029CACC,52
_IO_switch_to_get_mode,0x0029CAD0,0x0029CB7C,172
_IO_free_backup_area,0x0029CB80,0x0029CBCC,76
FUN_0029cbd0,0x0029CBD0,0x0029CBF4,36
save_for_backup,0x0029CBF8,0x0029CD94,412
__underflow,0x0029CD98,0x0029CE64,204
FUN_0029ce68,0x0029CE68,0x0029CF48,224
_IO_setb,0x0029CF48,0x0029CFD0,136
_IO_doallocbuf,0x0029CFD0,0x0029D040,112
_IO_default_uflow,0x0029D040,0x0029D090,80
_IO_default_xsputn,0x0029D090,0x0029D1C4,308
FUN_0029d1c8,0x0029D1C8,0x0029D1EC,36
_IO_default_xsgetn,0x0029D1F0,0x0029D304,276
_IO_default_setbuf,0x0029D308,0x0029D3D0,200
_IO_default_doallocate,0x0029D3D0,0x0029D41C,76
_IO_init,0x0029D420,0x0029D468,72
_IO_default_finish,0x0029D468,0x0029D4F4,140
_IO_sputbackc,0x0029D4F8,0x0029D574,124
_IO_sungetc,0x0029D578,0x0029D5EC,116
_IO_adjust_column,0x0029D5F0,0x0029D638,72
_IO_flush_all,0x0029D638,0x0029D6B8,128
_IO_flush_all_linebuffered,0x0029D6B8,0x0029D720,104
_IO_unbuffer_all,0x0029D720,0x0029D780,96
FUN_0029d780,0x0029D780,0x0029D79C,28
_IO_init_marker,0x0029D7A0,0x0029D818,120
FUN_0029d818,0x0029D818,0x0029D850,56
FUN_0029d850,0x0029D850,0x0029D860,16
FUN_0029d860,0x0029D860,0x0029D898,56
_IO_seekmark,0x0029D898,0x0029D920,136
FUN_0029d920,0x0029D920,0x0029D948,40
_IO_default_pbackfail,0x0029D948,0x0029DA98,336
_IO_vfscanf,0x0029DA98,0x0029E80C,3444
__sccl,0x0029E810,0x0029E914,260
_IO_padn,0x0029E918,0x0029EA2C,276
_IO_getline_info,0x0029EA38,0x0029EBCC,404
_IO_seekoff,0x0029EBD0,0x0029EC6C,156
_IO_seekpos,0x0029EC70,0x0029ECD0,96
_IO_outfloat,0x0029ECD0,0x0029F28C,1468
FUN_0029f290,0x0029F290,0x0029F2BC,44
_IO_getc,0x0029F2C0,0x0029F304,68
_IO_putc,0x0029F308,0x0029F354,76
FUN_0029f358,0x0029F358,0x0029F374,28
__7filebuf,0x0029F378,0x0029F3E4,108
__7filebufi,0x0029F3E8,0x0029F46C,132
__7filebufiPci,0x0029F470,0x0029F51C,172
___7filebuf,0x0029F520,0x0029F59C,124
open__7filebufPCcii,0x0029F5A0,0x0029F700,352
FUN_0029f700,0x0029F700,0x0029F71C,28
FUN_0029f720,0x0029F720,0x0029F73C,28
FUN_0029f740,0x0029F740,0x0029F75C,28
FUN_0029f760,0x0029F760,0x0029F77C,28
FUN_0029f780,0x0029F780,0x0029F79C,28
FUN_0029f7a0,0x0029F7A0,0x0029F7BC,28
FUN_0029f7c0,0x0029F7C0,0x0029F7DC,28
FUN_0029f7e0,0x0029F7E0,0x0029F7FC,28
FUN_0029f800,0x0029F800,0x0029F82C,44
FUN_0029f830,0x0029F830,0x0029F84C,28
FUN_0029f850,0x0029F850,0x0029F86C,28
FUN_0029f870,0x0029F870,0x0029F88C,28
FUN_0029f890,0x0029F890,0x0029F8AC,28
FUN_0029f8b0,0x0029F8B0,0x0029F8CC,28
FUN_0029f8d0,0x0029F8D0,0x0029F8FC,44
FUN_0029f900,0x0029F900,0x0029F91C,28
__as__22_IO_istream_withassignR7istream,0x0029F920,0x0029F980,96
__as__22_IO_ostream_withassignR7ostream,0x0029F980,0x0029F9E0,96
_GLOBAL__I__IO_stdin_,0x0029F9E0,0x0029FBB4,468
_IO_file_doallocate,0x0029FBB8,0x0029FCA0,232
FUN_0029fca0,0x0029FCA0,0x0029FCC8,40
Balloc,0x0029FCC8,0x0029FD28,96
FUN_0029fd28,0x0029FD28,0x0029FD4C,36
Bcopy,0x0029FD50,0x0029FD94,68
Brealloc,0x0029FD98,0x0029FE0C,116
multadd,0x0029FE10,0x0029FEE0,208
s2b,0x0029FEE0,0x002A0018,312
hi0bits,0x002A0018,0x002A009C,132
lo0bits,0x002A00A0,0x002A0160,192
FUN_002a0160,0x002A0160,0x002A0198,56
mult,0x002A0198,0x002A03CC,564
pow5mult,0x002A03D0,0x002A0448,120
lshift,0x002A0448,0x002A05C4,380
cmp,0x002A05C8,0x002A0630,104
diff,0x002A0630,0x002A07C0,400
ulp,0x002A07C0,0x002A0854,148
b2d,0x002A0858,0x002A0984,300
d2b,0x002A0988,0x002A0AF4,364
ratio,0x002A0AF8,0x002A0BC4,204
_IO_strtod,0x002A0BC8,0x002A1B20,3928
quorem,0x002A1B20,0x002A1D34,532
_IO_dtoa,0x002A1D38,0x002A2EF8,4544
_IO_file_init,0x002A2EF8,0x002A2F38,64
_IO_file_close_it,0x002A2F38,0x002A3004,204
_IO_file_fopen,0x002A3010,0x002A3178,360
_IO_file_attach,0x002A3178,0x002A320C,148
_IO_file_setbuf,0x002A3210,0x002A3260,80
_IO_do_write,0x002A3260,0x002A337C,284
_IO_file_underflow,0x002A3380,0x002A34AC,300
_IO_file_overflow,0x002A34B0,0x002A3624,372
_IO_file_sync,0x002A3628,0x002A36E0,184
_IO_file_seekoff,0x002A36E0,0x002A3A10,816
FUN_002a3a10,0x002A3A10,0x002A3A34,36
FUN_002a3a38,0x002A3A38,0x002A3A54,28
FUN_002a3a58,0x002A3A58,0x002A3A74,28
FUN_002a3a78,0x002A3A78,0x002A3A94,28
_IO_file_write,0x002A3A98,0x002A3B48,176
_IO_file_xsputn,0x002A3B48,0x002A3D1C,468
__8stdiobufP7__sFILE,0x002A3D20,0x002A3DB0,144
___8stdiobuf,0x002A3DB0,0x002A3E04,84
sys_read__8stdiobufPcl,0x002A3E08,0x002A3EA0,152
sys_write__8stdiobufPCcl,0x002A3EA0,0x002A3F00,96
FUN_002a3f00,0x002A3F00,0x002A3F1C,28
FUN_002a3f20,0x002A3F20,0x002A3F4C,44
sync__8stdiobuf,0x002A3F50,0x002A3FB0,96
overflow__8stdiobufi,0x002A3FB0,0x002A3FFC,76
xsputn__8stdiobufPCcl,0x002A4000,0x002A4058,88
buffered__8stdiobufi,0x002A4058,0x002A40BC,100
FUN_002a40c0,0x002A40C0,0x002A40DC,28
__12ostdiostreamiP7__sFILE,0x002A4100,0x002A4294,404
__tf22_IO_ostream_withassign,0x002A4298,0x002A42EC,84
___12ostdiostream,0x002A42F0,0x002A43D8,232
FUN_002a43d8,0x002A43D8,0x002A43F4,28
FUN_002a4418,0x002A4418,0x002A45B0,408
__tf22_IO_ostream_withassign,0x002A45B0,0x002A4604,84
___12ostdiostream,0x002A4608,0x002A46F0,232
__tf9bad_alloc,0x002A4710,0x002A4760,80
makeHiMaskAndLoMask,0x002A4760,0x002A4A0C,684
findSteepestAxis_mmi_vcallms,0x002A4A10,0x002A4EB8,1192
copyJMtoSPR,0x002A4EB8,0x002A517C,708
applyImpulsePair,0x002A5180,0x002A5788,1544
doIterations,0x002A5788,0x002A5D6C,1508
solve_ps2,0x002A5D70,0x002A62AC,1340
Multiply46BlockByMBlock_ps2,0x002A62B0,0x002A6588,728
Multiply46BlockBy61Vector_ps2,0x002A6588,0x002A66FC,372
calcJinvMandRHS_ps2,0x002A6700,0x002A6DB8,1720
_rwpBoxGetMassProperties,0x002A6DB8,0x002A7124,876
_rwpBoxGetBBox,0x002A7128,0x002A7288,352
_rwpBoxGetMaximumFeature,0x002A7288,0x002A77EC,1380
_rwpBoxLineSegIntersect,0x002A77F0,0x002A85B8,3528
RwpBoxInit,0x002A85C0,0x002A8608,72
FUN_002a8608,0x002A8608,0x002A8628,32
FUN_002a8628,0x002A8628,0x002A8644,28
_rwpBoxGetBSphere,0x002A8648,0x002A86B4,108
_rwpBoxMaximumPoint,0x002A86B8,0x002A8718,96
_rwpBoxGetUniqueDirections,0x002A8718,0x002A87E0,200
_rwpBoxGetDirectionalExtent,0x002A87E0,0x002A882C,76
_rwpBoxGetMinimumWidth,0x002A8830,0x002A8898,104
_rwpCapsuleLineSegIntersect,0x002A8898,0x002A8E94,1532
RwpCapsuleCreate,0x002A8EA0,0x002A8F00,96
RwpCapsuleInit,0x002A8F00,0x002A8F5C,92
FUN_002a8f60,0x002A8F60,0x002A8F68,8
FUN_002a8f68,0x002A8F68,0x002A8F70,8
_rwpCapsuleGetMassProperties,0x002A8F98,0x002A9028,144
_rwpCapsuleGetBBox,0x002A9028,0x002A90F0,200
_rwpCapsuleMaximumPoint,0x002A90F0,0x002A9130,64
_rwpCapsuleGetMaximumFeature,0x002A9130,0x002A9240,272
_rwpSphereLineSegIntersect,0x002A9298,0x002A93F4,348
RwpSphereInit,0x002A9400,0x002A9440,64
_rwpSphereGetMassProperties,0x002A9460,0x002A94B8,88
_rwpSphereGetBBox,0x002A94B8,0x002A9550,152
_rwpSphereGetMaximumFeature,0x002A9568,0x002A95AC,68
RwpVolumeGetBSphere,0x002A95E0,0x002A9744,356
RwpVolumeGetMassProperties,0x002A9748,0x002A9918,464
RwpVolumeLineSegIntersect,0x002A9918,0x002A9C54,828
_rwpVolumeMaximumPoint,0x002A9C58,0x002A9DFC,420
_rwpFeatureTransform,0x002A9E00,0x002A9FCC,460
FUN_002a9fd0,0x002A9FD0,0x002AA000,48
FUN_002aa000,0x002AA000,0x002AA024,36
FUN_002aa030,0x002AA030,0x002AA038,8
FUN_002aa038,0x002AA038,0x002AA040,8
FUN_002aa048,0x002AA048,0x002AA084,60
RwpVolumeGetBBox,0x002AA088,0x002AA120,152
RwpVolumeSetSlide,0x002AA120,0x002AA1B0,144
RwpVolumeSetSlide,0x002AA1B0,0x002AA240,144
_rwpVolumeGetBSphere,0x002AA248,0x002AA344,252
FUN_002aa348,0x002AA348,0x002AA36C,36
_rwpVolumeGetMaximumFeature,0x002AA370,0x002AA46C,252
_rwpVolumeGetDirectionalExtent,0x002AA470,0x002AA590,288
RwpVolumeInit,0x002AA590,0x002AA600,112
RwpDefaultGetDirectionalExtent,0x002AA608,0x002AA70C,260
RwpLineSegCylinderIntersect,0x002AA718,0x002AA914,508
RwpLineSegTorusIntersect,0x002AA918,0x002AAB28,528
RwpNormalizeA,0x002AAB28,0x002AAC1C,244
RwpLineSegCoordSideIntersect,0x002AAC20,0x002AACB0,144
RwpLineSegPlaneSideIntersect,0x002AACB0,0x002AAD7C,204
RwpLineSegSphereIntersect,0x002AAD80,0x002AAEAC,300
_rwpTrilistGetBSphere,0x002AAEB0,0x002AB004,340
_rwpTrilistGetMassProperties,0x002AB008,0x002AB138,304
_rwpTrilistGetBBox,0x002AB138,0x002AB40C,724
_rwpTrilistSectorForAllIntersections,0x002AB410,0x002AB668,600
_rwpTrilistQueryBBox,0x002AB668,0x002AB928,704
RwpTrilistCreate,0x002AB938,0x002AB998,96
RwpTrilistInit,0x002AB998,0x002AB9F4,92
_rwpTrilistGetDirectionalExtent,0x002ABA10,0x002ABA9C,140
_rwpTrilistGetMinimumWidth,0x002ABAA0,0x002ABAF8,88
_rwpTrilistCallBack,0x002ABB00,0x002ABC88,392
_rwpTrilistGeomCallBack,0x002ABC88,0x002ABDBC,308
FUN_002abdd8,0x002ABDD8,0x002ABDF8,32
FUN_002abe00,0x002ABE00,0x002ABE20,32
_rwpObjInit,0x002ABE58,0x002ABF50,248
_rwpObjTerm,0x002ABF50,0x002ABFE0,144
RwpObjSyncTransform,0x002ABFE0,0x002AC04C,108
_rwpDynStateInitialize,0x002AC050,0x002AC1B4,356
_rwpMgrGetSize,0x002AC1B8,0x002AC2C8,272
_rwpMgrInitialize,0x002AC2C8,0x002AC9A8,1760
RwpMgrInsertObj,0x002AC9A8,0x002ACBFC,596
RwpMgrRemoveObj,0x002ACC00,0x002ACD20,288
RwpMgrGetPairsForObj,0x002ACD20,0x002AD080,864
RwpMgrGetOverlapPairs,0x002AD080,0x002AD2A4,548
RwpMgrSetGroup,0x002AD2A8,0x002AD3E0,312
RwpMgrCreate,0x002AD3E0,0x002AD460,128
FUN_002ad460,0x002AD460,0x002AD480,32
RwpMgrSetMoving,0x002AD480,0x002AD4EC,108
RwpMgrSetEnabled,0x002AD4F0,0x002AD5C0,208
RwpMgrUpdateBBox,0x002AD5C0,0x002AD6A8,232
RwpMgrGetBBox,0x002AD6A8,0x002AD714,108
RwpMgrActivate,0x002AD718,0x002AD80C,244
RwpMgrDeactivate,0x002AD810,0x002AD8CC,188
FUN_002ad8d0,0x002AD8D0,0x002AD900,48
FUN_002ad900,0x002AD900,0x002AD924,36
RwpMgrAllocJoint,0x002AD928,0x002AD968,64
FUN_002ad968,0x002AD968,0x002AD98C,36
FUN_002ad990,0x002AD990,0x002AD9B0,32
FUN_002ad9b0,0x002AD9B0,0x002AD9DC,44
FUN_002ad9e0,0x002AD9E0,0x002AD9E8,8
FUN_002ad9e8,0x002AD9E8,0x002AD9F0,8
RwpContextCreate,0x002AD9F0,0x002ADA54,100
RwpContextInit,0x002ADA58,0x002ADBE8,400
RwpContextDestroy,0x002ADBF0,0x002ADC68,120
FUN_002adc68,0x002ADC68,0x002ADC70,8
FUN_002adc70,0x002ADC70,0x002ADC78,8
RwpContextAddFixedVolume,0x002ADC78,0x002ADD00,136
RwpContextRemoveFixedVolume,0x002ADD08,0x002ADD5C,84
FUN_002add68,0x002ADD68,0x002ADD90,40
_rwpDynInit,0x002ADD90,0x002AE120,912
RwpDynSetNonSphericalInertiaTensor,0x002AE120,0x002AE304,484
RwpDynGetLinearVelocityAtPosition,0x002AE320,0x002AE3F8,216
_rwpDynCreate,0x002AE3F8,0x002AE45C,100
FUN_002ae460,0x002AE460,0x002AE494,52
FUN_002ae498,0x002AE498,0x002AE4A0,8
RwpDynSetMass,0x002AE4A8,0x002AE4E8,64
RwpDynSyncTransform,0x002AE4F0,0x002AE580,144
RwpDynSetMass,0x002AE580,0x002AE5C0,64
_rwpTimeOfImpactAllocate,0x002AE5C0,0x002AE688,200
RwpPipelineGetPoolSize,0x002AE688,0x002AE874,492
RwpPipelineGetSize,0x002AE878,0x002AEAE8,624
RwpPipelineInit,0x002AEAE8,0x002AF270,1928
RwpPipelineGenerateContacts,0x002AF270,0x002AFAF8,2184
_rwpPipelineActivateObject,0x002AFAF8,0x002AFC44,332
_rwpPipelineProcessObjectExtJoints,0x002AFC48,0x002AFDDC,404
RwpPipelineGenerateSelfCollisionContacts,0x002AFDE0,0x002B0094,692
RwpPipelinePartition,0x002B0098,0x002B0530,1176
RwpGenerateConstraints,0x002B0530,0x002B0BB8,1672
RwpPipelineUpdateVelocitiesPartitionChunk,0x002B0BB8,0x002B1968,3504
RwpPipelineUpdateVelocities,0x002B1968,0x002B1BE8,640
_rwpObjGetComBSphere,0x002B1BE8,0x002B1D70,392
RwpPipelineObjIsFast,0x002B1D70,0x002B1F4C,476
RwpPipelineUpdatePositions,0x002B1F50,0x002B2BD0,3200
RwpPipelineFindMoving,0x002B2BD0,0x002B2E00,560
RwpPipelineCreate,0x002B2E00,0x002B2E64,100
RwpPipelineDestroy,0x002B2E70,0x002B2EBC,76
FUN_002b2ec0,0x002B2EC0,0x002B2ECC,12
FUN_002b2ee8,0x002B2EE8,0x002B2F24,60
RwpPipelineStepPart2,0x002B2F30,0x002B2FE0,176
FUN_002b2fe8,0x002B2FE8,0x002B3008,32
RwpPartDefInit,0x002B3068,0x002B312C,196
FUN_002b3130,0x002B3130,0x002B314C,28
RwpPartDefSetMassProperties,0x002B3150,0x002B32DC,396
RwpSizesInit,0x002B32E0,0x002B3360,128
FUN_002b3360,0x002B3360,0x002B336C,12
FUN_002b3370,0x002B3370,0x002B337C,12
FUN_002b3380,0x002B3380,0x002B33B0,48
FUN_002b33b0,0x002B33B0,0x002B33C8,24
FUN_002b33c8,0x002B33C8,0x002B33D8,16
RwpInertiaTensorToInertiaMatrix,0x002B33E8,0x002B3628,576
jacobi_update_cols,0x002B3628,0x002B36D4,172
jacobi_update_rows,0x002B36D8,0x002B3788,176
RwpInertiaMatrixJacobi,0x002B3788,0x002B3A38,688
RwpBBoxTransform,0x002B3A40,0x002B3BE0,416
RwpBBoxInverseTransform,0x002B3BE0,0x002B3D80,416
RwpPolynomialRoots,0x002B3D80,0x002B43EC,1644
RwpInertiaMatrixToInertiaTensor,0x002B43F8,0x002B451C,292
RwpBBoxUnion,0x002B4530,0x002B45A0,112
RwpBBoxUnion,0x002B45A0,0x002B4610,112
RwpBBoxOverlapsBBox,0x002B4618,0x002B46A4,140
RwpBBoxForCapsule,0x002B46A8,0x002B4754,172
RwpBBoxAddPoint,0x002B4758,0x002B47F0,152
RwSphereUnion,0x002B47F0,0x002B4948,344
RwSphereAddPoint,0x002B4950,0x002B4A6C,284
RwSphereFromBBox,0x002B4A70,0x002B4B04,148
RwpMatrixIsTM,0x002B4B08,0x002B4B98,144
RwV3dNearestAxis,0x002B4B98,0x002B4BF0,88
RwpNormalize,0x002B4BF8,0x002B4C80,136
RwV3dPerpendicular,0x002B4C80,0x002B4D3C,188
RwpBitTableCreate,0x002B4D70,0x002B4DDC,108
FUN_002b4de0,0x002B4DE0,0x002B4E08,40
rwpMemset,0x002B4E08,0x002B4E98,144
RwpAlignedMalloc,0x002B4E98,0x002B4F04,108
FUN_002b4f08,0x002B4F08,0x002B4F30,40
RwpArthurSolvePartitions,0x002B4F30,0x002B558C,1628
multiply64blockByVector4,0x002B5590,0x002B57B0,544
calcJTransLambda,0x002B57B0,0x002B5FC8,2072
convertArthurJTBlockToArthurJBlock,0x002B5FD0,0x002B6130,352
convertArthurJTtoArthurJ,0x002B6130,0x002B682C,1788
boxInCorner,0x002B6830,0x002B6964,308
findChild,0x002B6968,0x002B6C18,688
RwpFarfieldInitialize,0x002B6C18,0x002B6DD0,440
preInsertGetOverlaps,0x002B6DD0,0x002B7524,1876
RwpFarfieldInsert,0x002B7528,0x002B76FC,468
RwpFarfieldRemove,0x002B7700,0x002B7BE4,1252
SplitTermNode,0x002B7BE8,0x002B7E34,588
NodeInsertObj,0x002B7E38,0x002B800C,468
RwpFarfieldGetBBox,0x002B8010,0x002B8088,120
FUN_002b8090,0x002B8090,0x002B80B0,32
FUN_002b80b0,0x002B80B0,0x002B80CC,28
FUN_002b80d0,0x002B80D0,0x002B80E4,20
RwpOverlapSetAddOverlap,0x002B80F0,0x002B81AC,188
RwpOverlapSetRemoveAllOverlaps,0x002B81B0,0x002B8264,180
RwpOverlapSetSpill,0x002B8268,0x002B8464,508
_rwpOverlapSetInitialize,0x002B8468,0x002B85B4,332
FUN_002b85b8,0x002B85B8,0x002B85CC,20
RwpSolverUtilsStepAcceleration,0x002B85E8,0x002B8A98,1200
rwpInertiaRotate,0x002B8A98,0x002B8D40,680
RwpSolverUtilsCalcInvMworldAndUnconstVel,0x002B8D40,0x002B959C,2140
writeRow,0x002B95A0,0x002B97A8,520
RwpConstraintsEndConstraint,0x002B97A8,0x002B99E4,572
RwpConstraintsAddContactQuad,0x002B99E8,0x002BA500,2840
RwpJointRefFrameToWorld,0x002BA500,0x002BA8E8,1000
RwpJointQuat,0x002BA8E8,0x002BAB00,536
RwpConstraintsAddJoint,0x002BAB00,0x002BD904,11780
_rwpJointCalcNumDriveRows,0x002BD908,0x002BDCDC,980
_rwpJointCalcNumLimitRows,0x002BDCE0,0x002BE14C,1132
RwpConstraintsInit,0x002BE150,0x002BE1BC,108
RwpConstraintsStartPartition,0x002BE1C0,0x002BE214,84
RwpConstraintsEndPartition,0x002BE218,0x002BE288,112
_rwpJointCalcNumRows,0x002BE288,0x002BE340,184
RwpQuaternionFiniteRotation,0x002BE340,0x002BE4BC,380
RwpQuaterionAddSpinVector,0x002BE4C0,0x002BE5E4,292
RwpSolverUtilsStepPositionSingle,0x002BE5E8,0x002BE8F8,784
RwpSolverUtilsStepPosition,0x002BE8F8,0x002BEC8C,916
RwpSolverUtilsStepPositionSparse,0x002BEC90,0x002BF05C,972
RwpSolverUtilsStepVelocity,0x002BF060,0x002BF130,208
_rwpPartitionBucketUnion,0x002BF130,0x002BF374,580
_rwpPartitioning,0x002BF378,0x002BFF9C,3108
_rwpPartitionShutdown,0x002BFFA0,0x002C0588,1512
_rwpPartitionDo,0x002C0588,0x002C06EC,356
FUN_002c06f0,0x002C06F0,0x002C072C,60
_rwpArthurGetPoolableSize,0x002C0730,0x002C07F8,200
RwpArthurAllocate,0x002C07F8,0x002C0B0C,788
_rwpSolverGetPoolableSize,0x002C0B10,0x002C0C44,308
RwpSolverAllocate,0x002C0C48,0x002C1274,1580
FUN_002c1278,0x002C1278,0x002C1280,8
RwpArthurDataInit,0x002C1280,0x002C12DC,92
RwpSolverInputInit,0x002C12E0,0x002C1324,68
preConRap,0x002C1328,0x002C1428,256
preconditionInput,0x002C1428,0x002C1FB8,2960
validate,0x002C1FB8,0x002C207C,196
merge,0x002C2080,0x002C21D8,344
splitQuad,0x002C21D8,0x002C2554,892
RwpMatrixCap,0x002C2560,0x002C4C78,10008
RwpMatrixCapAllocate,0x002C4C78,0x002C4D00,136
_rwpMatrixCapGetPoolableSize,0x002C4D00,0x002C4D58,88
RwpBatchAllocate,0x002C4D78,0x002C4EF8,384
_rwpBatchMain,0x002C4EF8,0x002C54F8,1536
_rwpBatchGetPoolableSize,0x002C54F8,0x002C5548,80
RwpBatchDeallocate,0x002C5548,0x002C55E4,156
_rwpBatchConvertTriangles,0x002C55E8,0x002C5988,928
_rwpRefineVolume,0x002C5988,0x002C604C,1732
_rwpRefine,0x002C6050,0x002C64FC,1196
_rwpRefineIter,0x002C6500,0x002C6750,592
_rwpCollDetect,0x002C6750,0x002C6C8C,1340
_rwpGetFeaturePair,0x002C6C90,0x002C6D58,200
_rwpAddPointToQuad,0x002C6D58,0x002C6E68,272
_rwpRemoveSmallest,0x002C6E68,0x002C7358,1264
_rwpBestFourPoints,0x002C7358,0x002C7E08,2736
_rwpQuadFromFP,0x002C7E08,0x002C80B8,688
_rwpGenerateQuads,0x002C80B8,0x002C85FC,1348
_rwpBatchAutoEdgeCulling,0x002C8600,0x002C9084,2692
_rwpQuadSimplify,0x002C9088,0x002CAE00,7544
RwpSafetimeTest,0x002CAE00,0x002CBC20,3616
RwpBatchSafetime,0x002CBC20,0x002CC038,1048
_rwpPolyPoint,0x002CC038,0x002CC388,848
_rwpSegmentSegment,0x002CC388,0x002CC7B0,1064
_rwpFindSeparatingAxis,0x002CC7B0,0x002CD12C,2428
_rwpAddPoint,0x002CD130,0x002CD308,472
RwpNearestFeatures,0x002CD308,0x002CECCC,6596
RwpGPIntersect,0x002CECD0,0x002CF03C,876
RwpGJKFindFeatures,0x002CF040,0x002CF0C0,128
RwpGjkBothConvexComputeSupport,0x002CF0C0,0x002D0164,4260
RwpGjkComputeSupport,0x002D0168,0x002D0308,416
RwpGjkMain,0x002D0308,0x002D06E8,992
RwpEstimateMinOverlap,0x002D06E8,0x002D10F4,2572
RwpGJKIntersect,0x002D10F8,0x002D15F8,1280
RwpGJKFindFeatures,0x002D15F8,0x002D1678,128
_rwpGridDataQueryBBox,0x002D1678,0x002D1C34,1468
RwpGridGetHashData,0x002D1C38,0x002D20D4,1180
RwpGridRestore,0x002D20D8,0x002D2950,2168
RwpGridTerm,0x002D2950,0x002D2A50,256
FUN_002d2a60,0x002D2A60,0x002D2A78,24
FUN_002d2a78,0x002D2A78,0x002D2A98,32
_rwpGridGetMassProperties,0x002D2AC8,0x002D2B84,188
_rwpGridGetBBox,0x002D2B88,0x002D2BD4,76
_rwpGridGetMinimumWidth,0x002D2BF8,0x002D2CD0,216
_rwpFixedVolumeGetFixedPairs,0x002D2CD8,0x002D2F74,668
RwpFixedVolumeGenerateContacts,0x002D2F78,0x002D31D0,600
RwpFixedVolumeSafetime,0x002D31D0,0x002D3264,148
_rwpTriangleGetBSphere,0x002D3268,0x002D33E4,380
_rwpTriangleGetBBox,0x002D33E8,0x002D3828,1088
_rwpTriangleGetMaximumFeature,0x002D3828,0x002D3CB8,1168
_rwpTriangleGetUniqueDirections,0x002D3CB8,0x002D4014,860
LineSegIntersectsTube,0x002D4018,0x002D424C,564
TrianglePointSameSide,0x002D4250,0x002D4358,264
_rwpTriangleLineSegIntersect,0x002D4358,0x002D485C,1284
FUN_002d4870,0x002D4870,0x002D4878,8
_rwpTriangleGetMassProperties,0x002D4878,0x002D4914,156
_rwpTriangleMaximumPoint,0x002D4918,0x002D4A0C,244
_rwpTriangleGetDirectionalExtent,0x002D4A10,0x002D4B30,288
RwpGPPS2Initialize,0x002D4B40,0x002D4E30,752
_rwpVolumeGetBBox_micro,0x002D4E38,0x002D4EB4,124
RwpVolumeGetBBox_micro,0x002D4EB8,0x002D4FB0,248
RwpGjkPS2SPRFetch,0x002D4FB0,0x002D5298,744
FUN_002d52a0,0x002D52A0,0x002D52AC,12
FUN_002d52b0,0x002D52B0,0x002D52D0,32
FUN_002d52d0,0x002D52D0,0x002D52E4,20
RwpFrictionHashCreate,0x002D52E8,0x002D549C,436
RwpFrictionHashUpdateHash,0x002D54A0,0x002D5750,688
RwpFrictionHashUpdateQuads,0x002D5750,0x002D5938,488
_rwpFrictionHashGetSize,0x002D5938,0x002D5998,96
_rwpSkySprPMalloc,0x002D59D0,0x002D5A40,112
_rwpSkySprPAlignedMalloc,0x002D5A40,0x002D5AA8,104
FUN_002d5aa8,0x002D5AA8,0x002D5AB4,12
RwpLoadMProgram,0x002D5AB8,0x002D5B54,156
_rwpRotateTensor,0x002D5B58,0x002D5DF4,668
_rwpVolumeListGetMassProperties,0x002D5DF8,0x002D6424,1580
FUN_002d6428,0x002D6428,0x002D6448,32
RwpAggregateInit,0x002D6448,0x002D6494,76
RwpAggregateSetAggChildren,0x002D6498,0x002D64E8,80
FUN_002d64e8,0x002D64E8,0x002D64F0,8
_rwpAggregateGetBSphere,0x002D64F0,0x002D6544,84
_rwpGridGetMassProperties,0x002D6548,0x002D6604,188
_rwpAggregateGetBBox,0x002D6608,0x002D6668,96
FUN_002d6668,0x002D6668,0x002D6684,28
FUN_002d6698,0x002D6698,0x002D66B4,28
_rwpAggregateGetMinimumWidth,0x002D66B8,0x002D6774,188
_rwpAggregateLineSegIntersect,0x002D6778,0x002D68C4,332
RwpAggChildrenUpdate,0x002D68C8,0x002D6B20,600
RwpAggChildrenCreate,0x002D6B20,0x002D6CB0,400
RwpAggChildrenDestroy,0x002D6CB0,0x002D6D44,148
FUN_002d6d50,0x002D6D50,0x002D6D64,20
FUN_002d6d68,0x002D6D68,0x002D6D70,8
FUN_002d6d70,0x002D6D70,0x002D6D84,20
RwpAggChildrenMaximumPoint,0x002D6D88,0x002D6ED8,336
FUN_002d6ee0,0x002D6EE0,0x002D6F10,48
FUN_002d6f98,0x002D6F98,0x002D6FC4,44
RwpBodyUpdateBBox,0x002D6FC8,0x002D7014,76
RwpBodyUpdateGraphicsTransforms,0x002D7018,0x002D70C4,172
_vRwpBodyActivate,0x002D70C8,0x002D7140,120
_vRwpBodyDeactivate,0x002D7140,0x002D7188,72
RwpBodyCreate,0x002D7188,0x002D71DC,84
FUN_002d71e0,0x002D71E0,0x002D7218,56
RwpBodyInit,0x002D7218,0x002D728C,116
FUN_002d7290,0x002D7290,0x002D72C0,48
RwpBodySetDef,0x002D72C0,0x002D7310,80
RwpSizesAddBodySpace,0x002D7310,0x002D7370,96
RwpBodyDefCreate,0x002D7378,0x002D73C4,76
RwpBodyDefDestroy,0x002D73C8,0x002D740C,68
RwpBodyDefInit,0x002D7410,0x002D7468,88
RwpBodyDefTerm,0x002D7468,0x002D74AC,68
RwpBodyDefStreamRead,0x002D74B0,0x002D7570,192
REC_002d7588,0x002D7588,0x002D75A4,28
FUN_002d75a8,0x002D75A8,0x002D75C4,28
FUN_002d75c8,0x002D75C8,0x002D75E4,28
RwpBodyGraphicsPluginAttach,0x002D75F0,0x002D7640,80
RpAtomicSetBody,0x002D7640,0x002D76BC,124
FUN_002d76c0,0x002D76C0,0x002D76FC,60
_vRwpGenericActivate,0x002D7728,0x002D7CE0,1464
RwpGenericUpdateGraphicsTransforms,0x002D7CE0,0x002D7E80,416
RwpGenericCalcBBox,0x002D7E80,0x002D7F5C,220
RwpRagdollUpdateBBox,0x002D7F60,0x002D804C,236
_vRwpGenericDeactivate,0x002D8050,0x002D8128,216
RwpGenericDefInit,0x002D8150,0x002D84C0,880
_vRwpGenericDefDeserialize,0x002D84C0,0x002D86F4,564
RwpBodyDefDestroy,0x002D8700,0x002D8744,68
RwpGenericDefTerm,0x002D8748,0x002D8828,224
RwpRagdollDefStreamRead,0x002D8868,0x002D88DC,116
FUN_002d88e8,0x002D88E8,0x002D8908,32
GenericGraphicsPluginUpdateGraphicsTransforms,0x002D8908,0x002D8948,64
REC_002d8950,0x002D8950,0x002D896C,28
FUN_002d8970,0x002D8970,0x002D898C,28
FUN_002d8990,0x002D8990,0x002D89AC,28
FUN_002d89b0,0x002D89B0,0x002D8F68,1464
RwpGenericUpdateGraphicsTransforms,0x002D8F68,0x002D9108,416
RwpGenericCalcBBox,0x002D9108,0x002D91E4,220
RwpRagdollUpdateBBox,0x002D91E8,0x002D92D4,236
_vRwpGenericDeactivate,0x002D92D8,0x002D93B0,216
RwpSizesAddRagdollSpace,0x002D93C8,0x002D9444,124
RwpRagdollDefInit,0x002D9450,0x002D9750,768
_vRwpRagdollDefDeserialize,0x002D9758,0x002D99CC,628
RwpBodyDefDestroy,0x002D99D8,0x002D9A1C,68
RwpGenericDefTerm,0x002D9A20,0x002D9B00,224
RwpRagdollDefStreamRead,0x002D9B00,0x002D9B74,116
REC_002d9bc8,0x002D9BC8,0x002D9BE4,28
FUN_002d9be8,0x002D9BE8,0x002D9C04,28
FUN_002d9c08,0x002D9C08,0x002D9C24,28
GenericGraphicsPluginUpdateGraphicsTransforms,0x002D9C48,0x002D9C88,64
_rwaObjHandleOpenModule,0x002D9C98,0x002D9CF4,92
_rwaObjHandleCloseModule,0x002D9CF8,0x002D9D4C,84
RwaObjHandleCreateUsingObj,0x002D9D58,0x002D9E94,316
RwaObjHandleRelease,0x002D9E98,0x002D9FAC,276
RwaObjHandleSetParamData,0x002D9FB0,0x002D9FFC,76
RwaObjHandleSetParamUInt32,0x002DA008,0x002DA060,88
RwaObjHandleSetParamUInt32,0x002DA060,0x002DA0B8,88
RwaObjHandleSetParamPointer,0x002DA0B8,0x002DA110,88
RwaObjHandleSetParamReal,0x002DA110,0x002DA168,88
RwaObjHandleGetParamUInt32,0x002DA188,0x002DA1FC,116
RwaObjHandleGetParamUInt32,0x002DA200,0x002DA274,116
RwaObjHandleGetParamUInt32,0x002DA290,0x002DA304,116
_RwaObjHandleAlloc,0x002DA310,0x002DA35C,76
FUN_002da360,0x002DA360,0x002DA394,52
RwaObjCreate,0x002DA398,0x002DA6A4,780
_RwaObjInit,0x002DA6A8,0x002DA7FC,340
RwaObjDisconnectParamIndex,0x002DA808,0x002DA988,384
_rwaObjOpenModule,0x002DA988,0x002DAA28,160
_rwaObjCloseModule,0x002DAA28,0x002DAA68,64
_rwaObjCreateCallback,0x002DAA68,0x002DAACC,100
RwaObjDestroy,0x002DAAD0,0x002DABC4,244
_rwaObjCalcSize,0x002DABC8,0x002DAC64,156
RwaObjEnum,0x002DAC68,0x002DACD0,104
_rwaObjStartExecute,0x002DACF0,0x002DAD84,148
_rwaObjStartExecute,0x002DAD88,0x002DAE1C,148
FUN_002dae20,0x002DAE20,0x002DAE28,8
_RwaObjDisconnectAll,0x002DAE90,0x002DAF18,136
RwaObjInterfaceAttach,0x002DAF28,0x002DB208,736
_rwaObjInterfaceDefSupported,0x002DB208,0x002DB368,352
_rwaObjInterfaceOpenModule,0x002DB370,0x002DB3CC,92
_rwaObjInterfaceCloseModule,0x002DB3D0,0x002DB430,96
_rwaObjInterfaceRegister,0x002DB430,0x002DB49C,108
RwaObjInterfaceRemove,0x002DB4A8,0x002DB50C,100
RwaObjInterfaceDefAssignID,0x002DB510,0x002DB550,64
RwaObjInterfaceDefCreate,0x002DB550,0x002DB5F8,168
RwaObjInterfaceDefDestroy,0x002DB5F8,0x002DB704,268
RwaObjInterfaceDefFindByUUID,0x002DB710,0x002DB790,128
RwaObjInterfaceDefSetup,0x002DB7B8,0x002DB94C,404
RwaParamTypeCreateAtomic,0x002DB958,0x002DBB7C,548
RwaParamTypeDestroy,0x002DBB80,0x002DBD10,400
_rwaParamTypeOpenModule,0x002DBD10,0x002DBE64,340
_rwaParamTypeCreateByTypeDefs,0x002DBE68,0x002DC110,680
_rwaParamTypeCloseModule,0x002DC138,0x002DC1D8,160
_rwaParamTypeHandleRefreshType,0x002DC1D8,0x002DC230,88
FUN_002dc230,0x002DC230,0x002DC258,40
FUN_002dc258,0x002DC258,0x002DC28C,52
_RwaParamTypeFree,0x002DC290,0x002DC368,216
FUN_002dc368,0x002DC368,0x002DC37C,20
FUN_002dc380,0x002DC380,0x002DC394,20
FUN_002dc398,0x002DC398,0x002DC3D4,60
_rwaSymbolTableRemoveParamType,0x002DC3D8,0x002DC424,76
_rwaSymbolTableFindParamTypeByUUID,0x002DC428,0x002DC498,112
FUN_002dc498,0x002DC498,0x002DC4D0,56
_rwaSymbolTableFindParamTypeByIndex,0x002DC4D0,0x002DC520,80
FUN_002dc520,0x002DC520,0x002DC528,8
_rwaMemoryOpen,0x002DC528,0x002DC5A0,120
FUN_002dc5a0,0x002DC5A0,0x002DC5C4,36
FUN_002dc5c8,0x002DC5C8,0x002DC5EC,36
FUN_002dc5f8,0x002DC5F8,0x002DC61C,36
_rwaMallocAligned,0x002DC620,0x002DC660,64
FUN_002dc660,0x002DC660,0x002DC67C,28
FUN_002dc680,0x002DC680,0x002DC69C,28
FUN_002dc6a0,0x002DC6A0,0x002DC6BC,28
hcalloc,0x002DC6C0,0x002DC70C,76
RwaSizeOf,0x002DC710,0x002DC834,292
_rwaCoreOpen,0x002DC838,0x002DC954,284
FUN_002dc958,0x002DC958,0x002DC994,60
FUN_002dc998,0x002DC998,0x002DC9D0,56
FUN_002dc9d0,0x002DC9D0,0x002DC9F4,36
FUN_002dca08,0x002DCA08,0x002DCA10,8
RwaCoreRegisterDefaultObjects,0x002DCA10,0x002DCA90,128
FUN_002dca90,0x002DCA90,0x002DCAB4,36
_RwaCoreOpenPlatform,0x002DCAB8,0x002DCB34,124
FUN_002dcb38,0x002DCB38,0x002DCB6C,52
_RwaCoreOpenModuleCallback,0x002DCB70,0x002DCBC0,80
FUN_002dcbc0,0x002DCBC0,0x002DCBF0,48
_rwaWaveDictStreamRead,0x002DCBF0,0x002DD210,1568
_rwaWaveDictOpenModule,0x002DD210,0x002DD2C0,176
_rwaWaveDictCloseModule,0x002DD2C0,0x002DD334,116
_rwaWaveDictCreate,0x002DD338,0x002DD3D8,160
RwaWaveDictDestroy,0x002DD3D8,0x002DD4C8,240
RwaObjInterfaceDefAssignID,0x002DD4D0,0x002DD510,64
RwaWaveDictUsingAllWaveDef,0x002DD510,0x002DD568,88
FUN_002dd578,0x002DD578,0x002DD5AC,52
RwaWaveDictFindWaveByName,0x002DD5B0,0x002DD62C,124
RwaWaveDictAddWave,0x002DD648,0x002DD6B0,104
FUN_002dd6b8,0x002DD6B8,0x002DD6C0,8
_rwaWaveDictRemoveAllWave,0x002DD6C8,0x002DD71C,84
_rwaWaveDictCreateFromPack,0x002DD720,0x002DD7D4,180
_RwaWaveDictFree,0x002DD7E0,0x002DD83C,92
RwaWaveFormatGetFrameSize,0x002DD840,0x002DD96C,300
_rwaWaveFormatSerialize,0x002DD970,0x002DDCC0,848
RwaWaveFormatGetSamplesPerAudioFrame,0x002DDCC0,0x002DDE88,456
RwaWaveFormatCompare,0x002DDE88,0x002DDF08,128
RwaWaveFormatGetSamples,0x002DDF08,0x002DE044,316
_rwaWaveDefFormatCopyToWaveFormat,0x002DE048,0x002DE0CC,132
RwaWaveDefFormatWaveFormatCompare,0x002DE0D0,0x002DE168,152
_rwaWaveFormatFreeMiscData,0x002DE168,0x002DE1B4,76
FUN_002de1c0,0x002DE1C0,0x002DE1EC,44
_rwaWaveFormatFindUUID,0x002DE1F0,0x002DE25C,108
RwaWaveDefAssignID,0x002DE260,0x002DE2B0,80
RwaWaveDefCreate,0x002DE2B0,0x002DE38C,220
RwaWaveDefDestroy,0x002DE390,0x002DE440,176
FUN_002de448,0x002DE448,0x002DE484,60
RwaWaveDefAssignSupportedFormats,0x002DE488,0x002DE500,120
_rwaWaveDefIsTargetFormatSupported,0x002DE508,0x002DE610,264
_rwaWaveDefOpenModule,0x002DE610,0x002DE660,80
_rwaWaveDefCloseModule,0x002DE660,0x002DE6A0,64
_rwaObjInterfaceRegister,0x002DE6A8,0x002DE714,108
_rwaWaveDefFindByObjCallback,0x002DE720,0x002DE764,68
_RwaWaveDefDestroyCallback,0x002DE768,0x002DE7B8,80
_RwaWaveDefFindByUUIDCallback,0x002DE7B8,0x002DE830,120
RwaWaveCreate,0x002DE830,0x002DEBB0,896
_rwaWaveStreamRead,0x002DEBB8,0x002DF0D8,1312
_rwaWaveCreateFromPack,0x002DF0E0,0x002DF4F0,1040
RwaWaveDestroy,0x002DF500,0x002DF5AC,172
FUN_002df5c0,0x002DF5C0,0x002DF5F4,52
_rwaUniqueIDModuleOpen,0x002DF608,0x002DF658,80
FUN_002df658,0x002DF658,0x002DF67C,36
_RwaWaveFree,0x002DF680,0x002DF6E8,104
_HexString2UInt8,0x002DF6E8,0x002DF810,296
FUN_002df818,0x002DF818,0x002DF844,44
FUN_002df848,0x002DF848,0x002DF87C,52
_rwaUniqueIDModuleOpen,0x002DF880,0x002DF8D0,80
FUN_002df8d0,0x002DF8D0,0x002DF8F4,36
_rwaUniqueIDAssignUUID,0x002DF900,0x002DF94C,76
_rwaUniqueIDAssignUUID,0x002DF950,0x002DF99C,76
FUN_002df9a0,0x002DF9A0,0x002DF9D0,48
_rwaUniqueIDFreeName,0x002DF9D0,0x002DFA2C,92
_rwaUniqueIDFreeUUID,0x002DFA30,0x002DFA90,96
FUN_002dfa90,0x002DFA90,0x002DFAA4,20
_rwaUUIDSerialize,0x002DFAA8,0x002DFB74,204
_rwaVoiceManagerUpdate,0x002DFB80,0x002DFEDC,860
RwaVoiceManagerRegister,0x002DFEE0,0x002E011C,572
_RwaVoiceManagerStartVoice,0x002E0120,0x002E02B4,404
_RwaVoiceManagerReInsertVoice,0x002E02B8,0x002E0570,696
RwaVoiceManagerRegisterVoice,0x002E0570,0x002E05B4,68
RwaVoiceManagerUpdateVoice,0x002E05B8,0x002E06F8,320
FUN_002e06f8,0x002E06F8,0x002E0734,60
FUN_002e0738,0x002E0738,0x002E0758,32
_rwaVoiceManagerUpdateTimeStamp,0x002E0758,0x002E0824,204
RwaVoiceManagerUnregister,0x002E0828,0x002E08B8,144
_RwaVoiceManagerStopVoice,0x002E08C0,0x002E09B8,248
RwaFreeListAlloc,0x002E09C8,0x002E0B6C,420
RwaFreeListFree,0x002E0B70,0x002E0CB8,328
_rwaFreeListModuleOpen,0x002E0CB8,0x002E0D38,128
_rwMemoryClose,0x002E0D38,0x002E0D84,76
RwaFreeListCreate,0x002E0D88,0x002E0F08,384
RwaFreeListDestroy,0x002E0F08,0x002E0FC0,184
_RwaFreeListFree,0x002E0FC8,0x002E1068,160
RwaLListAddData,0x002E1068,0x002E10D0,104
RwaLListRemoveData,0x002E10D0,0x002E1148,120
FUN_002e1150,0x002E1150,0x002E1188,56
RwaLListEmpty,0x002E1188,0x002E11FC,116
_rwaLListModuleOpen,0x002E1210,0x002E1260,80
FUN_002e1260,0x002E1260,0x002E1284,36
RwaV3dLength,0x002E1288,0x002E1330,168
RwaMemReverse,0x002E1330,0x002E1374,68
RwaMemEndianSwap,0x002E1378,0x002E1438,192
RwaEndianCopy,0x002E1438,0x002E14E8,176
FUN_002e14e8,0x002E14E8,0x002E1524,60
RwaHeapCreate,0x002E1528,0x002E162C,260
RwaHeapDestroy,0x002E1630,0x002E16B4,132
RwaHeapAlloc,0x002E16B8,0x002E1788,208
RwaHeapFree,0x002E1788,0x002E1858,208
FUN_002e1860,0x002E1860,0x002E1878,24
RwaHeapBlockAlloc,0x002E1878,0x002E193C,196
RwaHeapBlockFree,0x002E1940,0x002E1998,88
RwaHeapBlockCreate,0x002E1998,0x002E19F8,96
FUN_002e19f8,0x002E19F8,0x002E1A14,28
_rwaObjInterfaceOpenModule,0x002E1A18,0x002E1A74,92
_rwaHeapModuleClose,0x002E1A78,0x002E1AC4,76
_RwaHeapAddBlock,0x002E1AC8,0x002E1B20,88
FUN_002e1b20,0x002E1B20,0x002E1B54,52
_rwaRwStreamReadChunkHeaderInfoSync,0x002E1B60,0x002E1C0C,172
_rwaRwStreamFindChunkSync,0x002E1C18,0x002E1D68,336
RwaStreamInterfaceRegister,0x002E1D68,0x002E1DD8,112
FUN_002e1dd8,0x002E1DD8,0x002E1DF8,32
RwaStreamInterfaceRegister,0x002E1DF8,0x002E1E68,112
FUN_002e1e68,0x002E1E68,0x002E1E88,32
RwaStreamInterfaceRegister,0x002E1E88,0x002E1EF8,112
FUN_002e1ef8,0x002E1EF8,0x002E1F18,32
RwaStreamInterfaceRegister,0x002E1F18,0x002E1F88,112
_RwaVirtualVoiceRegisterCommon,0x002E1F88,0x002E20F4,364
FUN_002e20f8,0x002E20F8,0x002E2130,56
RwaListenerUnregister,0x002E2130,0x002E2170,64
RwaListenerRegisterUsingInterface,0x002E2170,0x002E2224,180
_rwaVirtualVoiceSetTrigger,0x002E2238,0x002E2280,72
_rwaVirtualVoiceSetWave,0x002E2288,0x002E230C,132
_RwaVirtualVoiceCreate,0x002E2310,0x002E23C4,180
_RwaVirtualVoiceDestroy,0x002E23C8,0x002E2414,76
_RwaVirtualVoiceStartExecute,0x002E2418,0x002E2494,124
_RwaVirtualVoiceSetPos,0x002E24E8,0x002E253C,84
_RwaVirtualVoiceSetVel,0x002E2568,0x002E25BC,84
_RwaVirtualVoiceSetMinDistance,0x002E25E8,0x002E262C,68
_RwaVirtualVoiceSetMinDistance,0x002E2640,0x002E2684,68
_RwaVirtualVoiceSetMinDistance,0x002E2698,0x002E26DC,68
_RwaVirtualVoiceSetMinDistance,0x002E26F0,0x002E2734,68
_RwaVirtualVoiceSetTrigger,0x002E2748,0x002E2798,80
_RwaVirtualVoiceSetWavePos,0x002E27B0,0x002E27F4,68
_RwaVirtualVoiceGetWavePos,0x002E27F8,0x002E2864,108
_RwaVirtualVoiceSetLoop,0x002E2868,0x002E28D0,104
_RwaVirtualVoiceSetWave,0x002E28E8,0x002E297C,148
_RwaVirtualVoiceSetMinDistance,0x002E2990,0x002E29D4,68
_RwaVirtualVoiceSetMinDistance,0x002E29F8,0x002E2A3C,68
_RwaListenerRegisterCommon,0x002E2A50,0x002E2B9C,332
_rwaListenerCalculateVoiceAttributes,0x002E2BA0,0x002E30C8,1320
FUN_002e30c8,0x002E30C8,0x002E3100,56
RwaListenerUnregister,0x002E3100,0x002E3140,64
RwaListenerRegisterUsingInterface,0x002E3140,0x002E31F4,180
_RwaListenerCreate,0x002E3210,0x002E3330,288
_RwaListenerSetOrientation,0x002E33E0,0x002E343C,92
_RwaListenerGetOrientation,0x002E3440,0x002E3494,84
_RwaListenerSetUp,0x002E3498,0x002E350C,116
_RwaListenerSetUp,0x002E3538,0x002E35AC,116
_rwaNULLWaveRegister,0x002E3690,0x002E3718,136
FUN_002e3718,0x002E3718,0x002E373C,36
_RwaNULLWaveCreate,0x002E3740,0x002E37D0,144
FUN_002e37d0,0x002E37D0,0x002E37F8,40
FUN_002e37f8,0x002E37F8,0x002E3830,56
FUN_002e3830,0x002E3830,0x002E386C,60
REC_002e3880,0x002E3880,0x002E38A0,32
FUN_002e38a0,0x002E38A0,0x002E38BC,28
FUN_002e38c0,0x002E38C0,0x002E38E8,40
RwaTimerStop,0x002E38E8,0x002E3930,72
FUN_002e3930,0x002E3930,0x002E393C,12
FUN_002e3940,0x002E3940,0x002E3948,8
_rwaObjDefOpenModule,0x002E3948,0x002E3A88,320
_RwaObjDefInit,0x002E3A88,0x002E3B88,256
RwaObjDefDestroy,0x002E3B88,0x002E3D64,476
RwaObjDefSetupParams,0x002E3D68,0x002E3F04,412
_RwaObjDefInitParam,0x002E3F08,0x002E400C,260
RwaObjDefCreate,0x002E4020,0x002E41B4,404
RwaObjDefSetInterface,0x002E41B8,0x002E420C,84
RwaObjDefAssignID,0x002E4210,0x002E4254,68
_rwaObjDefFindByUUID,0x002E4258,0x002E42C4,108
FUN_002e42c8,0x002E42C8,0x002E42F8,48
_rwaObjDefCloseModule,0x002E4318,0x002E4368,80
_rwaObjInterfaceRegister,0x002E4368,0x002E43D4,108
_rwaObjDefEnum,0x002E43E0,0x002E44F4,276
_rwaObjDefCreateInstanceAllocator,0x002E44F8,0x002E45BC,196
_rwaObjDefAllocObj,0x002E45C0,0x002E4620,96
_rwaObjDefFreeObj,0x002E4620,0x002E4724,260
_RwaObjDefFree,0x002E4728,0x002E47C0,152
_RwaObjDefParamsFree,0x002E47C0,0x002E489C,220
FUN_002e48a0,0x002E48A0,0x002E48C4,36
_RwaWaveConvFindPath,0x002E48D8,0x002E4C58,896
_rwaWaveConvGetOffsetLength,0x002E4C60,0x002E4EAC,588
_rwaWaveConv,0x002E4EB0,0x002E528C,988
_RwaWaveConvOffsetPCM,0x002E5290,0x002E5494,516
_RwaWaveConvChannelPCM,0x002E5498,0x002E58AC,1044
_RwaWaveConvResamplePCM,0x002E58B0,0x002E5DDC,1324
_RwaWaveConvBitDepthPCM,0x002E5DE0,0x002E6430,1616
_RwaWaveConvPCM,0x002E6430,0x002E6728,760
_RwaWaveConvGCNADPCM,0x002E6728,0x002E6AF0,968
_RwaWaveConvGCNADPCMEncodeHeader,0x002E6AF0,0x002E6D54,612
_RwaWaveConvGCNADPCMEncode,0x002E6D58,0x002E72EC,1428
_RwaWaveConvGCNADPCMDecode,0x002E72F0,0x002E7518,552
_RwaWaveConvVAG,0x002E7518,0x002E7884,876
_RwaWaveConvVAGEncodeBlock,0x002E7888,0x002E7BE4,860
_RwaWaveConvXBoxADPCM,0x002E7BE8,0x002E7FE0,1016
_rwaWaveConvXADPCMDecodeStereo,0x002E7FE0,0x002E8164,388
FUN_002e8168,0x002E8168,0x002E8194,44
FUN_002e8198,0x002E8198,0x002E81B8,32
_RwaWaveConvPCMFloat,0x002E81B8,0x002E82EC,308
_RwaWaveConvVAGEncode,0x002E82F0,0x002E84B8,456
_RwaWaveConvVAGDecode,0x002E84B8,0x002E85C4,268
_RwaWaveConvVAGGCNADPCM,0x002E85C8,0x002E86B8,240
_RwaWaveConvVAGGCNADPCMTranscode,0x002E86B8,0x002E8770,184
_RwaWaveConvXBoxADPCMEncode,0x002E8770,0x002E87DC,108
_RwaWaveConvXBoxADPCMDecode,0x002E87E0,0x002E8854,116
_rwaWaveConvXADPCMDecodeSample,0x002E8858,0x002E8918,192
_rwaWaveConvXADPCMDecodeMono,0x002E8918,0x002E8A3C,292
_rwaWaveConvXADPCMEncodeSample,0x002E8A40,0x002E8B58,280
_rwaWaveConvXADPCMEncodeMono,0x002E8B58,0x002E8C84,300
FUN_002e8c88,0x002E8C88,0x002E8C90,8
RwaStreamInterfaceRegister,0x002E8C90,0x002E8D00,112
FUN_002e8d00,0x002E8D00,0x002E8D20,32
RwaStreamInterfaceRegister,0x002E8D20,0x002E8D90,112
FUN_002e8d90,0x002E8D90,0x002E8DB0,32
RwaObjDefAliasDestroy,0x002E8DC0,0x002E8E04,68
RwaRPCOpen,0x002E8E18,0x002E9014,508
_RwaRPCProcessSystemCommand,0x002E9018,0x002E91C8,432
RwaRPCTransfer,0x002E91C8,0x002E9444,636
RwaSifCmdInit,0x002E9448,0x002E94D4,140
RwaRPCClose,0x002E94D8,0x002E9554,124
FUN_002e9558,0x002E9558,0x002E9564,12
_RwaRPCSifIntHandler,0x002E9568,0x002E95E8,128
_RwaRPCUpdateThread,0x002E95E8,0x002E96A4,188
FUN_002e96a8,0x002E96A8,0x002E9818,368
_RwaSPU2StreamCreate,0x002E9818,0x002E9AA4,652
_RwaSPU2StreamFinishExecute,0x002E9AA8,0x002E9C30,392
_rwaSPU2StreamSetStreamPos,0x002E9C30,0x002E9D94,356
_rwaSPU2StreamGetSegmentInfo,0x002E9D98,0x002E9F48,432
FUN_002e9f48,0x002E9F48,0x002E9F80,56
RwaSPU2StreamRegisterUsingInterface,0x002E9F80,0x002EA024,164
FUN_002ea028,0x002EA028,0x002EA044,28
_rwaSPU2StreamSetMedia,0x002EA048,0x002EA144,252
FUN_002ea148,0x002EA148,0x002EA164,28
FUN_002ea168,0x002EA168,0x002EA194,44
FUN_002ea198,0x002EA198,0x002EA1A0,8
_rwaSPU2StreamSetStreamGain,0x002EA1A0,0x002EA214,116
_RwaSPU2StreamDestroy,0x002EA220,0x002EA274,84
FUN_002ea290,0x002EA290,0x002EA2BC,44
_RwaSPU2StreamGetStreamPos,0x002EA2C0,0x002EA374,180
FUN_002ea378,0x002EA378,0x002EA3A8,48
_RwaSPU2StreamSetMedia,0x002EA3A8,0x002EA4AC,260
FUN_002ea4b0,0x002EA4B0,0x002EA4E0,48
_RwaSPU2StreamSetStreamGain,0x002EA538,0x002EA5B0,120
_RwaSPU2StreamSetPitch,0x002EA5C0,0x002EA614,84
_RwaSPU2StreamGetNoSegments,0x002EA638,0x002EA6E0,168
FUN_002ea6e0,0x002EA6E0,0x002EA70C,44
_RwaSPU2StreamGetSubStreamInfo,0x002EA710,0x002EA7C0,176
RwaSPU2RegisterUsingInterface,0x002EA7C0,0x002EA830,112
RwaSPU2OutputCmdHandler,0x002EA838,0x002EAB34,764
_RwaSPU2OutputRegisterCommon,0x002EAB38,0x002EACB4,380
_RwaSPU2OutputCreate,0x002EACB8,0x002EAF94,732
_RwaSPU2OutputFinishExecute,0x002EAF98,0x002EB0E8,336
_rwaSPU2OutputSetEnvironment,0x002EB0E8,0x002EB334,588
_RwaSPU2OutputAllocateHWVoice,0x002EB338,0x002EB608,720
_RwaSPU2OutputAllocateHWVoiceNumber,0x002EB608,0x002EB778,368
_RwaSPU2OutputFreeHWVoice,0x002EB778,0x002EB964,492
_RwaSPU2OutputFreeHWVoiceNumber,0x002EB968,0x002EB9F4,140
FUN_002eb9f8,0x002EB9F8,0x002EBA30,56
RwaListenerUnregister,0x002EBA38,0x002EBA78,64
RwaListenerRegisterUsingInterface,0x002EBA78,0x002EBB2C,180
_rwaSPU2OutputIOPCoreOpen,0x002EBB30,0x002EBB90,96
RwaPS2SetIOPFileInterface,0x002EBB90,0x002EBBDC,76
_rwaSPU2OutputSetMixerCallback,0x002EBBE0,0x002EBD0C,300
RwaSPU2HWResourceDMAChannelLock,0x002EBD20,0x002EBD70,80
RwaSPU2HWResourceDMAChannelLock,0x002EBD70,0x002EBDC0,80
RwaSPU2HWResourcePCMInputLock,0x002EBDC0,0x002EBE4C,140
RwaSPU2HWResourcePCMInputUnlock,0x002EBE50,0x002EBE9C,76
_RwaSPU2OutputDestroy,0x002EBEA8,0x002EBFAC,260
FUN_002ec0a0,0x002EC0A0,0x002EC0CC,44
_RwaSPU2OutputGetEnvironment,0x002EC0D0,0x002EC13C,108
_RwaSPU2OutputSetMixerCallback,0x002EC160,0x002EC29C,316
_RwaSPU2OutputGetFreeVoice,0x002EC2D0,0x002EC360,144
RwaSPU2OutputTickUpdate,0x002EC360,0x002EC448,232
RwaStreamInterfaceRegister,0x002EC448,0x002EC4B8,112
FUN_002ec4b8,0x002EC4B8,0x002EC4D8,32
FUN_002ec4d8,0x002EC4D8,0x002EC650,376
_RwaSPU2VoiceFinishExecute,0x002EC650,0x002ECDF0,1952
_RwaSPU2VoiceSetLRVol,0x002ECDF0,0x002ED000,528
FUN_002ed000,0x002ED000,0x002ED038,56
RwaListenerUnregister,0x002ED038,0x002ED078,64
FUN_002ed078,0x002ED078,0x002ED144,204
FUN_002ed180,0x002ED180,0x002ED1A4,36
_RwaSPU2VoiceCreate,0x002ED1B8,0x002ED2E8,304
FUN_002ed2e8,0x002ED2E8,0x002ED304,28
_RwaSPU2VoiceSetLoop,0x002ED548,0x002ED588,64
_RwaSPU2VoiceSetWave,0x002ED5A0,0x002ED5E8,72
RwaStreamInterfaceRegister,0x002ED680,0x002ED6F0,112
FUN_002ed6f0,0x002ED6F0,0x002ED710,32
_RwaSPU2WaveCreate,0x002ED710,0x002ED884,372
_RwaSPU2WaveUpload,0x002ED888,0x002EDAF8,624
RwaSPU2WaveRegister,0x002EDAF8,0x002EDBB0,184
FUN_002edbb0,0x002EDBB0,0x002EDBD4,36
FUN_002edbf0,0x002EDBF0,0x002EDC18,40
FUN_002edc18,0x002EDC18,0x002EDC48,48
FUN_002edc48,0x002EDC48,0x002EDC74,44
_rwaSPU2WaveRAMOpen,0x002EDC78,0x002EDCCC,84
_rwaSPU2WaveRAMClose,0x002EDCD0,0x002EDD10,64
_rwaSPU2WaveRAMAlloc,0x002EDD10,0x002EDD78,104
_rwaSPU2WaveRAMFree,0x002EDD78,0x002EDDD0,88
_rwaSPU2WaveRAMGetAddress,0x002EDDD0,0x002EDE18,72
_rwaSPU2WaveGetSamples,0x002EDE18,0x002EDF04,236
_rwaSPU2InputAreaRAMReserveBlocks,0x002EDF08,0x002EDF48,64
_rwaSPU2InputAreaRAMFreeBlocks,0x002EDF48,0x002EDF8C,68
_RwaSPU2WaveDestroy,0x002EDF90,0x002EDFEC,92
FUN_002edff8,0x002EDFF8,0x002EE014,28
FUN_002ee018,0x002EE018,0x002EE040,40
FUN_002ee048,0x002EE048,0x002EE084,60
FUN_002ee088,0x002EE088,0x002EE09C,20
FUN_002ee0a0,0x002EE0A0,0x002EE0B4,20
FUN_002ee0b8,0x002EE0B8,0x002EE0CC,20
FUN_002ee0d0,0x002EE0D0,0x002EE0FC,44
_rwaStreamContainerCommandSetStreamGain,0x002EE100,0x002EE1D8,216
_rwaMemoryBitmapCreate,0x002EE1D8,0x002EE3F0,536
_rwaMemoryBitmapAlloc,0x002EE3F0,0x002EE558,360
_rwaAllocBitmapFree,0x002EE578,0x002EE5B8,64
_rwaAllocBitmapReserve,0x002EE5B8,0x002EE6B0,248
_rwaMemoryBitmapDestroy,0x002EE6B8,0x002EE744,140
_rwaMemoryBitmapReserve,0x002EE748,0x002EE860,280
RtDictSchemaStreamReadDict,0x002EE860,0x002EEBC4,868
RtDictSchemaInit,0x002EEBD0,0x002EEC1C,76
FUN_002eec20,0x002EEC20,0x002EEC40,32
FUN_002eec48,0x002EEC48,0x002EEC50,8
FUN_002eec50,0x002EEC50,0x002EEC5C,12
RtDictDestroy,0x002EEC60,0x002EEEC8,616
RtDictFindNamedEntry,0x002EEED0,0x002EEF80,176
_rtDictSchemaInitDict,0x002EEF90,0x002EF01C,140
_rwStreamReadSingleUVAnim,0x002EF020,0x002EF22C,524
UVAnimRead,0x002EF230,0x002EF490,608
RpMaterialUVAnimApplyUpdate,0x002EF490,0x002EF7B4,804
_rpUVAnimCustomDataStreamRead,0x002EF7B8,0x002EF83C,132
_rpUVAnimCustomDataStreamWrite,0x002EF840,0x002EF8A0,96
FUN_002ef8a0,0x002EF8A0,0x002EF8A8,8
RpHAnimPluginAttach,0x002EF8B0,0x002EF94C,156
RpUVAnimCreate,0x002EF950,0x002EFA3C,236
RpUVAnimDestroy,0x002EFA40,0x002EFAA4,100
FUN_002efaa8,0x002EFAA8,0x002EFAC0,24
FUN_002efac0,0x002EFAC0,0x002EFAC8,8
FUN_002efac8,0x002EFAC8,0x002EFAE0,24
RpMaterialUVAnimAddAnimTime,0x002EFAE8,0x002EFBC8,224
RpMaterialUVAnimExists,0x002EFBC8,0x002EFC40,120
FUN_002efc40,0x002EFC40,0x002EFC78,56
UVAnimDestructor,0x002EFC78,0x002EFD7C,260
UVAnimCopy,0x002EFD80,0x002EFF98,536
UVAnimWrite,0x002EFF98,0x002F0190,504
UVAnimSize,0x002F0190,0x002F0234,164
UVAnimOpen,0x002F0238,0x002F02B4,124
UVAnimClose,0x002F02B8,0x002F030C,84
RpUVAnimKeyFrameStreamRead,0x002F0310,0x002F03F8,232
RpUVAnimKeyFrameStreamWrite,0x002F03F8,0x002F04E8,240
FUN_002f04e8,0x002F04E8,0x002F0520,56
RpUVAnimKeyFrameInit,0x002F0520,0x002F05BC,156
RpUVAnimLinearKeyFrameMulRecip,0x002F05C0,0x002F06B4,244
RpUVAnimLinearKeyFrameApply,0x002F06B8,0x002F0720,104
RpUVAnimLinearKeyFrameBlend,0x002F0720,0x002F07C0,160
RpUVAnimLinearKeyFrameInterpolate,0x002F07C0,0x002F0874,180
RpUVAnimLinearKeyFrameAdd,0x002F0878,0x002F0928,176
FUN_002f0928,0x002F0928,0x002F0960,56
RpUVAnimParamKeyFrameApply,0x002F0960,0x002F0A3C,220
RpUVAnimParamKeyFrameBlend,0x002F0A40,0x002F0B20,224
RpUVAnimParamKeyFrameInterpolate,0x002F0B20,0x002F0C10,240
RpUVAnimParamKeyFrameDataInitFromMatrix,0x002F0C20,0x002F0D14,244
shellCoreAsciiToJis,0x002F0D18,0x002F0E68,336
sceMc2Init,0x002F0E70,0x002F1018,424
sceMc2End,0x002F1018,0x002F10F0,216
sceMc2CreateSocket,0x002F10F0,0x002F1180,144
FUN_002f1190,0x002F1190,0x002F11C8,56
sceMc2FormatAsync,0x002F11C8,0x002F1278,176
sceMc2FormatAsync,0x002F1278,0x002F1328,176
sceMc2GetInfoAsync,0x002F1328,0x002F13E8,192
sceMc2ReadFileAsync,0x002F13E8,0x002F1508,288
sceMc2ReadFileAsync,0x002F1508,0x002F1628,288
sceMc2MkdirAsync,0x002F1628,0x002F1720,248
FUN_002f1720,0x002F1720,0x002F1808,232
sceMc2GetDirAsync,0x002F1808,0x002F1938,304
sceMc2MkdirAsync,0x002F1938,0x002F1A30,248
sceMc2ChdirAsync,0x002F1A30,0x002F1B30,256
sceMc2RenameAsync,0x002F1B30,0x002F1C4C,284
basic_thread,0x002F1C50,0x002F1E68,536
sceMc2Sync2,0x002F1E68,0x002F1F0C,164
FUN_002f1f10,0x002F1F10,0x002F1F34,36
FUN_002f1f38,0x002F1F38,0x002F1F5C,36
FUN_002f1f60,0x002F1F60,0x002F1F9C,60
instr,0x002F2008,0x002F2064,92
isCorrNameSize,0x002F2068,0x002F20D4,108
isCorrFname,0x002F20D8,0x002F212C,84
isWildFit,0x002F2138,0x002F22B8,384
_strtok,0x002F22B8,0x002F23D8,288
_get_dir_nest,0x002F23D8,0x002F241C,68
_make_path,0x002F2420,0x002F25A4,388
_sceMcFatInit,0x002F25A8,0x002F2608,96
_sceMcFatInit2,0x002F2608,0x002F2670,104
_sceMcFatGetFatClustNum,0x002F2670,0x002F278C,284
_sceMcFatFlushFatCache,0x002F2790,0x002F2820,144
_sceMcFatReadFatData,0x002F2820,0x002F2938,280
_sceMcFatGetNextClust,0x002F2938,0x002F297C,68
_sceMcFatGetNextClustSelf,0x002F2980,0x002F29E4,100
_sceMcFatWriteFatData,0x002F29E8,0x002F2B18,304
_sceMcFatGetFreeClust,0x002F2B18,0x002F2C44,300
_sceMcFatGetFreeClustSize,0x002F2C48,0x002F2D1C,212
_GetEntryByPos,0x002F2D20,0x002F2EA0,384
_fat_chain_trace,0x002F2EA0,0x002F2F30,144
_reset_problem_patch,0x002F2F30,0x002F2F88,88
_sceMcFatGetInfo,0x002F2F88,0x002F3320,920
_sceMcFatFormat,0x002F3320,0x002F3C4C,2348
_sceMcFatUnFormat,0x002F3C50,0x002F3D50,256
_ConfInsert,0x002F3D50,0x002F3DF4,164
_CheckFileDiscript,0x002F3DF8,0x002F3E58,96
_SearchEntry,0x002F3E58,0x002F40CC,628
_SearchFile,0x002F40D0,0x002F4520,1104
_SetEntryByPos,0x002F4520,0x002F46C4,420
_GetFreeEntrySize,0x002F46C8,0x002F47F4,300
_CreateEntry,0x002F47F8,0x002F4CC4,1228
_ParentDirUpdate,0x002F4CC8,0x002F4DF4,300
_sceMcFatSearchFile,0x002F4DF8,0x002F4EE8,240
_sceMcFatCreateFile,0x002F4EE8,0x002F5474,1420
_sceMcFatReadFile,0x002F5478,0x002F5680,520
_sceMcFatWriteFile,0x002F5680,0x002F5C5C,1500
_sceMcFatDeleteFile,0x002F5C60,0x002F5E90,560
_sceMcFatChDir,0x002F5E90,0x002F5FB4,292
_sceMcFatGetDir,0x002F5FB8,0x002F64D4,1308
_sceMcFatSetAttr,0x002F64D8,0x002F6660,392
_sceMcFatRename,0x002F6660,0x002F67DC,380
_sceMcFatGetEntSpace,0x002F67E0,0x002F68A4,196
FUN_002f68a8,0x002F68A8,0x002F68DC,52
FUN_002f68e0,0x002F68E0,0x002F68FC,28
FUN_002f6900,0x002F6900,0x002F691C,28
FUN_002f6920,0x002F6920,0x002F693C,28
_sceMcpReadSysInfo,0x002F6940,0x002F6A54,276
_sceMcpWriteSysInfo,0x002F6A58,0x002F6B74,284
_sceMcpReadClust,0x002F6B78,0x002F6BB8,64
_sceMcpReadClust,0x002F6BB8,0x002F6BF8,64
_sceMcpFlushCache,0x002F6BF8,0x002F6C68,112
_sceMcpWriteUserClustOnCache,0x002F6C68,0x002F6FFC,916
_sceMcpReadUserClustOnCache,0x002F7000,0x002F7140,320
FUN_002f7140,0x002F7140,0x002F715C,28
FUN_002f7160,0x002F7160,0x002F717C,28
_sceMcpIsSpeckOutBlock,0x002F7180,0x002F71C8,72
_sceMcpIsSpeckOutClust,0x002F71C8,0x002F7210,72
_sceMcpMakeSpecoutBlock,0x002F7210,0x002F7384,372
SyncDma,0x002F7388,0x002F7454,204
SyncDmaForRead,0x002F7458,0x002F74AC,84
FUN_002f74b0,0x002F74B0,0x002F74DC,44
_sceMcCoreInit,0x002F74E0,0x002F7570,144
_sceMcCoreEnd,0x002F7570,0x002F75E4,116
FUN_002f75e8,0x002F75E8,0x002F7610,40
FUN_002f7610,0x002F7610,0x002F764C,60
_sceMcCoreGetCardSpec,0x002F7650,0x002F7824,468
FUN_002f7828,0x002F7828,0x002F7928,256
_sceMcCoreClearNewCardFlag,0x002F7928,0x002F7A00,216
_sceMcCoreAuthentication,0x002F7A00,0x002F7AEC,236
_sceMcCoreWriteBack,0x002F7AF0,0x002F7C28,312
_sceMcCoreReadClock,0x002F7C28,0x002F7D2C,260
_sceMcCoreReadPage2,0x002F7D30,0x002F7EC4,404
FUN_002f7ec8,0x002F7EC8,0x002F7EE4,28
_sceMcCoreWritePage,0x002F7EE8,0x002F8078,400
_sceMcCoreBlockErase,0x002F8080,0x002F81B0,304
FUN_002f81b0,0x002F81B0,0x002F81E8,56
FUN_002f81e8,0x002F81E8,0x002F8220,56
_sceMcCoreCreateSocket,0x002F8220,0x002F8340,288
_sceMcCoreChangeSocketTypeDbc2Mc,0x002F8340,0x002F8384,68
FUN_002f8388,0x002F8388,0x002F83B8,48
sceDbcGetModVersion,0x002F83B8,0x002F840C,84
sceDbcInit,0x002F8410,0x002F86B0,672
sceDbcSetWorkAddr,0x002F86B0,0x002F871C,108
sceDbcCreateSocket,0x002F8720,0x002F8850,304
sceDbcDeleteSocket,0x002F8850,0x002F890C,188
sceDbcGetConnection,0x002F8918,0x002F8A0C,244
sceDbcSendData3,0x002F8A30,0x002F8B88,344
FUN_002f8b90,0x002F8B90,0x002F8BB8,40
GetRomName,0x002F8BB8,0x002F8C28,112
IsT10K,0x002F8C28,0x002F8C68,64
sceScfGetLanguage,0x002F8C68,0x002F8CC8,96
FUN_002f8d10,0x002F8D10,0x002F8DC0,176
FUN_002f8dd0,0x002F8DD0,0x002F9158,904
FUN_002f9160,0x002F9160,0x002F922C,204
FUN_002f9230,0x002F9230,0x002F9468,568
FUN_002f9468,0x002F9468,0x002F9530,200
FUN_002f9530,0x002F9530,0x002F96E4,436
FUN_002f96e8,0x002F96E8,0x002F999C,692
FUN_002f99a0,0x002F99A0,0x002F9B10,368
FUN_002f9b10,0x002F9B10,0x002F9CD4,452
FUN_002f9cd8,0x002F9CD8,0x002F9D88,176
FUN_002f9d88,0x002F9D88,0x002F9D90,8
FUN_002f9d98,0x002F9D98,0x002F9DE0,72
FUN_002f9de8,0x002F9DE8,0x002F9E64,124
FUN_002f9e68,0x002F9E68,0x002F9E74,12
FUN_002f9e80,0x002F9E80,0x002F9EB4,52
FUN_002f9ec8,0x002F9EC8,0x002F9F40,120
FUN_002f9f40,0x002F9F40,0x002F9FB4,116
FUN_002f9fb8,0x002F9FB8,0x002F9FFC,68
FUN_002fa000,0x002FA000,0x002FA054,84
FUN_002fa080,0x002FA080,0x002FA14C,204
FUN_002fa150,0x002FA150,0x002FA164,20
FUN_002fa168,0x002FA168,0x002FA174,12
FUN_002fa178,0x002FA178,0x002FA184,12
FUN_002fa188,0x002FA188,0x002FA1F4,108
FUN_002fa1f8,0x002FA1F8,0x002FA21C,36
FUN_002fa220,0x002FA220,0x002FA244,36
FUN_002fa248,0x002FA248,0x002FA4D8,656
FUN_002fa4d8,0x002FA4D8,0x002FA798,704
FUN_002fa798,0x002FA798,0x002FABB8,1056
FUN_002fabb8,0x002FABB8,0x002FAC78,192
FUN_002fac78,0x002FAC78,0x002FAD08,144
FUN_002fad08,0x002FAD08,0x002FAEC8,448
FUN_002faec8,0x002FAEC8,0x002FB3A0,1240
FUN_002fb5c8,0x002FB5C8,0x002FB798,464
FUN_002fb798,0x002FB798,0x002FBE40,1704
FUN_002fbe40,0x002FBE40,0x002FDBE8,7592
FUN_002fdbe8,0x002FDBE8,0x002FDFC8,992
FUN_002fdfc8,0x002FDFC8,0x002FDFE8,32
FUN_002fdfe8,0x002FDFE8,0x002FE118,304
FUN_002fe118,0x002FE118,0x002FE128,16
FUN_002fe128,0x002FE128,0x002FE1C8,160
FUN_002fe1c8,0x002FE1C8,0x002FE290,200
FUN_002fe290,0x002FE290,0x002FE2E4,84
FUN_002fe2e8,0x002FE2E8,0x002FE328,64
FUN_002fe330,0x002FE330,0x002FE4B4,388
FUN_002fe4b8,0x002FE4B8,0x002FEBBC,1796
FUN_002febc0,0x002FEBC0,0x002FEE10,592
FUN_002fee10,0x002FEE10,0x002FF298,1160
FUN_002ff298,0x002FF298,0x002FF4B4,540
FUN_002ff4b8,0x002FF4B8,0x002FF6F8,576
FUN_002ff6f8,0x002FF6F8,0x002FFA24,812
FUN_002ffa28,0x002FFA28,0x002FFE50,1064
FUN_002ffe50,0x002FFE50,0x002FFFEC,412
FUN_002ffff0,0x002FFFF0,0x00300548,1368
FUN_00300548,0x00300548,0x003006C0,376
FUN_003006c0,0x003006C0,0x00300828,360
FUN_00300828,0x00300828,0x003009A8,384
FUN_003009a8,0x003009A8,0x00300A90,232
FUN_00300a90,0x00300A90,0x00300B1C,140
FUN_00300b20,0x00300B20,0x00300BB4,148
FUN_00300bb8,0x00300BB8,0x00300BEC,52
thunk_FUN_00300b20,0x00300BF0,0x00300BF8,8
FUN_00300bf8,0x00300BF8,0x00300CB4,188
FUN_00300cb8,0x00300CB8,0x00300DA4,236
FUN_00300da8,0x00300DA8,0x00300E68,192
FUN_00300e68,0x00300E68,0x00300FE4,380
FUN_00301cd8,0x00301CD8,0x00301D78,160
FUN_00301d78,0x00301D78,0x00301F18,416
FUN_00301f18,0x00301F18,0x0030222C,788
FUN_00302230,0x00302230,0x003024DC,684
FUN_003024e0,0x003024E0,0x00302580,160
FUN_00302580,0x00302580,0x003026C4,324
FUN_003026c8,0x003026C8,0x00302808,320
FUN_00302808,0x00302808,0x003028F0,232
REC_00302910,0x00302910,0x00302AF4,484
FUN_00302b18,0x00302B18,0x00302CE4,460
FUN_00302ce8,0x00302CE8,0x00302D1C,52
thunk_FUN_00300b20,0x00302D20,0x00302D28,8
FUN_00302d28,0x00302D28,0x00302E7C,340
FUN_00302e80,0x00302E80,0x00302E88,8
FUN_00302e88,0x00302E88,0x00302ED8,80
FUN_00302ed8,0x00302ED8,0x00302F64,140
FUN_00302f68,0x00302F68,0x00302FFC,148
FUN_00303000,0x00303000,0x003030F4,244
FUN_003030f8,0x003030F8,0x0030316C,116
FUN_00303170,0x00303170,0x003031E4,116
FUN_003031e8,0x003031E8,0x003032CC,228
FUN_003032d0,0x003032D0,0x00303420,336
FUN_00303420,0x00303420,0x00303488,104
FUN_00303488,0x00303488,0x003034FC,116
FUN_00303500,0x00303500,0x00303738,568
FUN_00303738,0x00303738,0x00303770,56
FUN_00303770,0x00303770,0x00303888,280
FUN_00303890,0x00303890,0x00303904,116
FUN_00303908,0x00303908,0x0030398C,132
FUN_00303990,0x00303990,0x00303A3C,172
FUN_00303a40,0x00303A40,0x00303BB4,372
FUN_00303bb8,0x00303BB8,0x00303EC4,780
FUN_00303ec8,0x00303EC8,0x00303F08,64
FUN_00303f08,0x00303F08,0x00303F94,140
FUN_00303fa8,0x00303FA8,0x00304180,472
FUN_00304180,0x00304180,0x0030424C,204
FUN_00304250,0x00304250,0x003045EC,924
FUN_003045f0,0x003045F0,0x00304640,80
FUN_00304640,0x00304640,0x00304770,304
FUN_00304778,0x00304778,0x003047B0,56
FUN_003047b0,0x003047B0,0x003047D0,32
RxPipelineNodeCreateInitData,0x003047D0,0x00304878,168
FUN_00304878,0x00304878,0x00304880,8
FUN_00304880,0x00304880,0x00304D98,1304
FUN_00304d98,0x00304D98,0x00304F30,408
FUN_00304f38,0x00304F38,0x0030504C,276
FUN_00305050,0x00305050,0x0030528C,572
FUN_003052b0,0x003052B0,0x00305348,152
FUN_00305348,0x00305348,0x003053BC,116
FUN_003053c0,0x003053C0,0x00305400,64
FUN_00305400,0x00305400,0x003054C0,192
FUN_003054c0,0x003054C0,0x0030553C,124
FUN_00305540,0x00305540,0x0030557C,60
FUN_00305580,0x00305580,0x003056D0,336
FUN_003056d0,0x003056D0,0x00305724,84
FUN_00305728,0x00305728,0x00305738,16
FUN_00305738,0x00305738,0x003057FC,196
FUN_00305800,0x00305800,0x00305BB4,948
FUN_00305bb8,0x00305BB8,0x00305E28,624
FUN_00305e28,0x00305E28,0x00306054,556
FUN_00306058,0x00306058,0x00306128,208
FUN_00306128,0x00306128,0x003061F8,208
FUN_003061f8,0x003061F8,0x00306254,92
FUN_00306258,0x00306258,0x00306320,200
FUN_00306320,0x00306320,0x00306370,80
FUN_00306370,0x00306370,0x00306698,808
FUN_00306698,0x00306698,0x0030670C,116
FUN_00306710,0x00306710,0x0030674C,60
FUN_00306750,0x00306750,0x00306880,304
FUN_00306880,0x00306880,0x0030691C,156
FUN_00306920,0x00306920,0x00306A88,360
FUN_00306a88,0x00306A88,0x00306A90,8
FUN_00306a90,0x00306A90,0x00306C38,424
FUN_00306c40,0x00306C40,0x00306DE0,416
FUN_00306eb0,0x00306EB0,0x003072F4,1092
FUN_003072f8,0x003072F8,0x003075BC,708
RxPipelineNodePS2AllSetCallBack,0x003075C0,0x00307618,88
FUN_00307620,0x00307620,0x0030764C,44
FUN_00307650,0x00307650,0x0030765C,12
FUN_00307660,0x00307660,0x0030771C,188
FUN_00307720,0x00307720,0x00307728,8
FUN_00307728,0x00307728,0x00307738,16
FUN_00307738,0x00307738,0x00307778,64
FUN_00307778,0x00307778,0x003077A0,40
FUN_003077a0,0x003077A0,0x00307830,144
FUN_00307830,0x00307830,0x00307838,8
FUN_00307838,0x00307838,0x00307964,300
FUN_00307968,0x00307968,0x00307990,40
FUN_00307990,0x00307990,0x003079AC,28
FUN_003079b0,0x003079B0,0x00307ED4,1316
FUN_00307ed8,0x00307ED8,0x00307EFC,36
FUN_00307f00,0x00307F00,0x003083A8,1192
FUN_003083a8,0x003083A8,0x00308810,1128
PS2AllMatPipelineNodeInit,0x00308810,0x00308880,112
FUN_00308888,0x00308888,0x003088F0,104
FUN_003088f0,0x003088F0,0x00308B18,552
FUN_00308b18,0x00308B18,0x00308BEC,212
FUN_00308bf0,0x00308BF0,0x00308CC0,208
FUN_00308cc0,0x00308CC0,0x00308D6C,172
FUN_00308d78,0x00308D78,0x00308DA4,44
FUN_00308da8,0x00308DA8,0x00308E08,96
FUN_00308e08,0x00308E08,0x00308EA0,152
FUN_00308ea0,0x00308EA0,0x00308EAC,12
FUN_00308eb0,0x00308EB0,0x003090F4,580
FUN_00309100,0x00309100,0x003092F4,500
modff,0x003092F8,0x00309394,156
FUN_00309398,0x00309398,0x003094E0,328
__ieee754_logf,0x003094E8,0x0030980C,804
RpCollSectorBBoxItFindNextEntries,0x00309818,0x003099F0,472
RpCollSectorBBoxItInit,0x00309A00,0x00309BC4,452
RwpJointCreate,0x00309BE8,0x00309C58,112
FUN_00309c58,0x00309C58,0x00309C8C,52
RwpJointInit,0x00309C90,0x00309D40,176
FUN_00309d40,0x00309D40,0x00309D60,32
RwpJointDefInit,0x00309DA0,0x00309EE8,328
RwpBodyDefDestroy,0x00309EF0,0x00309F34,68
FUN_00309f38,0x00309F38,0x00309F4C,20
RwpSerializeInertiaTensor,0x00309FC8,0x0030A138,368
RwpDeserializeInertiaTensor,0x0030A138,0x0030A2C0,392
RwpSerializeVolumeByType,0x0030A2C8,0x0030A948,1664
RwpDeserializeVolumeByType,0x0030A948,0x0030AB3C,500
RwpDeserializeVolumeBox,0x0030AB40,0x0030AC3C,252
RwpSerializeVolumeCylinder,0x0030AC40,0x0030AD94,340
FUN_0030ad98,0x0030AD98,0x0030AF04,364
RwpSerializeConvexHull,0x0030AF08,0x0030B0F8,496
RwpDeserializeConvexHull,0x0030B0F8,0x0030B2C4,460
RwpSerializeAggChildren,0x0030B2C8,0x0030B4D4,524
RwpDeserializeAggChildren,0x0030B4D8,0x0030B70C,564
RwpSerializeVolumeGrid,0x0030B710,0x0030B9A8,664
RwpDeserializeVolumeGrid,0x0030B9A8,0x0030BD40,920
RwpDeserializeVolumeUser,0x0030BD40,0x0030BE6C,300
RwpSerializeVolume,0x0030BE70,0x0030C1E0,880
RwpDeserializeVolume,0x0030C1E0,0x0030C5C0,992
RwpDeserializePartDef,0x0030C5C8,0x0030C9A0,984
RwpDeserializeJntLimitSizes,0x0030C9A0,0x0030CBE0,576
RwpDeserializeJntStrength,0x0030CBE0,0x0030CDA8,456
RwpDeserializeJointDef,0x0030CDA8,0x0030D278,1232
RwpDeserializeBitTable,0x0030D278,0x0030D574,764
FUN_0030d580,0x0030D580,0x0030D594,20
RwpDeserializeUInt16,0x0030D5B0,0x0030D644,148
RwpDeserializeUInt16,0x0030D650,0x0030D6E4,148
RwpDeserializeUInt32Seq,0x0030D6F0,0x0030D88C,412
RwpSerializeVolumeNull,0x0030D8B8,0x0030D918,96
RwpSerializeVolumeNull,0x0030D918,0x0030D978,96
RwpSerializeVolumeNull,0x0030D978,0x0030D9D8,96
RwpSerializeVolumeCapsule,0x0030D9D8,0x0030DAB4,220
FUN_0030dab8,0x0030DAB8,0x0030DBB0,248
FUN_0030dbb0,0x0030DBB0,0x0030DC38,136
FUN_0030dc38,0x0030DC38,0x0030DCC0,136
FUN_0030dcc0,0x0030DCC0,0x0030DDA4,228
RwpSerializeVolumeUser,0x0030DDA8,0x0030DEB4,268
RwpDeserializeVolumeNull,0x0030DEB8,0x0030DF3C,132
RwpDeserializeVolumeNull,0x0030DF40,0x0030DFC4,132
FUN_0030dfc8,0x0030DFC8,0x0030E054,140
FUN_0030e058,0x0030E058,0x0030E158,256
FUN_0030e158,0x0030E158,0x0030E1EC,148
FUN_0030e1f0,0x0030E1F0,0x0030E28C,156
FUN_0030e290,0x0030E290,0x0030E388,248
_rwpConvexGetMaximumFeature,0x0030E388,0x0030E8FC,1396
_rwpConvexHullLineSegIntersect,0x0030E900,0x0030FCE8,5096
FUN_0030fce8,0x0030FCE8,0x0030FD08,32
RwpAggregateInit,0x0030FD08,0x0030FD54,76
FUN_0030fd58,0x0030FD58,0x0030FD60,8
RwpConvexSetHull,0x0030FD60,0x0030FDB4,84
_rwpConvexGetMassProperties,0x0030FDF8,0x0030FE98,160
_rwpConvexGetBBox,0x0030FE98,0x0030FF48,176
_rwpConvexMaximumPoint,0x0030FF48,0x0030FFC0,120
FUN_0030ffc8,0x0030FFC8,0x0030FFE4,28
FUN_0030ffe8,0x0030FFE8,0x00310024,60
FUN_00310028,0x00310028,0x00310048,32
RwpConvexHullCreate,0x00310048,0x00310184,316
RwpConvexHullUpdate,0x00310188,0x003103AC,548
RwpConvexHullPrecomputeTensor,0x003103B0,0x0031054C,412
RwpConvexHullMaximumPoint,0x00310550,0x00310708,440
RwpConvexHullDestroy,0x00310708,0x00310748,64
_rwpCylinderGetBBox,0x00310748,0x003108F4,428
_rwpCylinderGetMaximumFeature,0x003108F8,0x00310C70,888
_rwpCylinderLineSegIntersect,0x00310C70,0x003114A8,2104
RwpCylinderInit,0x003114B0,0x00311500,80
FUN_00311500,0x00311500,0x00311508,8
FUN_00311508,0x00311508,0x00311510,8
_rwpCylinderGetMassProperties,0x00311550,0x003115EC,156
_rwpCylinderMaximumPoint,0x003115F0,0x00311728,312
_rwpCylinderGetDirectionalExtent,0x00311730,0x00311798,104
FUN_003117b8,0x003117B8,0x003117E8,48
_rwpPlaneGetMassProperties,0x00311810,0x00311850,64
_rwpPlaneGetBBox,0x00311850,0x00311948,248
_rwpPlaneMaximumPoint,0x00311948,0x00311994,76
_rwpPlaneGetUniqueDirections,0x003119C8,0x00311A24,92
_rwpPlaneGetDirectionalExtent,0x00311A28,0x00311A80,88
_rwpPlaneLineSegIntersect,0x00311A90,0x00311BA0,272
compVolumeIntegrals,0x00311BA0,0x003123E8,2120
RwpConvexHullGetMassProperties,0x003123E8,0x00312568,384
RwaThreadTerminate,0x00312568,0x003125AC,68
RwaSemaphoreCreate,0x003125C0,0x00312600,64
_RwaThreadCreate,0x00312608,0x003126E4,220
FUN_003126e8,0x003126E8,0x00312724,60
_RwaThreadFunc,0x00312728,0x00312784,92
FUN_00312788,0x00312788,0x00312794,12
memchr,0x00312798,0x00312884,236
memcmp,0x00312884,0x00312918,148
memmove,0x00312918,0x00312A14,252
memset,0x00312A14,0x00312ACC,184
strcat,0x00312ACC,0x00312BFC,304
strchr,0x00312BFC,0x00312D9C,416
strcmp,0x00312D9C,0x00312EE8,332
strcpy,0x00312EE8,0x00313000,280
strlen,0x00313000,0x00313144,324
strncat,0x00313148,0x003132FC,436
strncmp,0x00313300,0x003134C8,456
strncpy,0x003134C8,0x00313690,456
fclose,0x00313690,0x00313744,180
fflush,0x00313748,0x00313854,268
fileno,0x00313858,0x003138B0,88
std,0x003138B0,0x00313908,88
__sinit,0x00313918,0x003139A4,140
FUN_003139b8,0x003139B8,0x003139D8,32
FUN_003139d8,0x003139D8,0x003139FC,36
FUN_00313a00,0x00313A00,0x00313A30,48
fread,0x00313A30,0x00313B44,276
fseek,0x00313B48,0x00313F54,1036
_fwalk,0x00313F58,0x00313FEC,148
fwrite,0x00313FF0,0x00314078,136
__smakebuf,0x00314078,0x0031413C,196
printf,0x00314148,0x003141AC,100
REC_003141b8,0x003141B8,0x003141D4,28
__srefill,0x003141D8,0x00314340,360
__srget,0x00314340,0x00314388,72
snprintf,0x00314388,0x0031442C,164
sprintf,0x00314430,0x003144B0,128
sscanf,0x003144B8,0x00314550,152
__sread,0x00314550,0x003145B4,100
__swrite,0x003145B8,0x00314638,128
__sseek,0x00314638,0x003146A0,104
FUN_003146a0,0x003146A0,0x003146C0,32
__svfscanf,0x003146C0,0x003151D0,2832
__sccl,0x003151D0,0x003152C0,240
vsprintf,0x003152C0,0x00315314,84
FUN_00315320,0x00315320,0x003153A8,136
FUN_003153c8,0x003153C8,0x003153D8,16
atexit,0x003153D8,0x00315474,156
FUN_00315478,0x00315478,0x00315494,28
FUN_00315498,0x00315498,0x003154C0,40
realloc,0x003154C0,0x00315520,96
FUN_00315528,0x00315528,0x00315550,40
_findenv_r,0x00315550,0x00315680,304
realloc,0x00315688,0x003156E8,96
malloc,0x003156E8,0x00315738,80
free,0x00315738,0x00315780,72
_mbtowc_r,0x00315780,0x00315ACC,844
__malloc_lock,0x00315AD0,0x00315B30,96
__malloc_unlock,0x00315B30,0x00315B70,64
qsort,0x00315B70,0x0031654C,2524
FUN_00316550,0x00316550,0x00316580,48
realloc,0x00316580,0x003165E0,96
_strtod_r,0x003165E0,0x003174D8,3832
FUN_003174d8,0x003174D8,0x00317504,44
_strtoul_r,0x00317510,0x00317720,528
FUN_00317720,0x00317720,0x00317754,52
FUN_00317758,0x00317758,0x00317774,28
strcasecmp,0x00317778,0x003177F4,124
strupr,0x003177F8,0x00317874,124
strncasecmp,0x00317878,0x0031793C,196
strrchr,0x00317940,0x0031798C,76
strstr,0x00317990,0x00317A04,116
FUN_00317a08,0x00317A08,0x00317A2C,36
strtok_r,0x00317A30,0x00317ACC,156
strupr,0x00317AD0,0x00317B4C,124
wcscat,0x00317B50,0x00317BC4,116
wcscmp,0x00317BC8,0x00317C1C,84
wcslen,0x00317C20,0x00317C60,64
strround,0x00317C60,0x00317CCC,108
strrev,0x00317CD0,0x00317D48,120
itoa,0x00317D48,0x00317DE4,156
fftoa,0x00317DE8,0x003183A4,1468
_vfwrite,0x003183A8,0x003184B0,264
vfprintf,0x003184B0,0x0031857C,204
_vfprintf_r,0x00318580,0x003195C4,4164
add_separators,0x003195C8,0x00319778,432
_vfwrite,0x00319778,0x00319880,264
_vfiprintf_r,0x00319880,0x0031A784,3844
wstrround,0x0031A788,0x0031A7F4,108
wstrrev,0x0031A7F8,0x0031A870,120
witoa,0x0031A870,0x0031A914,164
wfftoa,0x0031A918,0x0031AF9C,1668
vfwprintf,0x0031AFA0,0x0031B064,196
_vfwrite,0x0031B068,0x0031B170,264
_wwrite,0x0031B170,0x0031B274,260
vfwprintf_r,0x0031B278,0x0031C2BC,4164
wadd_separators,0x0031C2C0,0x0031C478,440
_vfwiprintf_r,0x0031C478,0x0031D38C,3860
malloc_extend_top,0x0031D390,0x0031D5F4,612
_malloc_r,0x0031D5F8,0x0031DD28,1840
_free_r,0x0031DD28,0x0031E01C,756
_malloc_trim_r,0x0031E020,0x0031E18C,364
_realloc_r,0x0031E190,0x0031E70C,1404
_calloc_r,0x0031E710,0x0031E7CC,188
FUN_0031e7d0,0x0031E7D0,0x0031E9A0,464
_strtol_r,0x0031E9A0,0x0031EBCC,556
FUN_0031ebd0,0x0031EBD0,0x0031EC04,52
FUN_0031ec08,0x0031EC08,0x0031EC28,32
FUN_0031ec28,0x0031EC28,0x0031EC48,32
FUN_0031ec48,0x0031EC48,0x0031EC54,12
FUN_0031ec60,0x0031EC60,0x0031EC84,36
sn_floor,0x0031EC88,0x0031EE74,492
sn_fmod,0x0031EE78,0x0031F2BC,1092
sn_log,0x0031F2C0,0x0031F8D4,1556
sn_log10,0x0031F8D8,0x0031FA80,424
_close_r,0x0031FA80,0x0031FAD8,88
_fstat_r,0x0031FAD8,0x0031FB34,92
_read_r,0x0031FB38,0x0031FB98,96
_read_r,0x0031FB98,0x0031FBF8,96
_sbrk_r,0x0031FBF8,0x0031FC54,92
_read_r,0x0031FC58,0x0031FCB8,96
__sfvwrite,0x0031FCB8,0x0032007C,964
ungetc,0x00320080,0x00320214,404
__swsetup,0x00320218,0x00320300,232
FUN_00320300,0x00320300,0x00320308,8
FUN_00320308,0x00320308,0x00320310,8
_Balloc,0x00320310,0x003203B8,168
FUN_003203b8,0x003203B8,0x003203EC,52
_multadd,0x003203F0,0x003204F8,264
_s2b,0x003204F8,0x0032062C,308
hi0bits,0x00320630,0x003206B4,132
lo0bits,0x003206B8,0x00320778,192
FUN_00320778,0x00320778,0x003207B0,56
_multiply,0x003207B0,0x003209B8,520
_pow5mult,0x003209B8,0x00320AB8,256
_lshift,0x00320AB8,0x00320C0C,340
cmp,0x00320C10,0x00320C78,104
__mdiff,0x00320C78,0x00320E04,396
_ulp,0x00320E08,0x00320ED0,200
_b2d,0x00320ED0,0x00321068,408
_d2b,0x00321068,0x003211E4,380
_ratio,0x003211E8,0x003212A8,192
wcscpy,0x003212B0,0x0032130C,92
wmemchr,0x00321310,0x003213C8,184
FUN_003213c8,0x003213C8,0x003213F4,44
SetGsCrt,0x00321420,0x00321430,16
_Exit,0x00321440,0x00321450,16
AddIntcHandler,0x00321500,0x00321510,16
AddIntcHandler,0x00321510,0x00321520,16
RemoveIntcHandler,0x00321520,0x00321530,16
AddDmacHandler,0x00321530,0x00321540,16
AddDmacHandler,0x00321540,0x00321550,16
RemoveDmacHandler,0x00321550,0x00321560,16
_EnableIntc,0x00321560,0x00321570,16
_DisableIntc,0x00321570,0x00321580,16
_EnableDmac,0x00321580,0x00321590,16
_DisableDmac,0x00321590,0x003215A0,16
CreateThread,0x00321620,0x00321630,16
DeleteThread,0x00321630,0x00321640,16
_StartThread,0x00321640,0x00321650,16
ExitDeleteThread,0x00321660,0x00321670,16
TerminateThread,0x00321670,0x00321680,16
ChangeThreadPriority,0x003216B0,0x003216C0,16
RotateThreadReadyQueue,0x003216D0,0x003216E0,16
GetThreadId,0x00321710,0x00321720,16
ReferThreadStatus,0x00321720,0x00321730,16
SleepThread,0x00321740,0x00321750,16
WakeupThread,0x00321750,0x00321760,16
_iWakeupThread,0x00321760,0x00321770,16
SuspendThread,0x00321790,0x003217A0,16
EndOfHeap,0x00321800,0x00321810,16
CreateSema,0x00321820,0x00321830,16
DeleteSema,0x00321830,0x00321840,16
SignalSema,0x00321840,0x00321850,16
iSignalSema,0x00321850,0x00321860,16
WaitSema,0x00321860,0x00321870,16
PollSema,0x00321870,0x00321880,16
iPollSema,0x00321880,0x00321890,16
ReferSemaStatus,0x00321890,0x003218A0,16
iReferSemaStatus,0x003218A0,0x003218B0,16
SetOsdConfigParam,0x003218C0,0x003218D0,16
GetOsdConfigParam,0x003218D0,0x003218E0,16
FlushCache,0x00321AA0,0x00321AB0,16
iFlushCache,0x00321AD0,0x00321AE0,16
sceSifStopDma,0x00321AF0,0x00321B00,16
GsGetIMR,0x00321B40,0x00321B50,16
GsPutIMR,0x00321B60,0x00321B70,16
SetVSyncFlag,0x00321B90,0x00321BA0,16
sceSifDmaStat,0x00321BC0,0x00321BD0,16
sceSifSetDma,0x00321BE0,0x00321BF0,16
isceSifSetDma,0x00321BF0,0x00321C00,16
sceSifSetDChain,0x00321C00,0x00321C10,16
isceSifSetDChain,0x00321C10,0x00321C20,16
sceSifSetReg,0x00321C20,0x00321C30,16
sceSifGetReg,0x00321C30,0x00321C40,16
Deci2Call,0x00321C50,0x00321C60,16
GetMemorySize,0x00321C80,0x00321C90,16
_InitTLB,0x00321C90,0x00321CA0,16
FUN_00321ca0,0x00321CA0,0x00321CAC,12
VSync,0x00321CB0,0x00321D40,144
VSync2,0x00321D40,0x00321DE4,164
write,0x00321DE8,0x00321E64,124
read,0x00321E68,0x00321EDC,116
FUN_00321ee0,0x00321EE0,0x00321F08,40
FUN_00321f08,0x00321F08,0x00321F10,8
FUN_00321f10,0x00321F10,0x00321F18,8
sbrk,0x00321F18,0x00321FC4,172
FUN_00321fc8,0x00321FC8,0x00321FD0,8
FUN_00321fd0,0x00321FD0,0x00321FE4,20
_sceSDC,0x00321FE8,0x0032208C,164
SyncDCache,0x00322090,0x0032210C,124
FUN_00322118,0x00322118,0x003221BC,164
SyncDCache,0x003221C0,0x0032223C,124
FUN_00322248,0x00322248,0x00322258,16
EnableIntc,0x00322258,0x003222C0,104
EnableIntc,0x003222C0,0x00322328,104
EnableIntc,0x00322328,0x00322390,104
EnableIntc,0x00322390,0x003223F8,104
topThread,0x003223F8,0x003224D0,216
InitThread,0x003224D0,0x003225BC,236
iWakeupThread,0x003225C0,0x00322654,148
DelayThread,0x00322660,0x00322728,200
StartThread,0x00322728,0x003228A0,376
FUN_003228a0,0x003228A0,0x003228C8,40
FUN_003228c8,0x003228C8,0x003228EC,36
FUN_003228f0,0x003228F0,0x0032292C,60
FUN_00322930,0x00322930,0x0032296C,60
sceTtyHandler,0x00322970,0x00322B04,404
sceTtyWrite,0x00322B08,0x00322C7C,372
sceTtyRead,0x00322C80,0x00322D50,208
sceTtyInit,0x00322D50,0x00322E0C,188
FUN_00322e10,0x00322E10,0x00322E48,56
deci2Putchar,0x00322E48,0x00322EF8,176
FUN_00322ef8,0x00322EF8,0x00322F2C,52
ftoi,0x00322F30,0x00322FC0,144
printfloat,0x00322FC0,0x00323198,472
_sceSnprintf,0x00323198,0x00323EAC,3348
FUN_00323f08,0x00323F08,0x00323F30,40
FUN_00323f30,0x00323F30,0x00323F58,40
_sceSnprintf_pf,0x00323F58,0x00323FA4,76
FUN_00323fa8,0x00323FA8,0x00323FF0,72
scePrintf,0x00323FF0,0x00324070,128
scePrintf,0x00324070,0x003240F0,128
FUN_00324120,0x00324120,0x00324138,24
sceSifInitCmd,0x00324148,0x003243C8,640
FUN_003243c8,0x003243C8,0x003243FC,52
FUN_00324400,0x00324400,0x00324418,24
sceSifAddCmdHandler,0x00324418,0x00324490,120
sceSifRemoveCmdHandler,0x00324490,0x003244DC,76
_sceSifSendCmd,0x003244E0,0x00324614,308
FUN_00324618,0x00324618,0x00324654,60
FUN_00324658,0x00324658,0x00324694,60
_sceSifCmdIntrHdlr,0x00324698,0x003247E0,328
sceSifWriteBackDCache,0x003247E0,0x0032488C,172
sceSifInitRpc,0x00324890,0x00324A2C,412
FUN_00324a30,0x00324A30,0x00324A54,36
_sceRpcGetPacket,0x00324A58,0x00324B00,168
FUN_00324b00,0x00324B00,0x00324B1C,28
FUN_00324b20,0x00324B20,0x00324B50,48
_sceRpcGetFPacket2,0x00324B50,0x00324B90,64
_request_end,0x00324B90,0x00324C5C,204
_alarm_rdata,0x00324C60,0x00324CA0,64
_request_rdata,0x00324CA0,0x00324D70,208
_search_svdata,0x00324D78,0x00324DC4,76
_alarm_bind,0x00324DC8,0x00324E08,64
_request_bind,0x00324E08,0x00324ED4,204
sceSifBindRpc,0x00324ED8,0x00325024,332
_request_call,0x00325028,0x003250B4,140
sceSifCallRpc,0x003250B8,0x003252B8,512
FUN_003252b8,0x003252B8,0x003252F4,60
_sceFsIobSemaMK,0x00325310,0x00325380,112
new_iob,0x00325388,0x00325410,136
sceFsSifCallRpc,0x00325410,0x003254FC,236
get_iob,0x00325500,0x0032556C,108
_sceFs_Rcv_Intr,0x00325570,0x00325924,948
FUN_00325928,0x00325928,0x0032597C,84
FUN_00325980,0x00325980,0x003259AC,44
FUN_003259b0,0x003259B0,0x003259BC,12
_sceFs_Poff_Intr,0x003259C0,0x00325A04,68
sceFsInit,0x00325A08,0x00325C10,520
_fs_version,0x00325C10,0x00325C9C,140
FUN_00325ca0,0x00325CA0,0x00325CD4,52
sceOpen,0x00325CD8,0x00325F68,656
sceClose,0x00325F68,0x003260E0,376
FUN_003260e0,0x003260E0,0x0032631C,572
sceRead,0x00326320,0x0032658C,620
FUN_00326590,0x00326590,0x00326918,904
FUN_00326948,0x00326948,0x00326AFC,436
sceSifInitIopHeap,0x00326B28,0x00326BB0,136
sceSifAllocIopHeap,0x00326BB0,0x00326C20,112
FUN_00326c20,0x00326C20,0x00326C98,120
FUN_00326c98,0x00326C98,0x00326CB4,28
_lf_bind,0x00326CC8,0x00326DC8,256
_fs_version,0x00326DC8,0x00326E54,140
_sceSifLoadModule,0x00326E68,0x0032708C,548
FUN_00327090,0x00327090,0x003270B0,32
sceSifResetIop,0x003270D8,0x0032722C,340
sceSifSyncIop,0x00327230,0x00327280,80
sceSifRebootIop,0x00327280,0x00327390,272
DIntr,0x00327390,0x003273E0,80
FUN_003273e0,0x003273E0,0x003273F8,24
supplement_crt0,0x003273F8,0x00327458,96
kFindAddress,0x00327498,0x003274D8,64
FUN_003274d8,0x003274D8,0x003274E8,16
InitSystemCallTableAddress,0x003274F0,0x003275EC,252
RFU116_SetSyscall,0x003275F0,0x00327600,16
_InitSys,0x00327600,0x00327654,84
RFU116_SetSyscall,0x00327658,0x00327668,16
FUN_00327668,0x00327668,0x00327678,16
RFU091,0x003276B0,0x003276C0,16
PatchIsNeeded,0x003276C0,0x00327728,104
InitExecPS2,0x00327728,0x003277D4,172
thunk_FUN_00328c20,0x00327808,0x00327810,8
FUN_00327810,0x00327810,0x00327838,40
RFU116_SetSyscall,0x00327840,0x00327850,16
FUN_00327850,0x00327850,0x00327860,16
RFU091,0x00327898,0x003278A8,16
InitAlarm,0x003278A8,0x0032797C,212
SetT2,0x00327980,0x003279E8,104
FUN_003279f0,0x003279F0,0x00327A00,16
FUN_00327a00,0x00327A00,0x00327A10,16
FUN_00327a10,0x00327A10,0x00327A20,16
InitTimer,0x00327A20,0x00327B74,340
StartTimerSystemTime,0x00327B80,0x00327C10,144
SetNextComp,0x00327C18,0x00327DA8,400
InsertAlarm,0x00327DA8,0x00327E2C,132
FUN_00327e30,0x00327E30,0x00327E68,56
cbTimerHandler,0x00327E68,0x0032810C,676
iGetTimerSystemTime,0x00328110,0x0032815C,76
FUN_00328160,0x00328160,0x003281DC,124
iAllocTimerCounter,0x003281E0,0x00328250,112
AllocTimerCounter,0x00328250,0x00328298,72
iStartTimerCounter,0x003282A8,0x00328354,172
StartTimerCounter,0x00328358,0x003283A4,76
iSetTimerHandler,0x003283D8,0x003284CC,244
SetTimerHandler,0x003284D0,0x0032854C,124
TimerUSec2BusClock,0x00328550,0x003285C0,112
_InitAlarm,0x003285D0,0x0032861C,76
AlarmHandler,0x00328620,0x0032867C,92
SetTimerAlarm,0x00328680,0x003287AC,300
iSetTimerAlarm,0x003287B0,0x003288A0,240
FUN_003288a0,0x003288A0,0x003288C4,36
sceSifExecNotifyHandler,0x003288D8,0x00328980,168
sceDeci2Open,0x00328980,0x003289C4,68
FUN_003289d0,0x003289D0,0x00328A00,48
FUN_00328a00,0x00328A00,0x00328A24,36
FUN_00328a30,0x00328A30,0x00328A64,52
FUN_00328a68,0x00328A68,0x00328A9C,52
FUN_00328ab0,0x00328AB0,0x00328AD4,36
FUN_00328ae0,0x00328AE0,0x00328AF0,16
RFU091,0x00328B28,0x00328B38,16
RFU116_SetSyscall,0x00328B38,0x00328B48,16
InitTLBFunctions,0x00328B48,0x00328C0C,196
RFU086_WaitEvnetFlag,0x00328C10,0x00328C20,16
InitTLB,0x00328C20,0x00328C60,64
InitTLB32MB,0x00328C60,0x00328E54,500
_kExitTLBHandler,0x00328EC0,0x00328FB4,244
__divdi3,0x00328FE0,0x003296CC,1772
__fixdfdi,0x003296D0,0x0032972C,92
FUN_00329730,0x00329730,0x0032976C,60
__fixunsdfdi,0x00329770,0x0032985C,236
__moddi3,0x00329860,0x00329EC8,1640
__umoddi3,0x00329EC8,0x0032A408,1344
FUN_0032a408,0x0032A408,0x0032A41C,20
REC_00687ba0,0x00687BA0,0x00687C24,132
FUN_002d9c28,0x002D9C28,0x002D9C48,32
FUN_001e3298,0x001E3298,0x001E3338,160
FUN_0024a3d0,0x0024A3D0,0x0024A408,56
FUN_0024a390,0x0024A390,0x0024A3AC,28
FUN_0025bb00,0x0025BB00,0x0025BB1C,28
FUN_00276c30,0x00276C30,0x00276C58,40
